1
0
2
0 0 2 9 20 0 0 0 1 0
1 1 16 9 20 0 0 0 1 0
50 50
50 50 0 0 0 0
2
0 0 0 0
0 0 0 0
0
8.4664 9.6206 11.0304 10.0311 10.5488 8.4533 10.3440 8.8264 10.4545 8.8846 7.9681 9.6289 8.0904 10.8607 7.8860 10.8062 9.0935 11.4639 9.4472 
8.9742 10.1918 9.7866 9.7468 8.8481 9.8982 9.3636 11.2981 8.2811 11.1923 8.5761 9.9232 10.4866 11.1242 8.6306 7.9203 7.9248 11.5288 8.8959 
9.2233 8.5707 10.2779 10.6520 9.2306 9.1601 8.6229 9.5935 8.0509 9.1259 9.2556 11.5672 9.5482 10.3551 7.8465 9.2506 8.0544 8.3185 7.9310 
10.0213 9.2112 10.5846 11.4338 8.2981 8.5531 10.2073 10.0813 10.2156 11.3573 10.7167 10.2603 9.1042 8.9859 9.7624 10.3724 7.8160 9.5445 11.4693 
8.3817 11.1150 11.2975 8.8275 7.8762 8.9633 9.1688 9.4843 10.4356 8.4314 10.4714 8.1789 9.2642 9.0818 9.3562 9.5648 7.8597 11.3952 10.0452 
11.5898 11.1311 10.1030 7.9284 10.7191 8.7323 11.5388 8.3808 11.4841 8.2572 7.8911 10.6821 10.5883 9.6936 9.6865 8.2882 10.7637 7.8035 10.3023 
10.8249 8.4530 11.2536 8.3726 11.5375 10.8642 9.1920 11.1137 9.2881 7.9887 8.1676 8.0957 8.4192 8.2547 9.4488 8.6304 10.9635 10.8800 7.9295 
10.6703 9.4923 10.1912 11.4620 10.9357 9.6270 9.4914 11.2444 8.3246 9.6399 10.3304 7.8775 9.1668 9.3572 7.7812 9.7152 9.5791 9.4167 8.0063 
9.5053 9.4338 10.0961 8.0879 10.5050 8.0480 11.2101 11.0483 7.7827 8.9762 9.2816 7.7656 9.5932 8.4886 10.6806 8.2172 8.3096 8.3877 9.5213 
8.5350 10.9322 9.6959 9.8865 9.4885 7.7840 8.7952 10.7599 8.0740 11.4205 9.3392 10.7215 11.4934 10.8557 9.4369 8.1928 10.9097 8.5049 9.1471 
11.4324 8.8983 7.9708 10.0556 9.5402 8.0095 10.7093 9.1561 7.7676 9.1858 9.0234 11.4870 7.8167 7.9622 9.2051 9.4372 10.1260 7.9322 9.5131 
8.4296 8.8130 10.2215 9.3037 9.2293 8.6611 9.3540 9.4864 7.7897 10.8684 10.3353 8.4465 11.4676 10.4705 9.6935 10.7015 9.6009 9.2314 8.3854 
10.1191 8.3268 11.2278 8.0876 9.7199 8.4021 8.1914 8.9525 9.0051 11.3000 10.1126 8.3214 11.5435 11.4885 8.7605 10.2655 7.9479 9.5264 8.2348 
9.4258 9.9665 8.9704 9.6494 8.9213 8.1012 10.3407 10.4129 9.8695 8.0007 9.6664 8.9615 9.3455 7.8572 8.1695 9.5450 10.9407 11.2060 9.1418 
9.6717 9.3360 8.4353 9.8008 8.5942 8.4197 11.2708 9.0053 8.7929 8.3298 9.5843 9.9235 9.2306 7.8491 11.2518 9.3123 8.4631 9.0063 10.9828 
11.2566 10.7523 9.0983 11.1221 9.0401 9.6973 11.5840 8.8528 11.5366 10.6523 10.3179 11.1022 11.4118 7.8782 9.4937 9.4341 10.2155 8.0145 11.1766 
7.9215 8.1708 9.1755 8.3362 8.3369 8.7909 9.1085 10.4270 8.7491 10.6342 9.6070 10.1243 10.0434 8.3922 9.4502 8.0039 9.0847 9.7180 10.4957 
11.1457 11.5968 10.7978 10.1388 9.8577 8.0896 11.5767 8.3981 9.0410 11.4125 8.3200 8.0600 10.0757 9.8316 8.9817 10.2207 8.5052 8.2317 8.7423 
10.2491 9.8478 8.5067 9.1334 7.9619 8.8402 10.6540 8.2431 8.3664 8.3027 9.1728 10.2855 10.5992 8.5986 8.9339 10.1387 10.3802 8.5212 10.5224 
10.2869 9.6011 9.8182 9.2580 11.3539 11.3327 7.9471 11.1708 10.4734 10.7461 9.8021 10.6510 9.1060 8.2874 8.0152 10.8492 9.9859 8.9718 8.7731 
11.3900 9.1211 11.4142 11.4881 8.0832 9.4823 8.1365 8.9926 8.7389 11.4843 9.1149 10.5528 10.6057 8.8898 9.2215 9.6649 11.2219 10.9720 10.1069 
11.0451 7.9507 11.6175 10.8979 11.2875 10.0329 8.5808 8.0905 9.7616 10.0181 9.4499 8.3079 9.7626 8.5826 10.2367 11.5596 8.3009 10.1161 8.3133 
10.9477 8.7229 8.5196 10.6076 7.9049 10.7076 9.4979 8.2672 11.4246 10.2590 10.7334 9.0574 8.4918 10.0312 10.6391 10.7659 11.5778 7.8933 9.4562 
10.3177 9.1817 11.2271 9.8157 10.4359 10.8174 11.1014 9.1132 11.5667 9.3463 9.4249 10.9316 10.7038 9.0945 8.0984 9.3027 11.1838 9.4421 9.0620 
7.9785 10.0963 11.0782 7.9819 9.1371 11.0430 10.1581 9.9412 10.6988 11.3980 10.4764 10.0234 9.5490 10.0253 11.0491 10.0637 8.6963 9.4603 11.1581 
9.4321 8.7753 8.3856 8.6257 8.7667 8.9508 11.0605 9.9360 10.8147 10.6064 10.2280 11.4586 8.8507 9.2403 8.8974 9.5494 10.4879 7.8763 10.0152 
10.4311 8.2588 9.6907 10.8937 10.2309 11.2597 9.5236 9.7815 11.1784 10.3041 8.6207 9.3046 9.8369 10.7091 9.9194 11.5045 8.8911 11.2408 9.4821 
11.4164 11.6083 10.3324 9.7769 9.2396 8.8835 8.9677 10.5269 9.7850 11.5862 9.1386 8.9216 8.1646 8.2672 10.3321 10.0635 11.1318 11.5481 8.9327 
8.6958 10.9892 11.3318 10.2555 8.8763 10.8204 10.3341 9.6661 8.5440 7.8520 9.7376 8.6603 9.9327 9.9617 8.0306 9.7211 9.5710 8.3707 8.1235 
10.5333 10.7756 9.8444 11.0438 8.1825 7.9232 9.6203 10.9566 8.4177 10.3070 8.2328 10.6922 11.5976 8.4895 9.7579 8.7917 8.3388 8.1419 11.0379 
8.9530 10.5078 9.0311 8.8426 8.0470 8.4914 8.7845 11.3991 9.9153 9.0067 10.7018 10.7796 10.7882 10.3650 10.9848 9.0945 8.1367 9.7999 11.1301 
7.9499 8.2701 9.7069 8.3507 8.0069 9.0974 10.1349 11.0457 10.2295 11.3686 11.3524 10.9184 11.4604 8.4333 11.2274 8.3270 8.0487 11.1775 10.7142 
11.1758 8.6847 8.0633 10.4656 8.7519 10.0095 9.5427 8.5143 11.1862 8.3531 7.7748 9.3322 10.1122 11.0049 9.1716 8.5796 9.3282 8.9070 7.9463 
9.4761 10.5573 9.2896 10.2152 10.2412 11.1632 9.3838 8.7706 9.7478 7.7678 11.1378 7.9581 10.3878 7.8076 9.8728 10.8641 10.8224 10.9694 10.8322 
11.6017 10.4678 7.9029 9.5298 10.6255 8.4562 11.2896 9.9897 9.1756 7.8415 10.5454 10.6869 10.9920 8.4349 8.3684 10.8632 11.3242 8.7303 11.3306 
11.0404 10.1605 8.6099 9.8702 10.0354 10.0087 10.4001 8.6543 9.1871 8.5615 11.3935 10.8704 9.8367 8.3919 8.4943 11.4915 10.5822 8.5395 11.3842 
11.6247 9.1574 8.6285 11.3467 10.2147 9.9638 8.4666 9.1228 9.1585 11.5966 9.3124 7.8245 10.8562 8.3687 8.6672 10.4437 7.8472 9.9517 8.1850 
9.4834 11.2007 10.9558 7.8442 11.2558 9.8855 9.4827 7.7775 8.0953 9.6497 10.6581 11.5035 7.9684 9.7209 11.3688 8.1972 11.2855 8.9133 9.8472 
2
0
2
0 0 3 9 20 0 1 0 1 0
1 1 15 9 20 0 1 0 1 0
53 53
50 50 0 0 0 0
2
0 0 0 0
0 0 0 0
0
8.2154 9.3350 10.7025 9.7332 10.2353 8.2027 10.0367 8.5646 10.1439 8.6211 7.7321 9.3430 7.8507 10.5379 7.6524 10.4850 8.8237 11.1230 9.1668 
8.7080 9.8890 9.4960 9.4574 8.5857 9.6043 9.0857 10.9622 8.0357 10.8595 8.3218 9.6285 10.1750 10.7935 8.3747 7.6857 7.6901 11.1859 8.6320 
8.9496 8.3166 9.9726 10.3354 8.9567 8.8883 8.3672 9.3087 7.8124 8.8551 8.9809 11.2232 9.2648 10.0474 7.6141 8.9761 7.8158 8.0719 7.6961 
9.7237 8.9379 10.2701 11.0938 8.0522 8.2995 9.9041 9.7819 9.9121 11.0196 10.3982 9.9555 8.8341 8.7193 9.4725 10.0642 7.5845 9.2612 11.1282 
8.1332 10.7846 10.9616 8.5657 7.6429 8.6974 8.8967 9.2028 10.1255 8.1815 10.1603 7.9365 8.9893 8.8123 9.0785 9.2809 7.6269 11.0563 9.7468 
11.2451 10.8002 9.8029 7.6935 10.4005 8.4733 11.1956 8.1324 11.1426 8.0125 7.6574 10.3646 10.2737 9.4058 9.3989 8.0426 10.4438 7.5724 9.9962 
10.5032 8.2024 10.9190 8.1244 11.1944 10.5413 8.9192 10.7833 9.0125 7.7520 7.9256 7.8558 8.1696 8.0101 9.1683 8.3745 10.6376 10.5566 7.6946 
10.3532 9.2105 9.8885 11.1211 10.6106 9.3412 9.2097 10.9101 8.0779 9.3537 10.0235 7.6442 8.8948 9.0795 7.5508 9.4267 9.2947 9.1372 7.7691 
9.2231 9.1538 9.7962 7.8483 10.1929 7.8096 10.8768 10.7199 7.5522 8.7099 9.0062 7.5356 9.3084 8.2369 10.3632 7.9737 8.0633 8.1391 9.2387 
8.2820 10.6072 9.4080 9.5929 9.2068 7.5535 8.5343 10.4401 7.8348 11.0809 9.0620 10.4029 11.1516 10.5330 9.1568 7.9500 10.5854 8.2528 8.8757 
11.0924 8.6344 7.7347 9.7569 9.2570 7.7722 10.3910 8.8844 7.5376 8.9132 8.7557 11.1454 7.5852 7.7263 8.9319 9.1571 9.8252 7.6972 9.2307 
8.1797 8.5516 9.9179 9.0276 8.9554 8.4043 9.0764 9.2048 7.5590 10.5453 10.0282 8.1961 11.1266 10.1594 9.4057 10.3835 9.3159 8.9575 8.1368 
9.8185 8.0800 10.8940 7.8480 9.4313 8.1530 7.9487 8.6869 8.7379 10.9640 9.8122 8.0748 11.2002 11.1468 8.5007 9.9605 7.7125 9.2436 7.9908 
9.1460 9.6705 8.7043 9.3629 8.6567 7.8612 10.0335 10.1035 9.5764 7.7637 9.3794 8.6957 9.0681 7.6245 7.9274 9.2617 10.6155 10.8728 8.8705 
9.3845 9.0589 8.1852 9.5098 8.3394 8.1701 10.9357 8.7381 8.5321 8.0829 9.2998 9.6288 8.9567 7.6166 10.9172 9.0359 8.2122 8.7391 10.6563 
10.9219 10.4327 8.8284 10.7914 8.7719 9.4094 11.2395 8.5902 11.1935 10.3357 10.0114 10.7721 11.0724 7.6449 9.2119 9.1541 9.9120 7.7771 10.8443 
7.6869 7.9287 8.9032 8.0891 8.0898 8.5302 8.8382 10.1172 8.4896 10.3182 9.3218 9.8236 9.7451 8.1434 9.1697 7.7668 8.8152 9.4295 10.1838 
10.8143 11.2519 10.4769 9.8376 9.5650 7.8499 11.2324 8.1492 8.7728 11.0731 8.0734 7.8212 9.7764 9.5397 8.7152 9.9171 8.2530 7.9877 8.4830 
9.9446 9.5554 8.2545 8.8624 7.7260 8.5780 10.3374 7.9988 8.1184 8.0566 8.9006 9.9799 10.2842 8.3436 8.6689 9.8375 10.0718 8.2686 10.2097 
9.9813 9.3161 9.5267 8.9833 11.0163 10.9957 7.7117 10.8387 10.1622 10.4267 9.5110 10.3345 8.8358 8.0418 7.7777 10.5267 9.6893 8.7056 8.5129 
11.0513 8.8505 11.0748 11.1465 7.8437 9.2008 7.8954 8.7258 8.4797 11.1428 8.8445 10.2392 10.2905 8.6261 8.9479 9.3780 10.8882 10.6458 9.8067 
10.7167 7.7152 11.2720 10.5740 10.9519 9.7349 8.3264 7.8508 9.4718 9.7206 9.1694 8.0617 9.4727 8.3281 9.9326 11.2158 8.0549 9.8156 8.0669 
10.6223 8.4642 8.2670 10.2924 7.6708 10.3894 9.2160 8.0222 11.0849 9.9542 10.4144 8.7887 8.2400 9.7333 10.3229 10.4459 11.2335 7.6595 9.1755 
10.0112 8.9092 10.8933 9.5242 10.1258 10.4959 10.7714 8.8428 11.2227 9.0689 9.1452 10.6067 10.3857 8.8247 7.8584 9.0266 10.8513 9.1618 8.7931 
7.7421 9.7964 10.7489 7.7454 8.8660 10.7147 9.8564 9.6460 10.3808 11.0591 10.1651 9.7257 9.2655 9.7275 10.7206 9.7648 8.4384 9.1795 10.8264 
9.1521 8.5150 8.1370 8.3699 8.5067 8.6853 10.7317 9.6409 10.4933 10.2912 9.9242 11.1178 8.5882 8.9661 8.6335 9.2659 10.1763 7.6430 9.7177 
10.1212 8.0140 9.4030 10.5699 9.9270 10.9249 9.2409 9.4911 10.8460 9.9980 8.3651 9.0285 9.5448 10.3908 9.6248 11.1624 8.6274 10.9066 9.2006 
11.0769 11.2631 10.0254 9.4866 8.9654 8.6200 8.7017 10.2141 9.4945 11.2416 8.8674 8.6570 7.9227 8.0222 10.0251 9.7646 10.8008 11.2047 8.6677 
8.4379 10.6625 10.9948 9.9508 8.6130 10.4988 10.0271 9.3791 8.2907 7.6194 9.4485 8.4035 9.6377 9.6658 7.7927 9.4325 9.2869 8.1226 7.8828 
10.2203 10.4553 9.5521 10.7155 7.9400 7.6885 9.3347 10.6309 8.1682 10.0008 7.9888 10.3744 11.2527 8.2378 9.4682 8.5309 8.0916 7.9006 10.7098 
8.6874 10.1956 8.7632 8.5803 7.8086 8.2397 8.5240 11.0601 9.6208 8.7395 10.3837 10.4592 10.4676 10.0571 10.6583 8.8247 7.8956 9.5089 10.7992 
7.7144 8.0250 9.4187 8.1032 7.7697 8.8275 9.8339 10.7173 9.9256 11.0305 11.0148 10.5938 11.1196 8.1833 10.8936 8.0802 7.8102 10.8452 10.3958 
10.8435 8.4272 7.8244 10.1546 8.4923 9.7122 9.2594 8.2619 10.8536 8.1055 7.5446 9.0552 9.8118 10.6778 8.8995 8.3252 9.0514 8.6428 7.7109 
9.1948 10.2436 9.0139 9.9117 9.9370 10.8313 9.1053 8.5105 9.4584 7.5378 10.8067 7.7224 10.0792 7.5764 9.5796 10.5412 10.5007 10.6433 10.5102 
11.2566 10.1568 7.6688 9.2469 10.3097 8.2055 10.9539 9.6930 8.9033 7.6093 10.2320 10.3693 10.6652 8.1849 8.1203 10.5403 10.9875 8.4714 10.9937 
10.7122 9.8587 8.3546 9.5771 9.7373 9.7114 10.0911 8.3977 8.9145 8.3077 11.0547 10.5473 9.5446 8.1431 8.2425 11.1498 10.2677 8.2863 11.0457 
11.2790 8.8857 8.3726 11.0093 9.9113 9.6679 8.2156 8.8521 8.8867 11.2517 9.0360 7.5928 10.5335 8.1206 8.4102 10.1334 7.6148 9.6561 7.9425 
9.2019 10.8677 10.6301 7.6119 10.9211 9.5919 9.2012 7.5472 7.8554 9.3632 10.3414 11.1614 7.7323 9.4323 11.0307 7.9543 10.9499 8.6489 9.5548 
3
0
2
0 0 3 10 20 0 2 0 1 0
1 1 14 10 20 0 2 0 1 0
53 53
50 50 0 0 0 0
2
0 0 0 0
0 0 0 0
0
7.9719 9.0580 10.3844 9.4442 9.9312 7.9596 9.7386 8.3107 9.8426 8.3655 7.5031 9.0657 7.6182 10.2248 7.4258 10.1735 8.5620 10.7923 8.8948 
8.4498 9.5953 9.2141 9.1767 8.3311 9.3192 8.8161 10.6363 7.7976 10.5367 8.0751 9.3426 9.8728 10.4727 8.1265 7.4581 7.4624 10.8533 8.3760 
8.6841 8.0701 9.6764 10.0283 8.6910 8.6247 8.1192 9.0324 7.5810 8.5924 8.7145 10.8895 8.9899 9.7490 7.3887 8.7098 7.5843 7.8327 7.4682 
9.4350 8.6728 9.9650 10.7640 7.8136 8.0535 9.6100 9.4914 9.6177 10.6920 10.0893 9.6598 8.5721 8.4607 9.1913 9.7653 7.3600 8.9864 10.7974 
7.8922 10.4641 10.6358 8.3117 7.4166 8.4395 8.6328 8.9297 9.8247 7.9391 9.8585 7.7014 8.7226 8.5509 8.8091 9.0055 7.4011 10.7276 9.4574 
10.9107 10.4792 9.5118 7.4657 10.0915 8.2221 10.8627 7.8914 10.8113 7.7751 7.4307 10.0567 9.9685 9.1266 9.1199 7.8043 10.1335 7.3482 9.6993 
10.1911 7.9593 10.5944 7.8837 10.8616 10.2281 8.6546 10.4628 8.7451 7.5224 7.6908 7.6231 7.9275 7.7728 8.8963 8.1263 10.3215 10.2429 7.4668 
10.0456 8.9372 9.5948 10.7905 10.2953 9.0640 8.9364 10.5858 7.8386 9.0761 9.7258 7.4179 8.6310 8.8101 7.3273 9.1469 9.0189 8.8661 7.5390 
8.9494 8.8822 9.5053 7.6159 9.8901 7.5783 10.5535 10.4013 7.3286 8.4516 8.7390 7.3125 9.0321 7.9928 10.0553 7.7375 7.8244 7.8979 8.9645 
8.0365 10.2920 9.1288 9.3081 8.9336 7.3299 8.2813 10.1299 7.6028 10.7515 8.7931 10.0938 10.8201 10.2200 8.8851 7.7145 10.2708 8.0082 8.6124 
10.7626 8.3784 7.5057 9.4672 8.9823 7.5420 10.0823 8.6209 7.3145 8.6488 8.4960 10.8140 7.3606 7.4975 8.6669 8.8854 9.5334 7.4693 8.9568 
7.9373 8.2981 9.6234 8.7598 8.6897 8.1552 8.8071 8.9317 7.3352 10.2319 9.7304 7.9532 10.7958 9.8576 9.1265 10.0750 9.0394 8.6918 7.8957 
9.5269 7.8406 10.5702 7.6156 9.1514 7.9114 7.7132 8.4293 8.4788 10.6381 9.5208 7.8356 10.8672 10.8154 8.2487 9.6647 7.4841 8.9693 7.7541 
8.8746 9.3834 8.4462 9.0850 8.4000 7.6284 9.7355 9.8034 9.2921 7.5338 9.1010 8.4378 8.7991 7.3988 7.6926 8.9868 10.3000 10.5496 8.6074 
9.1060 8.7901 7.9426 9.2275 8.0922 7.9280 10.6106 8.4790 8.2791 7.8434 9.0238 9.3429 8.6910 7.3911 10.5927 8.7678 7.9688 8.4799 10.3396 
10.5972 10.1227 8.5665 10.4707 8.5117 9.1301 10.9053 8.3355 10.8607 10.0286 9.7141 10.4519 10.7432 7.4186 8.9385 8.8825 9.6176 7.5468 10.5220 
7.4593 7.6938 8.6391 7.8494 7.8501 8.2773 8.5761 9.8167 8.2379 10.0117 9.0451 9.5319 9.4557 7.9021 8.8976 7.5368 8.5537 9.1496 9.8813 
10.4929 10.9173 10.1656 9.5455 9.2811 7.6174 10.8984 7.9077 8.5126 10.7439 7.8342 7.5896 9.4861 9.2565 8.4567 9.6226 8.0084 7.7511 8.2315 
9.6493 9.2717 8.0099 8.5995 7.4972 8.3237 10.0303 7.7618 7.8778 7.8179 8.6366 9.6835 9.9787 8.0963 8.4118 9.5454 9.7726 8.0235 9.9064 
9.6849 9.0396 9.2439 8.7168 10.6888 10.6688 7.4833 10.5165 9.8603 10.1169 9.2287 10.0275 8.5737 7.8035 7.5474 10.2139 9.4016 8.4474 8.2605 
10.7228 8.5880 10.7456 10.8151 7.6114 8.9278 7.6615 8.4670 8.2283 10.8115 8.5822 9.9350 9.9848 8.3703 8.6825 9.0997 10.5646 10.3294 9.5155 
10.3982 7.4867 10.9368 10.2598 10.6263 9.4459 8.0796 7.6183 9.1906 9.4320 8.8973 7.8228 9.1915 8.0813 9.6376 10.8823 7.8163 9.5241 7.8279 
10.3066 8.2133 8.0220 9.9866 7.4437 10.0807 8.9425 7.7845 10.7554 9.6586 10.1050 8.5280 7.9958 9.4443 10.0162 10.1355 10.8995 7.4327 8.9032 
9.7139 8.6449 10.5695 9.2415 9.8250 10.1840 10.4513 8.5805 10.8890 8.7998 8.8738 10.2915 10.0771 8.5630 7.6256 8.7588 10.5288 8.8899 8.5323 
7.5128 9.5055 10.4294 7.5160 8.6030 10.3963 9.5637 9.3596 10.0724 10.7303 9.8631 9.4369 8.9905 9.4387 10.4020 9.4749 8.1882 8.9071 10.5046 
8.8805 8.2626 7.8959 8.1218 8.2545 8.4277 10.4127 9.3547 10.1815 9.9855 9.6295 10.7873 8.3336 8.7001 8.3775 8.9909 9.8740 7.4167 9.4292 
9.8206 7.7766 9.1239 10.2558 9.6322 10.6002 8.9667 9.2094 10.5236 9.7011 8.1171 8.7606 9.2615 10.0821 9.3391 10.8305 8.3716 10.5824 8.9276 
10.7476 10.9282 9.7276 9.2050 8.6994 8.3644 8.4436 9.9107 9.2127 10.9074 8.6044 8.4003 7.6880 7.7845 9.7273 9.4747 10.4798 10.8716 8.4107 
8.1878 10.3456 10.6680 9.6553 8.3576 10.1868 9.7293 9.1007 8.0450 7.3938 9.1680 8.1544 9.3516 9.3788 7.5619 9.1525 9.0113 7.8819 7.6493 
9.9167 10.1446 9.2685 10.3970 7.7048 7.4608 9.0577 10.3150 7.9262 9.7038 7.7521 10.0662 10.9181 7.9937 9.1872 8.2780 7.8519 7.6666 10.3915 
8.4298 9.8927 8.5033 8.3259 7.5773 7.9955 8.2713 10.7313 9.3352 8.4803 10.0752 10.1484 10.1566 9.7584 10.3416 8.5630 7.6617 9.2266 10.4782 
7.4860 7.7873 9.1391 7.8631 7.5396 8.5657 9.5419 10.3988 9.6308 10.7026 10.6874 10.2790 10.7890 7.9408 10.5698 7.8408 7.5789 10.5228 10.0869 
10.5212 8.1774 7.5927 9.8530 8.2405 9.4238 8.9846 8.0170 10.5310 7.8653 7.3213 8.7865 9.5204 10.3605 8.6355 8.0784 8.7829 8.3865 7.4826 
8.9220 9.9393 8.7465 9.6173 9.6419 10.5094 8.8351 8.2582 9.1776 7.3147 10.4855 7.4937 9.7798 7.3521 9.2952 10.2280 10.1887 10.3270 10.1979 
10.9219 9.8551 7.4417 8.9725 10.0034 7.9623 10.6283 9.4052 8.6392 7.3840 9.9280 10.0612 10.3482 7.9424 7.8797 10.2271 10.6609 8.2203 10.6669 
10.3938 9.5659 8.1070 9.2928 9.4482 9.4231 9.7914 8.1488 8.6501 8.0615 10.7261 10.2339 9.2613 7.9018 7.9982 10.8183 9.9627 8.0407 10.7173 
10.9436 8.6221 8.1244 10.6820 9.6170 9.3809 7.9721 8.5895 8.6231 10.9171 8.7679 7.3680 10.2205 7.8800 8.1609 9.8324 7.3894 9.3694 7.7072 
8.9288 10.5447 10.3142 7.3865 10.5965 9.3071 8.9282 7.3238 7.6227 9.0853 10.0342 10.8296 7.5033 9.1523 10.7028 7.7187 10.6244 8.3924 9.2712 
4
0
2
0 0 4 10 20 0 3 0 1 0
1 1 13 10 20 0 3 0 1 0
56 56
50 50 0 0 0 0
2
0 0 0 0
0 0 0 0
0
7.7357 8.7893 10.0759 9.1639 9.6363 7.7238 9.4494 8.0644 9.5503 8.1175 7.2810 8.7967 7.3927 9.9211 7.2060 9.8713 8.3081 10.4715 8.6310 
8.1993 9.3104 8.9407 8.9044 8.0842 9.0426 8.5546 10.3202 7.5667 10.2236 7.8358 9.0653 9.5796 10.1615 7.8857 7.2374 7.2415 10.5307 8.1277 
8.4266 7.8310 9.3891 9.7305 8.4333 8.3690 7.8786 8.7644 7.3566 8.3376 8.4561 10.5658 8.7232 9.4595 7.1700 8.4515 7.3598 7.6007 7.2472 
9.1550 8.4156 9.6691 10.4441 7.5822 7.8149 9.3247 9.2097 9.3322 10.3742 9.7896 9.3730 8.3179 8.2099 8.9186 9.4753 7.1422 8.7198 10.4765 
7.6584 10.1532 10.3197 8.0653 7.1971 8.1893 8.3768 8.6648 9.5330 7.7039 9.5657 7.4734 8.4639 8.2974 8.5478 8.7383 7.1821 10.4088 9.1767 
10.5864 10.1678 9.2294 7.2447 9.7918 7.9784 10.5398 7.6577 10.4900 7.5448 7.2108 9.7580 9.6724 8.8558 8.8493 7.5732 9.8325 7.1308 9.4113 
9.8884 7.7235 10.2796 7.6502 10.5388 9.9243 8.3980 10.1519 8.4857 7.2997 7.4631 7.3974 7.6927 7.5426 8.6324 7.8855 10.0149 9.9386 7.2458 
9.7472 8.6721 9.3100 10.4698 9.9894 8.7951 8.6713 10.2712 7.6064 8.8068 9.4370 7.1984 8.3751 8.5488 7.1105 8.8755 8.7513 8.6031 7.3158 
8.6839 8.6187 9.2231 7.3904 9.5964 7.3540 10.2399 10.0923 7.1117 8.2011 8.4798 7.0961 8.7641 7.7560 9.7566 7.5084 7.5927 7.6640 8.6986 
7.7984 9.9862 8.8579 9.0319 8.6686 7.1130 8.0359 9.8290 7.3777 10.4320 8.5323 9.7940 10.4985 9.9164 8.6215 7.4861 9.9657 7.7710 8.3570 
10.4427 8.1300 7.2835 9.1862 8.7158 7.3187 9.7828 8.3653 7.0981 8.3923 8.2441 10.4926 7.1428 7.2756 8.4099 8.6218 9.2504 7.2482 8.6911 
7.7022 8.0522 9.3377 8.5000 8.4320 7.9135 8.5459 8.6667 7.1181 9.9279 9.4415 7.7176 10.4749 9.5649 8.8557 9.7758 8.7712 8.4340 7.6618 
9.2441 7.6084 10.2561 7.3901 8.8799 7.6771 7.4848 8.1794 8.2274 10.3220 9.2382 7.6035 10.5442 10.4939 8.0042 9.3778 7.2626 8.7032 7.5245 
8.6114 9.1049 8.1958 8.8155 8.1510 7.4025 9.4464 9.5123 9.0163 7.3108 8.8310 8.1877 8.5381 7.1798 7.4648 8.7202 9.9940 10.2361 8.3522 
8.8358 8.5294 7.7073 8.9537 7.8524 7.6932 10.2953 8.2276 8.0337 7.6111 8.7561 9.0656 8.4333 7.1724 10.2779 8.5078 7.7327 8.2285 10.0324 
10.2823 9.8220 8.3125 10.1596 8.2593 8.8592 10.5811 8.0884 10.5379 9.7307 9.4257 10.1413 10.4239 7.1990 8.6733 8.6190 9.3321 7.3234 10.2093 
7.2385 7.4660 8.3829 7.6169 7.6176 8.0320 8.3218 9.5252 7.9938 9.7143 8.7767 9.2489 9.1750 7.6680 8.6337 7.3137 8.3001 8.8781 9.5879 
10.1811 10.5928 9.8636 9.2621 9.0057 7.3919 10.5744 7.6735 8.2602 10.4246 7.6022 7.3649 9.2045 8.9818 8.2060 9.3369 7.7711 7.5216 7.9876 
9.3628 8.9965 7.7726 8.3445 7.2753 8.0770 9.7324 7.5319 7.6445 7.5864 8.3805 9.3960 9.6823 7.8564 8.1624 9.2620 9.4824 7.7858 9.6122 
9.3974 8.7714 8.9696 8.4583 10.3711 10.3517 7.2618 10.2040 9.5675 9.8164 8.9548 9.7297 8.3195 7.5724 7.3240 9.9105 9.1226 8.1970 8.0157 
10.4041 8.3334 10.4262 10.4936 7.3861 8.6630 7.4347 8.2160 7.9845 10.4902 8.3277 9.6400 9.6883 8.1222 8.4250 8.8297 10.2507 10.0225 9.2330 
10.0893 7.2651 10.6117 9.9550 10.3105 9.1655 7.8402 7.3928 8.9179 9.1520 8.6334 7.5911 8.9188 7.8419 9.3515 10.5588 7.5848 9.2414 7.5961 
10.0004 7.9699 7.7843 9.6900 7.2234 9.7813 8.6772 7.5540 10.4357 9.3718 9.8049 8.2752 7.7589 9.1640 9.7187 9.8344 10.5755 7.2127 8.6391 
9.4255 8.3886 10.2554 8.9673 9.5333 9.8815 10.1408 8.3261 10.5653 8.5388 8.6106 9.9858 9.7778 8.3091 7.3998 8.4990 10.2159 8.6262 8.2793 
7.2904 9.2233 10.1195 7.2935 8.3479 10.0874 9.2798 9.0818 9.7732 10.4114 9.5702 9.1568 8.7238 9.1585 10.0929 9.1937 7.9456 8.6429 10.1925 
8.6171 8.0177 7.6620 7.8811 8.0099 8.1779 10.1033 9.0771 9.8791 9.6889 9.3436 10.4667 8.0866 8.4421 8.1292 8.7242 9.5808 7.1972 9.1493 
9.5290 7.5463 8.8532 9.9511 9.3462 10.2852 8.7007 8.9361 10.2109 9.4131 7.8766 8.5008 8.9867 9.7826 9.0619 10.5086 8.1235 10.2679 8.6628 
10.4282 10.6034 9.4388 8.9319 8.4414 8.1165 8.1933 9.6164 8.9393 10.5832 8.3493 8.1513 7.4604 7.5540 9.4385 9.1935 10.1684 10.5485 8.1614 
7.9452 10.0382 10.3510 9.3686 8.1099 9.8842 9.4404 8.8307 7.8067 7.1750 8.8960 7.9128 9.0741 9.1004 7.3380 8.8809 8.7440 7.6484 7.4228 
9.6222 9.8433 8.9934 10.0881 7.4767 7.2400 8.7890 10.0086 7.6914 9.4157 7.5225 9.7672 10.5936 7.7569 8.9146 8.0327 7.6193 7.4396 10.0828 
8.1799 9.5989 8.2512 8.0791 7.3530 7.7586 8.0262 10.4124 9.0581 8.2289 9.7759 9.8469 9.8549 9.4686 10.0344 8.3091 7.4348 8.9528 10.1669 
7.2644 7.5567 8.8679 7.6302 7.3164 8.3117 9.2586 10.0898 9.3449 10.3845 10.3698 9.9736 10.4683 7.7056 10.2557 7.6086 7.3545 10.2101 9.7873 
10.2086 7.9351 7.3679 9.5604 7.9963 9.1441 8.7181 7.7795 10.2181 7.6323 7.1047 8.5259 9.2378 10.0527 8.3794 7.8390 8.5224 8.1379 7.2611 
8.6573 9.6441 8.4871 9.3318 9.3556 10.1971 8.5730 8.0135 8.9053 7.0983 10.1739 7.2719 9.4894 7.1345 9.0193 9.9242 9.8860 10.0202 9.8950 
10.5972 9.5624 7.2214 8.7063 9.7063 7.7264 10.3125 9.1260 8.3830 7.1655 9.6332 9.7624 10.0408 7.7071 7.6463 9.9233 10.3441 7.9767 10.3499 
10.0850 9.2819 7.8668 9.0170 9.1678 9.1434 9.5007 7.9073 8.3936 7.8227 10.4073 9.9299 8.9865 7.6677 7.7613 10.4968 9.6668 7.8025 10.3988 
10.6183 8.3664 7.8837 10.3645 9.3315 9.1025 7.7359 8.3348 8.3674 10.5926 8.5079 7.1500 9.9169 7.6466 7.9191 9.5404 7.1707 9.0913 7.4790 
8.6639 10.2314 10.0078 7.1679 10.2816 9.0309 8.6634 7.1071 7.3970 8.8157 9.7362 10.5077 7.2812 8.8807 10.3847 7.4901 10.3087 8.1436 8.9961 
5
0
2
0 0 5 10 20 0 4 0 1 0
1 1 12 10 20 0 4 0 1 0
56 56
50 50 0 0 0 0
2
0 0 0 0
0 0 0 0
0
7.5066 8.5286 9.7766 8.8920 9.3502 7.4951 9.1689 7.8255 9.2668 7.8770 7.0656 8.5358 7.1739 9.6265 6.9928 9.5782 8.0619 10.1604 8.3751 
7.9563 9.0341 8.6755 8.6403 7.8447 8.7743 8.3010 10.0136 7.3427 9.9199 7.6037 8.7963 9.2952 9.8597 7.6521 7.0233 7.0273 10.2178 7.8869 
8.1768 7.5991 9.1104 9.4416 8.1833 8.1209 7.6452 8.5045 7.1389 8.0905 8.2054 10.2518 8.4645 9.1787 6.9579 8.2010 7.1420 7.3757 7.0328 
8.8834 8.1661 9.3820 10.1338 7.3577 7.5835 9.0480 8.9364 9.0552 10.0660 9.4989 9.0948 8.0714 7.9666 8.6540 9.1940 6.9309 8.4612 10.1652 
7.4316 9.8516 10.0131 7.8263 6.9842 7.9466 8.1285 8.4079 9.2500 7.4758 9.2817 7.2522 8.2130 8.0515 8.2944 8.4792 6.9696 10.0995 8.9044 
10.2718 9.8658 8.9555 7.0304 9.5010 7.7420 10.2266 7.4310 10.1783 7.3215 6.9975 9.4683 9.3852 8.5931 8.5868 7.3490 9.5405 6.9199 9.1320 
9.5947 7.4948 9.9742 7.4237 10.2256 9.6296 8.1491 9.8503 8.2341 7.0837 7.2422 7.1785 7.4649 7.3193 8.3764 7.6519 9.7175 9.6434 7.0314 
9.4578 8.4149 9.0337 10.1587 9.6927 8.5342 8.4142 9.9661 7.3812 8.5456 9.1569 6.9854 8.1268 8.2953 6.9002 8.6122 8.4918 8.3480 7.0993 
8.4264 8.3631 8.9494 7.1717 9.3115 7.1364 9.9357 9.7925 6.9013 7.9581 8.2284 6.8862 8.5042 7.5263 9.4669 7.2861 7.3679 7.4371 8.4406 
7.5674 9.6896 8.5952 8.7639 8.4115 6.9026 7.7978 9.5371 7.1594 10.1220 8.2793 9.5032 10.1865 9.6219 8.3659 7.2645 9.6697 7.5409 8.1093 
10.1324 7.8891 7.0680 8.9136 8.4573 7.1021 9.4923 8.1173 6.8882 8.1435 7.9998 10.1808 6.9315 7.0603 8.1606 8.3661 8.9759 7.0338 8.4334 
7.4741 7.8136 9.0606 8.2480 8.1820 7.6791 8.2925 8.4097 6.9076 9.6331 9.1613 7.4891 10.1637 9.2810 8.5930 9.4855 8.5111 8.1840 7.4349 
8.9698 7.3831 9.9514 7.1714 8.6165 7.4498 7.2633 7.9370 7.9836 10.0153 8.9641 7.3784 10.2309 10.1821 7.7671 9.0995 7.0477 8.4451 7.3018 
8.3561 8.8348 7.9529 8.5540 7.9095 7.1834 9.1660 9.2299 8.7488 7.0945 8.5691 7.9451 8.2850 6.9674 7.2439 8.4616 9.6972 9.9320 8.1046 
8.5737 8.2765 7.4791 8.6881 7.6198 7.4654 9.9894 7.9838 7.7957 7.3858 8.4964 8.7966 8.1833 6.9602 9.9726 8.2556 7.5037 7.9846 9.7344 
9.9768 9.5303 8.0661 9.8578 8.0145 8.5964 10.2667 7.8487 10.2248 9.4418 9.1459 9.8401 10.1142 6.9860 8.4161 8.3634 9.0551 7.1067 9.9060 
7.0243 7.2450 8.1344 7.3914 7.3921 7.7940 8.0751 9.2424 7.7570 9.4259 8.5164 8.9744 8.9028 7.4410 8.3777 7.0973 8.0541 8.6148 9.3033 
9.8787 10.2780 9.5707 8.9872 8.7385 7.1731 10.2602 7.4463 8.0154 10.1149 7.3771 7.1470 8.9314 8.7153 7.9628 9.0598 7.5410 7.2990 7.7510 
9.0849 8.7296 7.5424 8.0972 7.0600 7.8377 9.4434 7.3089 7.4182 7.3618 8.1321 9.1171 9.3948 7.6237 7.9205 8.9871 9.2009 7.5552 9.3268 
9.1185 8.5113 8.7035 8.2076 10.0630 10.0441 7.0469 9.9009 9.2835 9.5249 8.6892 9.4408 8.0729 7.3482 7.1073 9.6162 8.8519 7.9541 7.7782 
10.0950 8.0864 10.1164 10.1818 7.1675 8.4061 7.2147 7.9725 7.7480 10.1785 8.0809 9.3538 9.4007 7.8815 8.1753 8.5678 9.9462 9.7248 8.9590 
9.7896 7.0501 10.2963 9.6594 10.0042 8.8935 7.6080 7.1740 8.6534 8.8804 8.3774 7.3664 8.6542 7.6096 9.0740 10.2450 7.3603 8.9672 7.3712 
9.7034 7.7338 7.5538 9.4023 7.0097 9.4909 8.4199 7.3304 10.1256 9.0936 9.5138 8.0299 7.5291 8.8921 9.4301 9.5424 10.2612 6.9993 8.3829 
9.1457 8.1399 9.9507 8.7013 9.2503 9.5881 9.8396 8.0793 10.2513 8.2856 8.3553 9.6892 9.4875 8.0628 7.1808 8.2470 9.9124 8.3704 8.0339 
7.0747 8.9496 9.8189 7.0777 8.1005 9.7878 9.0044 8.8123 9.4830 10.1021 9.2861 8.8851 8.4651 8.8867 9.7931 8.9209 7.7102 8.3866 9.8897 
8.3616 7.7802 7.4351 7.6477 7.7726 7.9356 9.8032 8.8078 9.5857 9.4012 9.0663 10.1557 7.8470 8.1918 7.8883 8.4655 9.2964 6.9843 8.8778 
9.2461 7.3229 8.5906 9.6556 9.0688 9.9796 8.4427 8.6710 9.9076 9.1337 7.6433 8.2488 8.7201 9.4921 8.7930 10.1963 7.8828 9.9629 8.4059 
10.1184 10.2883 9.1586 8.6669 8.1912 7.8760 7.9505 9.3309 8.6741 10.2687 8.1018 7.9098 7.2396 7.3304 9.1583 8.9207 9.8663 10.2350 7.9196 
7.7098 9.7401 10.0435 9.0905 7.8696 9.5907 9.1602 8.5688 7.5755 6.9628 8.6321 7.6784 8.8049 8.8304 7.1209 8.6175 8.4847 7.4219 7.2031 
9.3365 9.5510 8.7266 9.7885 7.2554 7.0258 8.5283 9.7113 7.4637 9.1362 7.2998 9.4772 10.2788 7.5272 8.6502 7.7947 7.3937 7.2194 9.7833 
7.9375 9.3139 8.0067 7.8397 7.1354 7.5288 7.7884 10.1030 8.7894 7.9850 9.4856 9.5545 9.5623 9.1875 9.7364 8.0628 7.2148 8.6872 9.8649 
7.0495 7.3330 8.6049 7.4043 7.0999 8.0653 8.9838 9.7901 9.0676 10.0760 10.0617 9.6774 10.1573 7.4774 9.9510 7.3833 7.1369 9.9068 9.4967 
9.9053 7.7000 7.1499 9.2766 7.7594 8.8728 8.4596 7.5491 9.9146 7.4063 6.8946 8.2731 8.9637 9.7541 8.1310 7.6068 8.2697 7.8968 7.0463 
8.4006 9.3578 8.2355 9.0548 9.0779 9.8942 8.3188 7.7761 8.6411 6.8884 9.8717 7.0567 9.2077 6.9235 8.7517 9.6295 9.5924 9.7226 9.6012 
10.2823 9.2785 7.0078 8.4481 9.4181 7.4976 10.0061 8.8552 8.1345 6.9535 9.3472 9.4725 9.7426 7.4789 7.4199 9.6286 10.0368 7.7404 10.0424 
9.7855 9.0064 7.6338 8.7495 8.8958 8.8721 9.2187 7.6731 8.1448 7.5910 10.0981 9.6350 8.7199 7.4407 7.5315 10.1849 9.3798 7.5714 10.0898 
10.3028 8.1184 7.6502 10.0566 9.0546 8.8324 7.5068 8.0878 8.1194 10.2778 8.2557 6.9385 9.6224 7.4202 7.6845 9.2572 6.9586 8.8216 7.2576 
8.4070 9.9275 9.7106 6.9559 9.9762 8.7630 8.4065 6.8969 7.1781 8.5542 9.4471 10.1955 7.0658 8.6173 10.0762 7.2684 10.0024 7.9023 8.7292 
6
0
4
0 0 6 10 20 0 5 0 0 0
1 1 11 10 20 0 5 0 0 0
2 0 2 9 30 0 0 0 0 1
3 1 16 9 20 0 0 0 1 0
59 59
50 50 0 0 0 0
2
0 0 0 0
0 0 0 0
0
7.2844 8.2757 9.4863 8.6282 9.0727 7.2732 8.8968 7.5937 8.9918 7.6437 6.8566 8.2827 6.9617 9.3407 6.7860 9.2939 7.8230 9.8586 8.1268 
7.7206 8.7661 8.4182 8.3841 7.6124 8.5141 8.0550 9.7162 7.1254 9.6253 7.3786 8.5354 9.0193 9.5669 7.4255 6.8156 6.8195 9.9143 7.6533 
7.9345 7.3741 8.8401 9.1614 7.9408 7.8803 7.4188 8.2524 6.9277 7.8508 7.9622 9.9472 8.2136 8.9063 6.7522 7.9580 6.9307 7.1574 6.8248 
8.6199 7.9241 9.1035 9.8328 7.1400 7.3590 8.7796 8.6713 8.7865 9.7670 9.2169 8.8250 7.8323 7.7306 8.3974 8.9212 6.7260 8.2104 9.8632 
7.2117 9.5591 9.7157 7.5945 6.7777 7.7112 7.8876 8.1587 8.9755 7.2545 9.0062 7.0376 7.9696 7.8130 8.0486 8.2278 6.7635 9.7995 8.6403 
9.9666 9.5728 8.6898 6.8225 9.2190 7.5127 9.9228 7.2111 9.8760 7.1049 6.7906 9.1873 9.1066 8.3383 8.3322 7.1315 9.2573 6.7153 8.8610 
9.3099 7.2730 9.6780 7.2040 9.9218 9.3437 7.9076 9.5578 7.9901 6.8742 7.0279 6.9661 7.2440 7.1027 8.1281 7.4253 9.4290 9.3571 6.8235 
9.1771 8.1655 8.7657 9.8569 9.4049 8.2812 8.1648 9.6701 7.1628 8.2922 8.8852 6.7788 7.8860 8.0494 6.6962 8.3568 8.2400 8.1006 6.8893 
8.1766 8.1152 8.6839 6.9595 9.0352 6.9253 9.6406 9.5017 6.6973 7.7224 7.9845 6.6826 8.2521 7.3035 9.1859 7.0705 7.1499 7.2170 8.1904 
7.3434 9.4019 8.3403 8.5040 8.1622 6.6985 7.5669 9.2540 6.9476 9.8213 8.0339 9.2211 9.8839 9.3362 8.1179 7.0496 9.3826 7.3177 7.8690 
9.8314 7.6554 6.8590 8.6492 8.2066 6.8920 9.2105 7.8768 6.6846 7.9022 7.7628 9.8784 6.7266 6.8515 7.9188 8.1181 8.7096 6.8258 8.1834 
7.2529 7.5822 8.7918 8.0036 7.9395 7.4517 8.0467 8.1604 6.7034 9.3471 8.8895 7.2674 9.8618 9.0056 8.3382 9.2039 8.2588 7.9415 7.2149 
8.7037 7.1646 9.6559 6.9593 8.3610 7.2293 7.0484 7.7019 7.7471 9.7178 8.6982 7.1600 9.9270 9.8796 7.5371 8.8295 6.8393 8.1947 7.0857 
8.1084 8.5728 7.7173 8.3004 7.6752 6.9709 8.8940 8.9560 8.4893 6.8847 8.3150 7.7097 8.0395 6.7614 7.0296 8.2108 9.4093 9.6370 7.8645 
8.3195 8.0312 7.2577 8.4305 7.3942 7.2444 9.6927 7.7473 7.5648 7.1672 8.2445 8.5357 7.9408 6.7544 9.6764 8.0109 7.2816 7.7481 9.4454 
9.6805 9.2474 7.8271 9.5651 7.7771 8.3415 9.9617 7.6162 9.9211 9.1615 8.8745 9.5479 9.8138 6.7794 8.1666 8.1155 8.7864 6.8965 9.6118 
6.8166 7.0307 7.8934 7.1727 7.1733 7.5632 7.8358 8.9681 7.5273 9.1461 8.2639 8.7082 8.6387 7.2208 8.1294 6.8874 7.8155 8.3594 9.0272 
9.5853 9.9727 9.2866 8.7206 8.4793 6.9609 9.9554 7.2259 7.7779 9.8145 7.1588 6.9356 8.6665 8.4568 7.7269 8.7910 7.3178 7.0830 7.5215 
8.8154 8.4707 7.3191 7.8573 6.8512 7.6056 9.1631 7.0926 7.1987 7.1439 7.8911 8.8466 9.1160 7.3980 7.6859 8.7205 8.9279 7.3315 9.0500 
8.8479 8.2590 8.4454 7.9644 9.7641 9.7458 6.8385 9.6069 9.0080 9.2422 8.4315 9.1606 7.8337 7.1308 6.8971 9.3307 8.5893 7.7185 7.5479 
9.7952 7.8468 9.8159 9.8793 6.9555 8.1569 7.0013 7.7363 7.5186 9.8761 7.8415 9.0762 9.1217 7.6481 7.9330 8.3138 9.6508 9.4361 8.6932 
9.4989 6.8416 9.9904 9.3726 9.7071 8.6297 7.3828 6.9618 8.3968 8.6170 8.1291 7.1484 8.3976 7.3843 8.8048 9.9407 7.1425 8.7012 7.1531 
9.4153 7.5048 7.3302 9.1232 6.8024 9.2092 8.1703 7.1135 9.8248 8.8238 9.2314 7.7920 7.3062 8.6283 9.1502 9.2591 9.9564 6.7923 8.1344 
8.8743 7.8987 9.6552 8.4433 8.9758 9.3035 9.5474 7.8399 9.9468 8.0400 8.1076 9.4015 9.2059 7.8239 6.9684 8.0026 9.6180 8.1223 7.7959 
6.8655 8.6841 9.5273 6.8684 7.8605 9.4972 8.7373 8.5509 9.2015 9.8020 9.0105 8.6215 8.2141 8.6231 9.5023 8.6563 7.4819 8.1380 9.5960 
8.1138 7.5498 7.2150 7.4213 7.5424 7.7005 9.5121 8.5466 9.3011 9.1222 8.7973 9.8540 7.6146 7.9490 7.6547 8.2145 9.0205 6.7778 8.6145 
8.9717 7.1062 8.3359 9.3689 8.7997 9.6832 8.1924 8.4139 9.6134 8.8627 7.4170 8.0043 8.4615 9.2103 8.5322 9.8934 7.6493 9.6670 8.1567 
9.8178 9.9827 8.8868 8.4099 7.9485 7.6427 7.7150 9.0540 8.4169 9.9636 7.8617 7.6755 7.0254 7.1135 8.8866 8.6561 9.5733 9.9310 7.6850 
7.4815 9.4509 9.7452 8.8208 7.6365 9.3060 8.8884 8.3147 7.3512 6.7569 8.3761 7.4510 8.5438 8.5685 6.9103 8.3620 8.2332 7.2022 6.9900 
9.0594 9.2675 8.4678 9.4978 7.0407 6.8180 8.2755 9.4230 7.2428 8.8651 7.0838 9.1959 9.9734 7.3044 8.3937 7.5639 7.1749 7.0058 9.4928 
7.7024 9.0375 7.7695 7.6075 6.9243 7.3059 7.5577 9.8029 8.5287 7.7485 9.2040 9.2709 9.2784 8.9149 9.4473 7.8239 7.0014 8.4296 9.5720 
6.8410 7.1160 8.3498 7.1852 6.8899 7.8263 8.7173 9.4994 8.7986 9.7767 9.7628 9.3901 9.8556 7.2561 9.6555 7.1648 6.9258 9.6126 9.2148 
9.6111 7.4720 6.9384 9.0013 7.5296 8.6096 8.2088 7.3256 9.6202 7.1871 6.6908 8.0279 8.6978 9.4645 7.8901 7.3816 8.0246 7.6629 6.8379 
8.1516 9.0801 7.9914 8.7862 8.8086 9.6004 8.0722 7.5458 8.3849 6.6847 9.5785 6.8480 8.9345 6.7188 8.4921 9.3436 9.3076 9.4339 9.3162 
9.9768 9.0031 6.8006 8.1977 9.1386 7.2757 9.7089 8.5925 7.8935 6.7479 9.0698 9.1913 9.4533 7.2575 7.2003 9.3427 9.7387 7.5112 9.7441 
9.4949 8.7392 7.4078 8.4900 8.6319 8.6089 8.9451 7.4459 7.9035 7.3663 9.7982 9.3490 8.4613 7.2205 7.3086 9.8824 9.1014 7.3473 9.7901 
9.9967 7.8778 7.4237 9.7579 8.7860 8.5704 7.2846 7.8482 7.8788 9.9725 8.0110 6.7333 9.3367 7.2006 7.4570 8.9825 6.7528 8.5600 7.0429 
8.1578 9.6327 9.4223 6.7502 9.6799 8.5031 8.1573 6.6930 6.9658 8.3006 9.1667 9.8926 6.8568 8.3618 9.7769 7.0533 9.7053 7.6682 8.4703 
7
1
0 1 11 1 0 1 10
4
0 0 7 9 20 0 6 0 0 0
1 1 11 9 20 0 6 0 0 0
2 0 3 9 30 0 1 0 0 1
3 1 15 9 20 0 1 0 1 0
59 44
50 50 0 0 0 0
2
0 0 0 0
0 0 0 0
0
7.0689 8.0304 9.2047 8.3724 8.8035 7.0580 8.6329 7.3689 8.7250 7.4174 6.6539 8.0372 6.7558 9.0635 6.5854 9.0181 7.5913 9.5658 7.8860 
7.4920 8.5061 8.1687 8.1356 7.3870 8.2617 7.8164 9.4277 6.9146 9.3395 7.1602 8.2823 8.7517 9.2829 7.2057 6.6141 6.6179 9.6199 7.4267 
7.6995 7.1559 8.5779 8.8896 7.7056 7.6469 7.1992 8.0078 6.7229 7.6183 7.7263 9.6518 7.9702 8.6421 6.5526 7.7223 6.7258 6.9457 6.6231 
8.3643 7.6894 8.8334 9.5408 6.9288 7.1412 8.5192 8.4142 8.5259 9.4770 8.9434 8.5633 7.6003 7.5017 8.1485 8.6566 6.5272 7.9671 9.5703 
6.9983 9.2753 9.4272 7.3697 6.5774 7.4829 7.6540 7.9169 8.7092 7.0399 8.7390 6.8295 7.7335 7.5816 7.8101 7.9840 6.5636 9.5085 8.3841 
9.6706 9.2886 8.4321 6.6208 8.9454 7.2903 9.6281 6.9978 9.5827 6.8948 6.5899 8.9147 8.8364 8.0912 8.0852 6.9206 8.9826 6.5168 8.5982 
9.0336 7.0578 9.3907 6.9909 9.6271 9.0664 7.6734 9.2741 7.7534 6.6710 6.8201 6.7601 7.0297 6.8926 7.8873 7.2055 9.1491 9.0794 6.6218 
8.9048 7.9235 8.5057 9.5642 9.1258 8.0358 7.9229 9.3830 6.9509 8.0464 8.6216 6.5784 7.6524 7.8109 6.4983 8.1091 7.9958 7.8606 6.6856 
7.9343 7.8747 8.4264 6.7537 8.7671 6.7205 9.3544 9.2196 6.4994 7.4937 7.7480 6.4851 8.0075 7.0874 8.9133 6.8614 6.9384 7.0035 7.9477 
7.1261 9.1228 8.0931 8.2519 7.9203 6.5005 7.3429 8.9794 6.7422 9.5297 7.7959 8.9475 9.5904 9.0591 7.8774 6.8411 9.1041 7.1012 7.6359 
9.5395 7.4287 6.6562 8.3927 7.9634 6.6882 8.9372 7.6435 6.4871 7.6681 7.5329 9.5850 6.5278 6.6490 7.6842 7.8776 8.4513 6.6240 7.9409 
7.0383 7.3577 8.5310 7.7665 7.7043 7.2311 7.8083 7.9186 6.5053 9.0697 8.6258 7.0524 9.5689 8.7384 8.0911 8.9308 8.0140 7.7063 7.0015 
8.4456 6.9527 9.3692 6.7535 8.1132 7.0154 6.8399 7.4738 7.5177 9.4293 8.4403 6.9482 9.6322 9.5862 7.3140 8.5676 6.6371 7.9519 6.8761 
7.8681 8.3186 7.4888 8.0544 7.4479 6.7648 8.6302 8.6903 8.2376 6.6812 8.0686 7.4814 7.8013 6.5616 6.8217 7.9675 9.1300 9.3509 7.6316 
8.0729 7.7933 7.0430 8.1806 7.1754 7.0301 9.4049 7.5179 7.3409 6.9552 8.0002 8.2826 7.7056 6.5548 9.3891 7.7736 7.0662 7.5187 9.1650 
9.3931 8.9730 7.5953 9.2811 7.5468 8.0943 9.6658 7.3907 9.6265 8.8897 8.6113 9.2645 9.5224 6.5790 7.9246 7.8750 8.5258 6.6926 9.3264 
6.6151 6.8228 7.6596 6.9605 6.9611 7.3393 7.6037 8.7021 7.3045 8.8747 8.0190 8.4500 8.3825 7.0072 7.8885 6.6838 7.5840 8.1116 8.7594 
9.3007 9.6765 9.0110 8.4620 8.2279 6.7551 9.6597 7.0121 7.5476 9.5231 6.9470 6.7305 8.4095 8.2061 7.4981 8.5303 7.1013 6.8735 7.2989 
8.5539 8.2196 7.1025 7.6246 6.6487 7.3804 8.8912 6.8828 6.9857 6.9326 7.6574 8.5842 8.8455 7.1791 7.4583 8.4619 8.6631 7.1146 8.7815 
8.5855 8.0142 8.1950 7.7285 9.4742 9.4564 6.6363 9.3217 8.7408 8.9679 8.1816 8.8888 7.6017 6.9199 6.6932 9.0538 8.3346 7.4899 7.3245 
9.5043 7.6144 9.5244 9.5859 6.7498 7.9152 6.7943 7.5072 7.2960 9.5828 7.6093 8.8069 8.8510 7.4217 7.6980 8.0674 9.3643 9.1560 8.4354 
9.2169 6.6394 9.6937 9.0944 9.4189 8.3738 7.1643 6.7559 8.1479 8.3615 7.8882 6.9369 8.1487 7.1658 8.5437 9.6455 6.9312 8.4432 6.9415 
9.1358 7.2827 7.1133 8.8525 6.6013 8.9359 7.9282 6.9031 9.5331 8.5621 8.9575 7.5612 7.0900 8.3725 8.8787 8.9843 9.6607 6.5915 7.8934 
8.6111 7.6647 9.3685 8.1930 8.7095 9.0274 9.2640 7.6077 9.6514 7.8018 7.8674 9.1225 8.9327 7.5922 6.7623 7.7655 9.3325 7.8816 7.5650 
6.6625 8.4266 9.2445 6.6653 7.6277 9.2153 8.4782 8.2974 8.9285 9.5109 8.7432 8.3659 7.9707 8.3674 9.2202 8.3996 7.2604 7.8969 9.3111 
7.8734 7.3263 7.0016 7.2017 7.3191 7.4725 9.2297 8.2932 9.0251 8.8515 8.5364 9.5614 7.3892 7.7135 7.4281 7.9711 8.7529 6.5775 8.3591 
8.7055 6.8960 8.0888 9.0908 8.5387 9.3957 7.9496 8.1645 9.3280 8.5998 7.1975 7.7672 8.2107 8.9370 8.2792 9.5996 7.4228 9.3800 7.9150 
9.5263 9.6862 8.6232 8.1606 7.7130 7.4164 7.4866 8.7854 8.1674 9.6677 7.6288 7.4482 6.8176 6.9031 8.6230 8.3994 9.2891 9.6361 7.4575 
7.2601 9.1704 9.4558 8.5592 7.4104 9.0298 8.6247 8.0683 7.1337 6.5572 8.1278 7.2305 8.2905 8.3144 6.7060 8.1141 7.9892 6.9891 6.7833 
8.7906 8.9925 8.2168 9.2159 6.8325 6.6165 8.0302 9.1433 7.0285 8.6021 6.8743 8.9230 9.6772 7.0883 8.1449 7.3400 6.9627 6.7986 9.2110 
7.4743 8.7694 7.5394 7.3823 6.7196 7.0897 7.3340 9.5118 8.2758 7.5190 8.9309 8.9958 9.0030 8.6505 9.1669 7.5922 6.7944 8.1797 9.2878 
6.6388 6.9055 8.1023 6.9726 6.6862 7.5945 8.4588 9.2174 8.5376 9.4864 9.4729 9.1114 9.5629 7.0414 9.3688 6.9529 6.7210 9.3272 8.9414 
9.3258 7.2508 6.7332 8.7343 7.3067 8.3543 7.9655 7.1088 9.3346 6.9745 6.4931 7.7901 8.4399 9.1836 7.6564 7.1632 7.7869 7.4360 6.6358 
7.9101 8.8107 7.7547 8.5256 8.5473 9.3154 7.8330 7.3224 8.1364 6.4872 9.2941 6.6456 8.6695 6.5202 8.2403 9.0663 9.0314 9.1539 9.0397 
9.6805 8.7360 6.5996 7.9548 8.8674 7.0604 9.4206 8.3377 7.6597 6.5485 8.8007 8.9186 9.1727 7.0428 6.9873 9.0654 9.4495 7.2889 9.4548 
9.2131 8.4800 7.1886 8.2383 8.3759 8.3536 8.6797 7.2255 7.6694 7.1483 9.5073 9.0715 8.2105 7.0069 7.0923 9.5889 8.8314 7.1299 9.4994 
9.6998 7.6445 7.2040 9.4682 8.5254 8.3163 7.0691 7.6158 7.6454 9.6763 7.7737 6.5343 9.0596 6.9876 7.2363 8.7160 6.5532 8.3062 6.8346 
7.9161 9.3467 9.1426 6.5507 9.3925 8.2510 7.9156 6.4952 6.7598 8.0546 8.8947 9.5988 6.6541 8.1139 9.4866 6.8447 9.4171 7.4412 8.2192 
8
1
0 1 11 1 0 0 10
4
0 0 8 9 20 0 7 0 0 0
1 1 10 9 20 0 7 0 0 0
2 0 3 8 30 0 2 0 0 1
3 1 14 10 20 0 2 0 1 0
62 47
50 50 0 0 0 0
2
0 0 0 0
0 0 0 0
0
6.8598 7.7925 8.9316 8.1242 8.5424 6.8493 8.3769 7.1508 8.4663 7.1979 6.4573 7.7991 6.5561 8.7946 6.3908 8.7506 7.3666 9.2818 7.6524 
7.2702 8.2539 7.9266 7.8945 7.1684 8.0168 7.5849 9.1479 6.7102 9.0623 6.9484 8.0368 8.4921 9.0074 6.9925 6.4187 6.4224 9.3343 7.2069 
7.4715 6.9442 8.3236 8.6259 7.4774 7.4205 6.9862 7.7706 6.5242 7.3928 7.4975 9.3652 7.7341 8.3858 6.3590 7.4936 6.5270 6.7403 6.4274 
8.1164 7.4617 8.5714 9.2576 6.7239 6.9300 8.2666 8.1648 8.2731 9.1957 8.6781 8.3094 7.3753 7.2796 7.9070 8.3999 6.3344 7.7311 9.2862 
6.7914 9.0000 9.1474 7.1516 6.3831 7.2614 7.4274 7.6824 8.4509 6.8317 8.4798 6.6276 7.5045 7.3572 7.5788 7.7475 6.3697 9.2262 8.1356 
9.3835 9.0129 8.1821 6.4252 8.6800 7.0746 9.3423 6.7909 9.2982 6.6910 6.3952 8.6503 8.5743 7.8515 7.8456 6.7160 8.7161 6.3243 8.3433 
8.7656 6.8491 9.1120 6.7842 9.3413 8.7974 7.4462 8.9989 7.5238 6.4739 6.6185 6.5603 6.8218 6.6888 7.6537 6.9923 8.8776 8.8100 6.4261 
8.6407 7.6888 8.2535 9.2803 8.8550 7.7977 7.6882 9.1045 6.7454 7.8080 8.3660 6.3840 7.4258 7.5796 6.3064 7.8688 7.7589 7.6278 6.4880 
7.6993 7.6415 8.1766 6.5541 8.5071 6.5219 9.0768 8.9460 6.3074 7.2719 7.5186 6.2935 7.7703 6.8778 8.6489 6.6586 6.7332 6.7964 7.7123 
6.9153 8.8521 7.8533 8.0073 7.6857 6.3085 7.1256 8.7130 6.5429 9.2468 7.5650 8.6821 9.3057 8.7903 7.6441 6.6389 8.8340 6.8912 7.4098 
9.2563 7.2088 6.4595 8.1439 7.7275 6.4906 8.6721 7.4172 6.2955 7.4411 7.3099 9.3005 6.3350 6.4525 7.4567 7.6443 8.2008 6.4283 7.7057 
6.8302 7.1400 8.2781 7.5365 7.4762 7.0172 7.5771 7.6840 6.3131 8.8006 8.3700 6.8438 9.2848 8.4792 7.8514 8.6659 7.7766 7.4781 6.7945 
8.1952 6.7471 9.0911 6.5539 7.8728 6.8079 6.6377 7.2526 7.2952 9.1494 8.1901 6.7428 9.3462 9.3016 7.0976 8.3136 6.4410 7.7163 6.6728 
7.6351 8.0720 7.2671 7.8158 7.2275 6.5649 8.3743 8.4326 7.9935 6.4838 7.8295 7.2600 7.5703 6.3678 6.6200 7.7315 8.8591 9.0734 7.4057 
7.8337 7.5625 6.8347 7.9382 6.9631 6.8222 9.1258 7.2954 7.1237 6.7495 7.7632 8.0371 7.4774 6.3612 9.1104 7.5434 6.8572 7.2961 8.8931 
9.1143 8.7068 7.3704 9.0057 7.3234 7.8545 9.3788 7.1720 9.3407 8.6260 8.3560 8.9896 9.2397 6.3846 7.6899 7.6418 8.2730 6.4948 9.0496 
6.4196 6.6211 7.4328 6.7547 6.7553 7.1221 7.3786 8.4440 7.0884 8.6115 7.7814 8.1995 8.1340 6.8000 7.6548 6.4863 7.3595 7.8713 8.4996 
9.0247 9.3892 8.7437 8.2111 7.9841 6.5554 9.3729 6.8047 7.3242 9.2404 6.7416 6.5316 8.1602 7.9629 7.2762 8.2774 6.8913 6.6703 7.0829 
8.3003 7.9760 6.8924 7.3989 6.4522 7.1620 8.6275 6.6793 6.7791 6.7276 7.4307 8.3297 8.5831 6.9667 7.2376 8.2110 8.4062 6.9042 8.5211 
8.3309 7.7768 7.9522 7.4996 9.1930 9.1757 6.4402 9.0450 8.4816 8.7019 7.9392 8.6251 7.3766 6.7153 6.4954 8.7852 8.0876 7.2682 7.1078 
9.2222 7.3890 9.2417 9.3013 6.5503 7.6807 6.5935 7.2850 7.0801 9.2983 7.3840 8.5457 8.5885 7.2020 7.4701 7.8284 9.0864 8.8843 8.1853 
8.9434 6.4432 9.4059 8.8246 9.1393 8.1256 6.9524 6.5562 7.9065 8.1137 7.6546 6.7318 7.9072 6.9538 8.2904 9.3591 6.7263 8.1929 6.7363 
8.8647 7.0672 6.9029 8.5899 6.4063 8.6708 7.6934 6.6990 9.2501 8.3082 8.6918 7.3374 6.8803 8.1243 8.6153 8.7178 9.3739 6.3968 7.6596 
8.3558 7.4378 9.0904 7.9502 8.4512 8.7596 8.9891 7.3825 9.3649 7.5707 7.6344 8.8518 8.6677 7.3674 6.5624 7.5355 9.0555 7.6482 7.3411 
6.4656 8.1768 8.9702 6.4683 7.4019 8.9418 8.2269 8.0515 8.6636 9.2286 8.4839 8.1179 7.7346 8.1194 8.9466 8.1506 7.0456 7.6630 9.0348 
7.6402 7.1095 6.7946 6.9886 7.1025 7.2513 8.9558 8.0474 8.7573 8.5890 8.2833 9.2776 7.1705 7.4851 7.2083 7.7350 8.4933 6.3832 8.1113 
8.4473 6.6921 7.8491 8.8211 8.2855 9.1168 7.7141 7.9226 9.0512 8.3448 6.9846 7.5372 7.9674 8.6719 8.0338 9.3146 7.2031 9.1016 7.6806 
9.2435 9.3986 8.3675 7.9188 7.4846 7.1969 7.2650 8.5248 7.9254 9.3807 7.4029 7.2278 6.6161 6.6990 8.3673 8.1504 9.0134 9.3500 7.2368 
7.0453 8.8983 9.1751 8.3054 7.1911 8.7619 8.3690 7.8293 6.9227 6.3635 7.8870 7.0166 8.0448 8.0680 6.5078 7.8737 7.7525 6.7824 6.5828 
8.5299 8.7257 7.9733 8.9424 6.6305 6.4210 7.7923 8.8720 6.8206 8.3470 6.6711 8.6583 9.3899 6.8787 7.9036 7.1228 6.7568 6.5976 8.9377 
7.2531 8.5093 7.3162 7.1638 6.5210 6.8800 7.1170 9.2294 8.0305 7.2964 8.6660 8.7289 8.7359 8.3940 8.8949 7.3674 6.5936 7.9373 9.0122 
6.4426 6.7013 7.8622 6.7664 6.4886 7.3697 8.2080 8.9439 8.2845 9.2048 9.1917 8.8411 9.2790 6.8332 9.0907 6.7473 6.5224 9.0504 8.6762 
9.0490 7.0363 6.5342 8.4753 7.0905 8.1067 7.7295 6.8985 9.0576 6.7683 6.3013 7.5594 8.1897 8.9111 7.4297 6.9513 7.5563 7.2159 6.4397 
7.6758 8.5494 7.5251 8.2728 8.2939 9.0389 7.6010 7.1057 7.8953 6.2956 9.0183 6.4492 8.4124 6.3276 7.9961 8.7973 8.7635 8.8823 8.7715 
9.3931 8.4769 6.4046 7.7192 8.6044 6.8516 9.1410 8.0906 7.4329 6.3550 8.5397 8.6540 8.9005 6.8345 6.7807 8.7964 9.1690 7.0732 9.1742 
8.9397 8.2286 6.9759 7.9942 8.1276 8.1060 8.4223 7.0117 7.4423 6.9369 9.2251 8.8024 7.9672 6.7997 6.8825 9.3042 8.5695 6.9190 9.2174 
9.4118 7.4182 6.9909 9.1872 8.2726 8.0698 6.8600 7.3903 7.4190 9.3890 7.5435 6.3413 8.7908 6.7810 7.0222 8.4575 6.3596 8.0600 6.6326 
7.6816 9.0693 8.8713 6.3572 9.1137 8.0065 7.6811 6.3033 6.5600 7.8160 8.6309 9.3138 6.4575 7.8735 9.2050 6.6424 9.1376 7.2210 7.9756 
9
1
0 1 11 1 0 0 10
4
0 0 8 8 20 0 8 0 0 0
1 1 9 10 20 0 8 0 0 0
2 0 4 7 30 0 3 0 0 1
3 1 13 10 20 0 3 0 1 0
62 47
50 50 0 0 0 0
2
0 0 0 0
0 0 0 0
0
6.6570 7.5617 8.6667 7.8835 8.2891 6.6468 8.1286 6.9393 8.2153 6.9850 6.2666 7.5681 6.3624 8.5338 6.2021 8.4911 7.1486 9.0063 7.4258 
7.0551 8.0093 7.6918 7.6607 6.9563 7.7793 7.3604 8.8765 6.5119 8.7934 6.7429 7.7987 8.2403 8.7402 6.7857 6.2291 6.2327 9.0573 6.9937 
7.2504 6.7389 8.0769 8.3701 7.2561 7.2009 6.7796 7.5405 6.3315 7.1740 7.2756 9.0872 7.5051 8.1372 6.1712 7.2718 6.3342 6.5411 6.2376 
7.8759 7.2408 8.3173 8.9829 6.5252 6.7251 8.0216 7.9229 8.0279 8.9228 8.4208 8.0631 7.1570 7.0642 7.6728 8.1509 6.1474 7.5022 9.0106 
6.5907 8.7330 8.8760 6.9401 6.1946 7.0466 7.2076 7.4549 8.2004 6.6297 8.2284 6.4318 7.2824 7.1395 7.3544 7.5181 6.1816 8.9524 7.8945 
9.1050 8.7455 7.9396 6.2354 8.4226 6.8654 9.0650 6.5902 9.0223 6.4933 6.2063 8.3938 8.3201 7.6190 7.6132 6.5175 8.4576 6.1376 8.0960 
8.5056 6.6466 8.8416 6.5837 9.0641 8.5365 7.2258 8.7319 7.3011 6.2827 6.4229 6.3665 6.6201 6.4911 7.4271 6.7855 8.6143 8.5487 6.2363 
8.3845 7.4611 8.0089 9.0049 8.5924 7.5668 7.4606 8.8344 6.5460 7.5768 8.1180 6.1955 7.2060 7.3552 6.1202 7.6357 7.5291 7.4020 6.2964 
7.4713 7.4153 7.9343 6.3605 8.2549 6.3292 8.8075 8.6806 6.1212 7.0567 7.2960 6.1077 7.5402 6.6745 8.3924 6.4618 6.5342 6.5955 7.4839 
6.7108 8.5895 7.6207 7.7701 7.4581 6.1222 6.9148 8.4546 6.3496 8.9724 7.3411 8.4246 9.0295 8.5296 7.4178 6.4427 8.5720 6.6875 7.1905 
8.9816 6.9955 6.2687 7.9026 7.4987 6.2989 8.4149 7.1977 6.1096 7.2209 7.0936 9.0245 6.1480 6.2619 7.2360 7.4180 7.9578 6.2385 7.4775 
6.6283 6.9288 8.0328 7.3134 7.2549 6.8097 7.3528 7.4565 6.1267 8.5396 8.1219 6.6415 9.0093 8.2278 7.6189 8.4089 7.5463 7.2568 6.5937 
7.9523 6.5477 8.8214 6.3603 7.6396 6.6067 6.4416 7.0380 7.0793 8.8779 7.9474 6.5435 9.0688 9.0256 6.8877 8.0672 6.2508 7.4878 6.4756 
7.4090 7.8328 7.0521 7.5843 7.0137 6.3710 8.1261 8.1826 7.7567 6.2923 7.5976 7.0452 7.3462 6.1798 6.4244 7.5026 8.5963 8.8042 7.1865 
7.6017 7.3386 6.6327 7.7031 6.7572 6.6205 8.8550 7.0795 6.9130 6.5500 7.5333 7.7990 7.2561 6.1734 8.8401 7.3201 6.6545 7.0802 8.6293 
8.8439 8.4486 7.1523 8.7385 7.1067 7.6219 9.1004 6.9598 9.0635 8.3702 8.1083 8.7229 8.9655 6.1961 7.4622 7.4155 8.0278 6.3030 8.7811 
6.2300 6.4255 7.2128 6.5551 6.5556 6.9114 7.1602 8.1937 6.8787 8.3562 7.5510 7.9565 7.8930 6.5990 7.4282 6.2947 7.1417 7.6382 8.2476 
8.7570 9.1105 8.4844 7.9678 7.7476 6.3617 9.0947 6.6036 7.1075 8.9662 6.5424 6.3387 7.9184 7.7270 7.0609 8.0321 6.6876 6.4732 6.8734 
8.0543 7.7397 6.6886 7.1799 6.2616 6.9501 8.3717 6.4819 6.5787 6.5288 7.2108 8.0828 8.3286 6.7607 7.0235 7.9677 8.1570 6.7001 8.2685 
8.0840 7.5465 7.7166 7.2776 8.9202 8.9034 6.2500 8.7767 8.2302 8.4438 7.7040 8.3693 7.1583 6.5168 6.3035 8.5246 7.8480 7.0532 6.8976 
8.9485 7.1703 8.9674 9.0253 6.3568 7.4533 6.3987 7.0695 6.8707 9.0224 7.1655 8.2923 8.3338 6.9889 7.2490 7.5965 8.8168 8.6208 7.9427 
8.6781 6.2529 9.1267 8.5629 8.8681 7.8848 6.7468 6.3625 7.6723 7.8733 7.4280 6.5328 7.6730 6.7482 8.0447 9.0813 6.5275 7.9501 6.5372 
8.6018 6.8582 6.6988 8.3352 6.2171 8.4137 7.4656 6.5010 8.9756 8.0620 8.4340 7.1203 6.6769 7.8836 8.3598 8.4593 9.0957 6.2079 7.4328 
8.1081 7.2177 8.8207 7.7147 8.2007 8.4998 8.7224 7.1640 9.0870 7.3466 7.4084 8.5892 8.4107 7.1494 6.3685 7.3124 8.7868 7.4218 7.1239 
6.2746 7.9345 8.7041 6.2773 7.1828 8.6765 7.9831 7.8130 8.4067 8.9547 8.2324 7.8774 7.5056 7.8788 8.6812 7.9091 6.8372 7.4361 8.7668 
7.4140 6.8992 6.5938 6.7819 6.8924 7.0368 8.6901 7.8090 8.4976 8.3343 8.0378 9.0023 6.9584 7.2635 6.9951 7.5060 8.2415 6.1947 7.8710 
8.1969 6.4943 7.6166 8.5595 8.0399 8.8463 7.4857 7.6879 8.7827 8.0975 6.7781 7.3141 7.7314 8.4147 7.7958 9.0382 6.9900 8.8316 7.4532 
8.9692 9.1196 8.1195 7.6842 7.2631 6.9840 7.0501 8.2721 7.6906 9.1023 7.1838 7.0140 6.4206 6.5010 8.1193 7.9089 8.7460 9.0725 7.0227 
6.8369 8.6344 8.9028 8.0592 6.9784 8.5020 8.1209 7.5974 6.7180 6.1756 7.6534 6.8091 7.8065 7.8290 6.3156 7.6405 7.5229 6.5819 6.3883 
8.2770 8.4669 7.7371 8.6771 6.4346 6.2314 7.5615 8.6088 6.6190 8.0996 6.4740 8.4016 9.1112 6.6753 7.6695 6.9121 6.5571 6.4027 8.6726 
7.0385 8.2570 7.0997 6.9519 6.3284 6.6766 6.9065 8.9555 7.7926 7.0805 8.4090 8.4700 8.4768 8.1452 8.6311 7.1494 6.3988 7.7022 8.7448 
6.2523 6.5033 7.6293 6.5664 6.2969 7.1516 7.9648 8.6786 8.0390 8.9317 8.9189 8.5789 9.0036 6.6312 8.8210 6.5479 6.3297 8.7819 8.4189 
8.7805 6.8282 6.3412 8.2240 6.8808 7.8665 7.5006 6.6945 8.7889 6.5683 6.1153 7.3356 7.9470 8.6468 7.2098 6.7458 7.3326 7.0024 6.2495 
7.4485 8.2959 7.3023 8.0276 8.0481 8.7707 7.3760 6.8955 7.6614 6.1097 8.7508 6.2587 8.1630 6.1408 7.7592 8.5364 8.5036 8.6188 8.5114 
9.1143 8.2256 6.2155 7.4906 8.3493 6.6491 8.8698 7.8509 7.2129 6.1674 8.2865 8.3974 8.6365 6.6325 6.5803 8.5355 8.8969 6.8640 8.9020 
8.6745 7.9847 6.7696 7.7574 7.8868 7.8658 8.1726 6.8043 7.2220 6.7318 8.9513 8.5413 7.7312 6.5987 6.6790 9.0281 8.3154 6.7144 8.9439 
9.1324 7.1987 6.7842 8.9146 8.0274 7.8307 6.6572 7.1716 7.1994 9.1103 7.3202 6.1541 8.5301 6.5806 6.8145 8.2068 6.1718 7.8212 6.4366 
7.4542 8.8002 8.6082 6.1695 8.8433 7.7693 7.4537 6.1172 6.3662 7.5845 8.3750 9.0374 6.2668 7.6403 8.9319 6.4461 8.8665 7.0074 7.7393 
10
1
0 1 11 1 0 0 10
6
0 0 9 8 20 0 9 0 0 0
1 1 8 10 20 0 9 0 0 0
2 0 6 6 30 0 4 0 0 1
3 1 12 10 20 0 4 0 1 0
4 0 2 9 20 0 0 0 0 0
5 1 16 9 20 0 0 0 1 0
65 50
50 50 0 0 0 0
2
0 0 0 0
0 0 0 0
0
6.4603 7.3378 8.4097 7.6500 8.0434 6.4504 7.8877 6.7341 7.9718 6.7785 6.0816 7.3441 6.1745 8.2808 6.0190 8.2394 6.9371 8.7391 7.2060 
6.8464 7.7720 7.4640 7.4339 6.7506 7.5489 7.1426 8.6132 6.3195 8.5326 6.5436 7.5677 7.9961 8.4810 6.5851 6.0452 6.0487 8.7886 6.7869 
7.0359 6.5397 7.8376 8.1220 7.0414 6.9879 6.5792 7.3173 6.1446 6.9618 7.0603 8.8176 7.2829 7.8961 5.9891 7.0566 6.1472 6.3479 6.0535 
7.6426 7.0266 8.0708 8.7164 6.3324 6.5263 7.7840 7.6882 7.7901 8.6581 8.1712 7.8242 6.9453 6.8553 7.4456 7.9094 5.9660 7.2801 8.7433 
6.3960 8.4740 8.6127 6.7349 6.0118 6.8382 6.9944 7.2343 7.9574 6.4338 7.9845 6.2418 7.0669 6.9283 7.1368 7.2956 5.9992 8.6868 7.6607 
8.8349 8.4861 7.7044 6.0513 8.1729 6.6624 8.7961 6.3955 8.7546 6.3015 6.0231 8.1450 8.0735 7.3934 7.3878 6.3250 8.2069 5.9565 7.8561 
8.2534 6.4502 8.5794 6.3892 8.7952 8.2834 7.0120 8.4729 7.0851 6.0972 6.2332 6.1785 6.4245 6.2994 7.2073 6.5849 8.3589 8.2952 6.0522 
8.1360 7.2403 7.7716 8.7378 8.3376 7.3428 7.2398 8.5724 6.3526 7.3525 7.8775 6.0126 6.9928 7.1375 5.9396 7.4096 7.3062 7.1829 6.1105 
7.2502 7.1958 7.6993 6.1727 8.0103 6.1423 8.5463 8.4232 5.9406 6.8480 7.0801 5.9275 7.3170 6.4773 8.1436 6.2709 6.3412 6.4006 7.2624 
6.5125 8.3348 7.3951 7.5400 7.2374 5.9415 6.7104 8.2040 6.1621 8.7062 7.1239 8.1749 8.7616 8.2767 7.1983 6.2524 8.3178 6.4899 6.9778 
8.7152 6.7886 6.0836 7.6685 7.2767 6.1129 8.1655 6.9848 5.9293 7.0073 6.8838 8.7568 5.9666 6.0770 7.0219 7.1985 7.7221 6.0543 7.2562 
6.4325 6.7239 7.7948 7.0970 7.0403 6.6084 7.1352 7.2358 5.9459 8.2864 7.8812 6.4453 8.7420 7.9840 7.3933 8.1596 7.3229 7.0421 6.3989 
7.7167 6.3543 8.5598 6.1725 7.4134 6.4115 6.2514 6.8299 6.8699 8.6146 7.7120 6.3502 8.7997 8.7578 6.6841 7.8282 6.0663 7.2662 6.2843 
7.1897 7.6008 6.8435 7.3598 6.8063 6.1829 7.8853 7.9401 7.5270 6.1065 7.3727 6.8368 7.1288 5.9974 6.2347 7.2805 8.3414 8.5431 6.9739 
7.3766 7.1214 6.4367 7.4750 6.5575 6.4249 8.5924 6.8701 6.7086 6.3565 7.3103 7.5680 7.0414 5.9912 8.5779 7.1035 6.4579 6.8708 8.3734 
8.5816 8.1981 6.9407 8.4793 6.8965 7.3962 8.8304 6.7540 8.7946 8.1221 7.8681 8.4642 8.6995 6.0132 7.2413 7.1960 7.7900 6.1169 8.5207 
6.0461 6.2357 6.9994 6.3614 6.3619 6.7071 6.9484 7.9509 6.6753 8.1085 7.3275 7.7208 7.6592 6.4040 7.2084 6.1089 6.9304 7.4121 8.0032 
8.4973 8.8402 8.2329 7.7318 7.5182 6.1738 8.8249 6.4085 6.8973 8.7002 6.3491 6.1515 7.6838 7.4982 6.8521 7.7941 6.4900 6.2820 6.6702 
7.8157 7.5105 6.4909 6.9675 6.0768 6.7446 8.1235 6.2904 6.3843 6.3359 6.9975 7.8433 8.0817 6.5609 6.8158 7.7317 7.9153 6.5021 8.0234 
7.8445 7.3231 7.4881 7.0623 8.6556 8.6393 6.0655 8.5164 7.9863 8.1935 7.4759 8.1212 6.9466 6.3243 6.1174 8.2719 7.6156 6.8446 6.6937 
8.6830 6.9582 8.7014 8.7575 6.1691 7.2327 6.2097 6.8604 6.6676 8.7547 6.9535 8.0465 8.0868 6.7822 7.0345 7.3716 8.5553 8.3652 7.7074 
8.4208 6.0683 8.8559 8.3090 8.6051 7.6513 6.5474 6.1746 7.4451 7.6401 7.2082 6.3398 7.4458 6.5488 7.8064 8.8119 6.3347 7.7146 6.3441 
8.3467 6.6555 6.5008 8.0881 6.0336 8.1643 7.2446 6.3090 8.7093 7.8231 8.1840 6.9097 6.4796 7.6501 8.1120 8.2085 8.8258 6.0247 7.2128 
7.8679 7.0042 8.5591 7.4863 7.9577 8.2478 8.4637 6.9521 8.8174 7.1292 7.1891 8.3345 8.1614 6.9379 6.1804 7.0960 8.5262 7.2021 6.9132 
6.0894 7.6995 8.4460 6.0920 6.9703 8.4192 7.7466 7.5816 8.1575 8.6891 7.9884 7.6441 7.2834 7.6454 8.4238 7.6748 6.6351 7.2160 8.5068 
7.1946 6.6952 6.3990 6.5814 6.6886 6.8287 8.4324 7.5777 8.2457 8.0873 7.7997 8.7352 6.7526 7.0486 6.7882 7.2838 7.9973 6.0119 7.6379 
7.9540 6.3025 7.3911 8.3057 7.8017 8.5839 7.2641 7.4603 8.5222 7.8576 6.5778 7.0977 7.5025 8.1653 7.5649 8.7701 6.7833 8.5697 7.2326 
8.7031 8.8490 7.8789 7.4567 7.0482 6.7775 6.8416 8.0269 7.4629 8.8322 6.9713 6.8066 6.2310 6.3090 7.8787 7.6746 8.4866 8.8033 6.8150 
6.6348 8.3784 8.6387 7.8204 6.7720 8.2499 7.8803 7.3725 6.5195 5.9933 7.4268 6.6078 7.5753 7.5971 6.1291 7.4143 7.3002 6.3874 6.1997 
8.0317 8.2159 7.5080 8.4198 6.2446 6.0475 7.3377 8.3535 6.4234 7.8596 6.2828 8.1526 8.8409 6.4780 7.4424 6.7077 6.3634 6.2136 8.4154 
6.8303 8.0123 6.8897 6.7463 6.1415 6.4793 6.7023 8.6898 7.5618 6.8711 8.1597 8.2189 8.2255 7.9038 8.3752 6.9379 6.2098 7.4741 8.4855 
6.0677 6.3112 7.4034 6.3724 6.1110 6.9401 7.7289 8.4212 7.8008 8.6667 8.6543 8.3245 8.7365 6.4353 8.5594 6.3545 6.1428 8.5214 8.1693 
8.5201 6.6264 6.1540 7.9803 6.6774 7.6335 7.2786 6.4967 8.5282 6.3743 5.9348 7.1185 7.7116 8.3904 6.9965 6.5464 7.1156 6.7953 6.0650 
7.2280 8.0500 7.0862 7.7898 7.8097 8.5106 7.1577 6.6916 7.4346 5.9294 8.4913 6.0739 7.9211 5.9596 7.5294 8.2833 8.2515 8.3632 8.2591 
8.8439 7.9818 6.0320 7.2689 8.1018 6.4526 8.6067 7.6184 6.9995 5.9854 8.0409 8.1485 8.3804 6.4365 6.3859 8.2824 8.6330 6.6611 8.6379 
8.4173 7.7482 6.5695 7.5277 7.6532 7.6328 7.9304 6.6032 7.0083 6.5328 8.6858 8.2881 7.5023 6.4037 6.4816 8.7603 8.0689 6.5160 8.6786 
8.8614 6.9857 6.5837 8.6502 7.7896 7.5988 6.4605 6.9595 6.9864 8.8400 7.1036 5.9725 8.2772 6.3862 6.6131 7.9636 5.9896 7.5896 6.2465 
7.2336 8.5392 8.3530 5.9874 8.5810 7.5392 7.2331 5.9367 6.1782 7.3600 8.1268 8.7693 6.0818 7.4141 8.6669 6.2557 8.6035 6.8002 7.5101 
11
1
0 1 11 1 0 0 10
6
0 0 10 9 20 0 10 0 0 0
1 1 8 9 20 0 10 0 0 0
2 0 7 6 30 0 5 0 0 1
3 1 11 10 20 0 5 0 0 0
4 0 3 9 20 0 1 0 0 0
5 1 15 9 20 0 1 0 1 0
65 50
50 50 0 0 0 0
2
0 0 0 0
0 0 0 0
0
6.2695 7.1207 8.1604 7.4235 7.8051 6.2599 7.6541 6.5351 7.7356 6.5781 5.9022 7.1268 5.9923 8.0354 5.8414 7.9952 6.7320 8.4799 6.9928 
6.6440 7.5418 7.2431 7.2139 6.5511 7.3254 6.9313 8.3578 6.1329 8.2796 6.3503 7.3437 7.7592 8.2296 6.3905 5.8668 5.8702 8.5279 6.5863 
6.8278 6.3465 7.6055 7.8813 6.8332 6.7813 6.3848 7.1008 5.9633 6.7559 6.8515 8.5561 7.0674 7.6622 5.8124 6.8479 5.9658 6.1605 5.8749 
7.4163 6.8188 7.8317 8.4579 6.1454 6.3335 7.5535 7.4606 7.5594 8.4014 7.9291 7.5925 6.7399 6.6526 7.2252 7.6751 5.7900 7.0647 8.4840 
6.2071 8.2228 8.3573 6.5359 5.8344 6.6361 6.7876 7.0203 7.7217 6.2438 7.7480 6.0575 6.8579 6.7235 6.9257 7.0797 5.8222 8.4292 7.4339 
8.5729 8.2345 7.4763 5.8728 7.9307 6.4655 8.5352 6.2066 8.4950 6.1155 5.8454 7.9037 7.8343 7.1746 7.1692 6.1383 7.9637 5.7808 7.6234 
8.0088 6.2597 8.3250 6.2005 8.5343 8.0379 6.8046 8.2217 6.8755 5.9173 6.0492 5.9961 6.2348 6.1134 6.9941 6.3904 8.1111 8.0493 5.8736 
7.8949 7.0261 7.5415 8.4787 8.0905 7.1255 7.0256 8.3182 6.1650 7.1349 7.6442 5.8352 6.7860 6.9264 5.7644 7.1903 7.0900 6.9704 5.9302 
7.0357 6.9829 7.4713 5.9905 7.7730 5.9610 8.2929 8.1735 5.7654 6.6456 6.8707 5.7527 7.1005 6.2860 7.9023 6.0858 6.1540 6.2116 7.0475 
6.3201 8.0878 7.1762 7.3168 7.0233 5.7663 6.5121 7.9609 5.9802 8.4480 6.9132 7.9327 8.5018 8.0314 6.9854 6.0678 8.0713 6.2982 6.7715 
8.4567 6.5879 5.9041 7.4414 7.0614 5.9325 7.9235 6.7783 5.7544 6.8001 6.6803 8.4971 5.7906 5.8977 6.8142 6.9855 7.4934 5.8757 7.0415 
6.2425 6.5252 7.5640 6.8871 6.8321 6.4131 6.9241 7.0217 5.7705 8.0408 7.6478 6.2549 8.4827 7.7475 7.1745 7.9178 7.1062 6.8338 6.2099 
7.4882 6.1667 8.3060 5.9903 7.1940 6.2222 6.0669 6.6280 6.6668 8.3592 7.4836 6.1627 8.5387 8.4981 6.4866 7.5964 5.8873 7.0512 6.0988 
6.9770 7.3758 6.6412 7.1420 6.6051 6.0004 7.6517 7.7049 7.3042 5.9263 7.1545 6.6347 6.9179 5.8205 6.0507 7.0651 8.0942 8.2898 6.7677 
7.1583 6.9108 6.2466 7.2538 6.3638 6.2352 8.3376 6.6670 6.5103 6.1688 7.0940 7.3440 6.8332 5.8145 8.3236 6.8934 6.2672 6.6677 8.1252 
8.3272 7.9552 6.7355 8.2279 6.6926 7.1773 8.5685 6.5544 8.5338 7.8814 7.6351 8.2133 8.4415 5.8358 7.0271 6.9831 7.5593 5.9364 8.2681 
5.8677 6.0516 6.7924 6.1736 6.1740 6.5089 6.7429 7.7154 6.4780 7.8682 7.1107 7.4922 7.4324 6.2149 6.9951 5.9286 6.7255 7.1927 7.7661 
8.2454 8.5780 7.9889 7.5028 7.2957 5.9916 8.5632 6.2192 6.6934 8.4422 6.1616 5.9700 7.4563 7.2763 6.6495 7.5633 6.2983 6.0965 6.4731 
7.5842 7.2882 6.2992 6.7615 5.8975 6.5453 7.8828 6.1047 6.1958 6.1488 6.7906 7.6110 7.8422 6.3671 6.6143 7.5027 7.6808 6.3100 7.7857 
7.6122 7.1064 7.2665 6.8534 8.3989 8.3831 5.8865 8.2639 7.7497 7.9507 7.2546 7.8806 6.7412 6.1376 5.9369 8.0267 7.3901 6.6423 6.4959 
8.4255 6.7525 8.4434 8.4978 5.9870 7.0187 6.0264 6.6576 6.4706 8.4951 6.7479 7.8081 7.8472 6.5817 6.8265 7.1535 8.3016 8.1172 7.4792 
8.1712 5.8893 8.5932 8.0627 8.3499 7.4248 6.3540 5.9924 7.2247 7.4139 6.9950 6.1526 7.2254 6.3553 7.5752 8.5505 6.1477 7.4862 6.1568 
8.0993 6.4588 6.3088 7.8485 5.8556 7.9224 7.0303 6.1227 8.4510 7.5914 7.9415 6.7054 6.2882 7.4236 7.8716 7.9652 8.5640 5.8470 6.9994 
7.6349 6.7971 8.3053 7.2647 7.7220 8.0034 8.2128 6.7465 8.5559 6.9183 6.9764 8.0875 7.9196 6.7328 5.9980 6.8861 8.2734 6.9890 6.7088 
5.9097 7.4715 8.1956 5.9122 6.7642 8.1696 7.5172 7.3572 7.9158 8.4314 7.7517 7.4178 7.0679 7.4190 8.1741 7.4476 6.4390 7.0025 8.2546 
6.9818 6.4973 6.2100 6.3870 6.4909 6.6268 8.1824 7.3534 8.0013 7.8477 7.5687 8.4761 6.5530 6.8401 6.5876 7.0683 7.7604 5.8345 7.4118 
7.7184 6.1164 7.1724 8.0595 7.5706 8.3294 7.0492 7.2395 8.2695 7.6249 6.3835 6.8878 7.2804 7.9233 7.3410 8.5100 6.5828 8.3156 7.0186 
8.4450 8.5865 7.6455 7.2360 6.8398 6.5772 6.6394 7.7891 7.2420 8.5702 6.7652 6.6054 6.0471 6.1227 7.6453 7.4474 8.2350 8.5422 6.6136 
6.4388 8.1300 8.3825 7.5888 6.5718 8.0054 7.6469 7.1543 6.3269 5.8165 7.2070 6.4126 7.3510 7.3722 5.9482 7.1949 7.0842 6.1988 6.0167 
7.7937 7.9724 7.2858 8.1702 6.0603 5.8691 7.1206 8.1059 6.2337 7.6268 6.0973 7.9110 8.5787 6.2867 7.2221 6.5095 6.1755 6.0302 8.1659 
6.6284 7.7749 6.6860 6.5469 5.9603 6.2879 6.5042 8.4321 7.3379 6.6680 7.9179 7.9753 7.9817 7.6697 8.1269 6.7328 6.0265 7.2529 8.2339 
5.8887 6.1249 7.1843 6.1842 5.9307 6.7349 7.5000 8.1716 7.5698 8.4097 8.3977 8.0778 8.4774 6.2452 8.3056 6.1669 5.9615 8.2688 7.9272 
8.2675 6.4306 5.9724 7.7439 6.4801 7.4075 7.0632 6.3048 8.2754 6.1861 5.7598 6.9079 7.4833 8.1417 6.7896 6.3530 6.9051 6.5944 5.8861 
7.0142 7.8115 6.8766 7.5591 7.5784 8.2583 6.9460 6.4939 7.2146 5.7545 8.2396 5.8947 7.6865 5.7838 7.3065 8.0378 8.0070 8.1153 8.0143 
8.5816 7.7453 5.8540 7.0538 7.8617 6.2620 8.3515 7.3928 6.7925 5.8088 7.8027 7.9070 8.1320 6.2464 6.1973 8.0369 8.3770 6.4643 8.3818 
8.1678 7.5188 6.3754 7.3049 7.4266 7.4068 7.6955 6.4081 6.8011 6.3398 8.4282 8.0425 7.2802 6.2146 6.2902 8.5005 7.8298 6.3235 8.4212 
8.5986 6.7791 6.3892 8.3937 7.5589 7.3738 6.2697 6.7537 6.7798 8.5778 6.8935 5.7963 8.0319 6.1976 6.4177 7.7277 5.8129 7.3649 6.0621 
7.0196 8.2860 8.1054 5.8108 8.3266 7.3160 7.0191 5.7616 5.9959 7.1422 7.8860 8.5092 5.9023 7.1947 8.4099 6.0710 8.3484 6.5992 7.2878 
12
1
0 1 11 1 0 0 10
6
0 0 11 9 20 0 11 0 0 0
1 1 7 9 20 0 11 0 0 0
2 0 8 6 30 0 6 0 0 1
3 1 11 11 20 0 6 0 0 0
4 0 3 10 20 0 2 0 0 0
5 1 14 8 20 0 2 0 1 0
68 53
50 50 0 0 0 0
2
0 0 0 0
0 0 0 0
0
6.0844 6.9101 7.9186 7.2038 7.5739 6.0751 7.4275 6.3420 7.5065 6.3838 5.7281 6.9160 5.8155 7.7973 5.6692 7.7583 6.5330 8.2285 6.7860 
6.4477 7.3185 7.0288 7.0005 6.3576 7.1086 6.7264 8.1101 5.9519 8.0342 6.1628 7.1264 7.5294 7.9857 6.2018 5.6938 5.6971 8.2751 6.3917 
6.6260 6.1591 7.3803 7.6479 6.6312 6.5809 6.1963 6.8908 5.7874 6.5562 6.6490 8.3024 6.8584 7.4353 5.6410 6.6455 5.7898 5.9787 5.7017 
7.1968 6.6172 7.5997 8.2072 5.9640 6.1465 7.3299 7.2398 7.3356 8.1524 7.6942 7.3677 6.5407 6.4560 7.0114 7.4478 5.6193 6.8558 8.2325 
6.0239 7.9791 8.1096 6.3428 5.6624 6.4400 6.5870 6.8127 7.4930 6.0595 7.5186 5.8788 6.6552 6.5248 6.7209 6.8703 5.6505 8.1793 7.2139 
8.3187 7.9905 7.2550 5.6996 7.6958 6.2745 8.2821 6.0234 8.2432 5.9350 5.6730 7.6696 7.6023 6.9624 6.9571 5.9572 7.7278 5.6104 7.3977 
7.7715 6.0749 8.0783 6.0175 8.2813 7.7998 6.6035 7.9780 6.6722 5.7428 5.8707 5.8192 6.0508 5.9330 6.7873 6.2017 7.8708 7.8108 5.7004 
7.6611 6.8183 7.3183 8.2273 7.8508 6.9147 6.8178 8.0717 5.9831 6.9239 7.4179 5.6631 6.5854 6.7216 5.5945 6.9776 6.8803 6.7643 5.7553 
6.8276 6.7764 7.2502 5.8138 7.5428 5.7852 8.0471 7.9313 5.5954 6.4492 6.6676 5.5831 6.8905 6.1004 7.6682 5.9062 5.9724 6.0283 6.8391 
6.1335 7.8482 6.9639 7.1003 6.8156 5.5963 6.3197 7.7251 5.8038 8.1976 6.7088 7.6977 8.2497 7.7935 6.7788 5.8888 7.8322 6.1123 6.5714 
8.2060 6.3933 5.7300 7.2212 6.8526 5.7575 7.6888 6.5780 5.5848 6.5991 6.4829 8.2452 5.6199 5.7238 6.6128 6.7789 7.2716 5.7024 6.8333 
6.0582 6.3324 7.3401 6.6835 6.6301 6.2237 6.7194 6.8140 5.6004 7.8026 7.4214 6.0703 8.2312 7.5181 6.9623 7.6833 6.8960 6.6318 6.0266 
7.2666 5.9847 8.0598 5.8136 6.9812 6.0385 5.8879 6.4322 6.4698 8.1114 7.2621 5.9808 8.2855 8.2462 6.2950 7.3715 5.7137 6.8427 5.9188 
6.7707 7.1575 6.4450 6.9307 6.4099 5.8234 7.4251 7.4768 7.0881 5.7515 6.9429 6.4387 6.7134 5.6489 5.8722 6.8561 7.8544 8.0441 6.5677 
6.9466 6.7065 6.0622 7.0392 6.1759 6.0511 8.0905 6.4700 6.3180 5.9867 6.8842 7.1267 6.6312 5.6431 8.0769 6.6896 6.0822 6.4707 7.8844 
8.0804 7.7195 6.5364 7.9841 6.4948 6.9650 8.3144 6.3608 8.2808 7.6480 7.4090 7.9699 8.1913 5.6637 6.8193 6.7766 7.3355 5.7613 8.0231 
5.6947 5.8731 6.5916 5.9914 5.9918 6.3166 6.5436 7.4869 6.2867 7.6352 6.9004 7.2704 7.2124 6.0315 6.7882 5.7537 6.5267 6.9799 7.5361 
8.0010 8.3237 7.7522 7.2807 7.0798 5.8149 8.3093 6.0356 6.4956 8.1919 5.9798 5.7939 7.2356 7.0610 6.4530 7.3394 6.1124 5.9166 6.2819 
7.3597 7.0726 6.1132 6.5617 5.7236 6.3519 7.6493 5.9246 6.0129 5.9673 6.5899 7.3857 7.6099 6.1791 6.4189 7.2806 7.4534 6.1237 7.5551 
7.3868 6.8962 7.0515 6.6508 8.1499 8.1346 5.7129 8.0190 7.5202 7.7152 7.0400 7.6472 6.5420 5.9565 5.7618 7.7889 7.1714 6.4460 6.3040 
8.1757 6.5529 8.1931 8.2459 5.8104 6.8111 5.8486 6.4609 6.2795 8.2432 6.5485 7.5769 7.6148 6.3872 6.6247 6.9419 8.0556 7.8767 7.2578 
7.9291 5.7156 8.3384 7.8238 8.1024 7.2051 6.1664 5.8156 7.0110 7.1945 6.7882 5.9710 7.0116 6.1676 7.3509 8.2970 5.9663 7.2646 5.9751 
7.8593 6.2680 6.1225 7.6160 5.6829 7.6877 6.8224 5.9420 8.2005 7.3667 7.7063 6.5072 6.1026 7.2039 7.6385 7.7292 8.3101 5.6746 6.7924 
7.4089 6.5962 8.0591 7.0498 7.4933 7.7663 7.9694 6.5471 8.3022 6.7138 6.7701 7.8479 7.6850 6.5338 5.8211 6.6825 8.0282 6.7823 6.5105 
5.7354 7.2504 7.9527 5.7378 6.5643 7.9275 7.2947 7.1395 7.6813 8.1815 7.5221 7.1983 6.8589 7.1994 7.9319 7.2272 6.2488 6.7954 8.0100 
6.7753 6.3054 6.0267 6.1984 6.2992 6.4310 7.9399 7.1358 7.7643 7.6153 7.3446 8.2248 6.3594 6.6379 6.3930 6.8593 7.5306 5.6625 7.1924 
7.4898 5.9359 6.9602 7.8207 7.3465 8.0825 6.8407 7.0253 8.0244 7.3992 6.1950 6.6842 7.0650 7.6886 7.1238 8.2577 6.3883 8.0691 6.8110 
8.1947 8.3319 7.4191 7.0219 6.6376 6.3829 6.4432 7.5584 7.0277 8.3161 6.5652 6.4102 5.8687 5.9420 7.4189 7.2270 7.9910 8.2889 6.4182 
6.2486 7.8891 8.1340 7.3641 6.3776 7.7682 7.4205 6.9427 6.1401 5.6450 6.9938 6.2232 7.1335 7.1540 5.7728 6.9821 6.8747 6.0158 5.8392 
7.5629 7.7362 7.0702 7.9281 5.8815 5.6960 6.9100 7.8657 6.0497 7.4010 5.9174 7.6767 8.3243 6.1011 7.0084 6.3172 5.9932 5.8523 7.9239 
6.4325 7.5447 6.4884 6.3535 5.7845 6.1023 6.3121 8.1821 7.1208 6.4710 7.6834 7.7390 7.7452 7.4426 7.8861 6.5338 5.8487 7.0383 7.9899 
5.7150 5.9442 6.9718 6.0017 5.7558 6.5359 7.2780 7.9295 7.3457 8.1604 8.1488 7.8385 8.2261 6.0608 8.0594 5.9849 5.7857 8.0237 7.6924 
8.0225 6.2407 5.7962 7.5146 6.2887 7.1883 6.8543 6.1187 8.0301 6.0035 5.5900 6.7037 7.2618 7.9004 6.5889 6.1654 6.7009 6.3996 5.7125 
6.8068 7.5802 6.6733 7.3353 7.3540 8.0136 6.7406 6.3021 7.0012 5.5849 7.9954 5.7209 7.4589 5.6133 7.0903 7.7997 7.7698 7.8748 7.7769 
8.3272 7.5159 5.6814 6.8452 7.6288 6.0771 8.1040 7.1740 6.5917 5.6375 7.5716 7.6728 7.8910 6.0620 6.0144 7.7988 8.1287 6.2734 8.1333 
7.9258 7.2962 6.1871 7.0888 7.2068 7.1876 7.4676 6.2189 6.6001 6.1526 8.1784 7.8042 7.0648 6.0312 6.1045 8.2485 7.5979 6.1368 8.1716 
8.3436 6.5787 6.2005 8.1449 7.3351 7.1556 6.0846 6.5541 6.5794 8.3235 6.6897 5.6254 7.7939 6.0147 6.2282 7.4989 5.6415 7.1470 5.8832 
6.8120 8.0404 7.8652 5.6395 8.0798 7.0995 6.8115 5.5918 5.8190 6.9309 7.6524 8.2569 5.7282 6.9819 8.1606 5.8919 8.1009 6.4042 7.0722 
13
1
0 1 11 1 0 0 10
6
0 0 11 10 20 0 12 0 0 0
1 1 6 8 20 0 12 0 0 0
2 0 8 5 30 0 7 0 0 1
3 1 10 12 20 0 7 0 0 0
4 0 4 10 20 0 3 0 0 0
5 1 13 8 20 0 3 0 1 0
8 53
50 50 0 0 0 0
2
0 0 0 24
0 0 0 0
0
5.9049 6.7058 7.6840 6.9907 7.3497 5.8958 7.2077 6.1547 7.2843 6.1953 5.5593 6.7115 5.6440 7.5664 5.5021 7.5286 6.3400 7.9846 6.5854 
6.2573 7.1019 6.8209 6.7935 6.1699 6.8983 6.5276 7.8698 5.7763 7.7962 5.9809 6.9156 7.3065 7.7491 6.0187 5.5260 5.5292 8.0298 6.2029 
6.4302 5.9773 7.1619 7.4215 6.4353 6.3865 6.0134 6.6871 5.6168 6.3625 6.4525 8.0563 6.6556 7.2152 5.4748 6.4491 5.6191 5.8023 5.5336 
6.9839 6.4217 7.3747 7.9640 5.7881 5.9651 7.1130 7.0256 7.1185 7.9108 7.4664 7.1497 6.3475 6.2653 6.8041 7.2274 5.4537 6.6531 7.9885 
5.8462 7.7427 7.8693 6.1555 5.4955 6.2498 6.3924 6.6113 7.2712 5.8807 7.2960 5.7054 6.4585 6.3321 6.5223 6.6672 5.4840 7.9369 7.0005 
8.0721 7.7538 7.0404 5.5316 7.4679 6.0893 8.0366 5.8457 7.9989 5.7600 5.5058 7.4425 7.3772 6.7565 6.7514 5.7815 7.4990 5.4451 7.1788 
7.5414 5.8957 7.8390 5.8400 8.0359 7.5688 6.4084 7.7417 6.4750 5.5735 5.6976 5.6476 5.8723 5.7580 6.5867 6.0186 7.6377 7.5795 5.5324 
7.4343 6.6168 7.1018 7.9835 7.6183 6.7103 6.6163 7.8325 5.8066 6.7192 7.1984 5.4962 6.3908 6.5230 5.4297 6.7713 6.6769 6.5644 5.5856 
6.6258 6.5761 7.0357 5.6424 7.3195 5.6146 7.8087 7.6964 5.4305 6.2587 6.4706 5.4186 6.6868 5.9204 7.4412 5.7320 5.7962 5.8505 6.6369 
5.9525 7.6158 6.7580 6.8903 6.6141 5.4314 6.1331 7.4963 5.6327 7.9547 6.5105 7.4698 8.0052 7.5627 6.5784 5.7151 7.6002 5.9319 6.3773 
7.9628 6.2045 5.5611 7.0076 6.6500 5.5878 7.4611 6.3837 5.4203 6.4041 6.2914 8.0008 5.4543 5.5551 6.4174 6.5785 7.0565 5.5343 6.6313 
5.8795 6.1454 7.1229 6.4860 6.4342 6.0400 6.5208 6.6126 5.4354 7.5715 7.2018 5.8912 7.9873 7.2956 6.7564 7.4558 6.6921 6.4358 5.8488 
7.0516 5.8082 7.8210 5.6422 6.7748 5.8603 5.7143 6.2422 6.2787 7.8711 7.0472 5.8044 8.0399 8.0018 6.1092 7.1534 5.5453 6.6404 5.7442 
6.5706 6.9458 6.2547 6.7258 6.2206 5.6517 7.2053 7.2555 6.8785 5.5820 6.7376 6.2485 6.5150 5.4824 5.6990 6.6534 7.6218 7.8058 6.3737 
6.7412 6.5083 5.8833 6.8310 5.9936 5.8726 7.8508 6.2789 6.1315 5.8101 6.6807 6.9159 6.4353 5.4768 7.8376 6.4919 5.9027 6.2796 7.6509 
7.8410 7.4909 6.3433 7.7476 6.3030 6.7591 8.0680 6.1730 8.0354 7.4216 7.1897 7.7338 7.9486 5.4968 6.6177 6.5763 7.1184 5.5915 7.7854 
5.5269 5.6999 6.3969 5.8147 5.8150 6.1301 6.3503 7.2653 6.1011 7.4091 6.6964 7.0553 6.9990 5.8536 6.5876 5.5841 6.3339 6.7735 7.3130 
7.7640 8.0770 7.5226 7.0653 6.8704 5.6435 8.0630 5.8575 6.3037 7.9491 5.8034 5.6231 7.0215 6.8522 6.2624 7.1222 5.9320 5.7421 6.0964 
7.1419 6.8634 5.9328 6.3678 5.5549 6.1643 7.4228 5.7499 5.8355 5.7913 6.3952 7.1671 7.3846 5.9967 6.2293 7.0652 7.2328 5.9430 7.3314 
7.1682 6.6923 6.8430 6.4543 7.9084 7.8936 5.5445 7.7814 7.2976 7.4867 6.8318 7.4208 6.3487 5.7808 5.5919 7.5582 6.9593 6.2556 6.1179 
7.9334 6.3593 7.9503 8.0015 5.6391 6.6098 5.6761 6.2701 6.0941 7.9989 6.3550 7.3526 7.3894 6.1986 6.4290 6.7366 7.8169 7.6434 7.0431 
7.6942 5.5471 8.0912 7.5921 7.8623 6.9919 5.9844 5.6441 6.8037 6.9817 6.5876 5.7949 6.8043 5.9856 7.1334 8.0511 5.7903 7.0497 5.7988 
7.6265 6.0830 5.9418 7.3905 5.5154 7.4601 6.6207 5.7667 7.9575 7.1487 7.4781 6.3150 5.9225 6.9908 7.4123 7.5003 8.0638 5.5074 6.5916 
7.1896 6.4013 7.8203 6.8413 7.2715 7.5363 7.7333 6.3537 8.0561 6.5154 6.5700 7.6155 7.4575 6.3408 5.6495 6.4850 7.7904 6.5818 6.3182 
5.5663 7.0359 7.7171 5.5687 6.3704 7.6927 7.0789 6.9283 7.4539 7.9391 7.2994 6.9854 6.6561 6.9864 7.6969 7.0134 6.0643 6.5945 7.7727 
6.5750 6.1192 5.8489 6.0154 6.1132 6.2411 7.7047 6.9247 7.5344 7.3898 7.1273 7.9811 6.1716 6.4418 6.2042 6.6565 7.3077 5.4956 6.9796 
7.2681 5.7608 6.7544 7.5891 7.1291 7.8430 6.6385 6.8175 7.7867 7.1802 6.0122 6.4867 6.8561 7.4609 6.9131 8.0130 6.1997 7.8300 6.6097 
7.9519 8.0849 7.1995 6.8142 6.4415 6.1944 6.2529 7.3346 6.8199 8.0696 6.3712 6.2209 5.6956 5.7667 7.1993 7.0132 7.7543 8.0432 6.2287 
6.0641 7.6554 7.8930 7.1462 6.1893 7.5382 7.2009 6.7374 5.9589 5.4787 6.7870 6.0395 6.9225 6.9424 5.6026 6.7756 6.6715 5.8383 5.6670 
7.3390 7.5071 6.8611 7.6933 5.7081 5.5281 6.7057 7.6327 5.8712 7.1820 5.7429 7.4494 8.0776 5.9211 6.8011 6.1307 5.8164 5.6797 7.6892 
6.2425 7.3214 6.2967 6.1659 5.6140 5.9222 6.1257 7.9396 6.9102 6.2799 7.4559 7.5098 7.5158 7.2223 7.6525 6.3408 5.6762 6.8302 7.7532 
5.5466 5.7689 6.7656 5.8246 5.5861 6.3428 7.0627 7.6946 7.1283 7.9186 7.9073 7.6063 7.9823 5.8820 7.8206 5.8084 5.6151 7.7860 7.4646 
7.7848 6.0565 5.6253 7.2922 6.1030 6.9757 6.6517 5.9381 7.7922 5.8264 5.4253 6.5056 7.0469 7.6664 6.3942 5.9834 6.5029 6.2106 5.5441 
6.6056 7.3558 6.4761 7.1182 7.1364 7.7762 6.5414 6.1160 6.7942 5.4204 7.7585 5.5523 7.2381 5.4479 6.8806 7.5687 7.5397 7.6416 7.5466 
8.0804 7.2934 5.5140 6.6428 7.4029 5.8978 7.8639 6.9618 6.3969 5.4714 7.3475 7.4456 7.6573 5.8831 5.8370 7.5678 7.8878 6.0882 7.8923 
7.6910 7.0803 6.0045 6.8791 6.9936 6.9750 7.2466 6.0353 6.4051 5.9710 7.9360 7.5731 6.8559 5.8533 5.9244 8.0040 7.3730 5.9557 7.9295 
8.0963 6.3843 6.0175 7.9036 7.1180 6.9439 5.9051 6.3605 6.3850 8.0768 6.4920 5.4596 7.5631 5.8373 6.0444 7.2769 5.4753 6.9356 5.7097 
6.6106 7.8022 7.6322 5.4733 7.8404 6.8895 6.6102 5.4270 5.6474 6.7260 7.4258 8.0122 5.5594 6.7754 7.9188 5.7181 7.8609 6.2151 6.8630 
14
1
0 1 11 1 0 0 10
6
0 0 12 10 20 0 13 0 0 0
1 1 7 7 20 0 13 0 0 0
2 0 7 6 30 0 8 0 0 1
3 1 9 12 20 0 8 0 0 0
4 0 5 10 20 0 4 0 0 0
5 1 12 8 20 0 4 0 1 0
11 56
50 50 0 0 0 0
2
0 0 0 23
0 0 0 0
0
5.7308 6.5076 7.4565 6.7840 7.1322 5.7219 6.9945 5.9731 7.0688 6.0124 5.3955 6.5132 5.4777 7.3424 5.3400 7.3057 6.1528 7.7481 6.3908 
6.0726 6.8918 6.6193 6.5927 5.9878 6.6944 6.3348 7.6367 5.6060 7.5653 5.8045 6.7111 7.0903 7.5196 5.8411 5.3632 5.3663 7.7919 6.0198 
6.2403 5.8010 6.9500 7.2019 6.2452 6.1979 5.8360 6.4895 5.4513 6.1746 6.2619 7.8176 6.4589 7.0017 5.3136 6.2586 5.4535 5.6312 5.3706 
6.7774 6.2320 7.1565 7.7281 5.6175 5.7891 6.9026 6.8178 6.9079 7.6765 7.2454 6.9382 6.1601 6.0803 6.6030 7.0136 5.2931 6.4565 7.7518 
5.6738 7.5134 7.6362 5.9738 5.3336 6.0653 6.2036 6.4160 7.0561 5.7073 7.0801 5.5372 6.2677 6.1451 6.3296 6.4702 5.3225 7.7018 6.7935 
7.8329 7.5242 6.8322 5.3687 7.2469 5.9096 7.7985 5.6733 7.7619 5.5902 5.3436 7.2222 7.1589 6.5568 6.5519 5.6111 7.2770 5.2847 6.9664 
7.3182 5.7218 7.6068 5.6678 7.7978 7.3447 6.2191 7.5124 6.2838 5.4093 5.5297 5.4812 5.6991 5.5883 6.3921 5.8410 7.4116 7.3551 5.3694 
7.2143 6.4213 6.8917 7.7470 7.3928 6.5120 6.4208 7.6005 5.6354 6.5206 6.9854 5.3343 6.2021 6.3303 5.2698 6.5712 6.4796 6.3705 5.4210 
6.4300 6.3818 6.8276 5.4761 7.1029 5.4492 7.5774 7.4685 5.2706 6.0739 6.2795 5.2590 6.4892 5.7458 7.2210 5.5630 5.6253 5.6780 6.4408 
5.7769 7.3903 6.5583 6.6866 6.4187 5.2715 5.9521 7.2744 5.4667 7.7191 6.3182 7.2487 7.7680 7.3388 6.3840 5.5466 7.3752 5.7569 6.1890 
7.7269 6.0214 5.3973 6.8004 6.4535 5.4232 7.2403 6.1952 5.2607 6.2150 6.1057 7.7638 5.2937 5.3914 6.2279 6.3841 6.8478 5.3713 6.4354 
5.7061 5.9640 6.9122 6.2944 6.2442 5.8618 6.3282 6.4172 5.2753 7.3474 6.9887 5.7175 7.7507 7.0797 6.5567 7.2351 6.4943 6.2457 5.6763 
6.8431 5.6370 7.5894 5.4759 6.5746 5.6875 5.5459 6.0579 6.0933 7.6380 6.8388 5.6333 7.8017 7.7647 5.9289 6.9418 5.3819 6.4442 5.5749 
6.3765 6.7404 6.0701 6.5270 6.0370 5.4851 6.9921 7.0408 6.6751 5.4175 6.5385 6.0640 6.3226 5.3209 5.5310 6.4568 7.3961 7.5746 6.1855 
6.5420 6.3161 5.7098 6.6291 5.8168 5.6994 7.6183 6.0935 5.9506 5.6388 6.4833 6.7114 6.2452 5.3155 7.6055 6.3001 5.7286 6.0942 7.4244 
7.6088 7.2692 6.1560 7.5182 6.1169 6.5593 7.8290 5.9908 7.7973 7.2020 6.9770 7.5048 7.7131 5.3349 6.4222 6.3820 6.9078 5.4268 7.5548 
5.3641 5.5319 6.2080 5.6433 5.6436 5.9492 6.1628 7.0503 5.9211 7.1898 6.4985 6.8466 6.7920 5.6810 6.3930 5.4196 6.1469 6.5733 7.0966 
7.5341 7.8377 7.2999 6.8563 6.6673 5.4772 7.8241 5.6848 6.1176 7.7136 5.6323 5.4574 6.8139 6.6496 6.0775 6.9115 5.7570 5.5728 5.9165 
6.9306 6.6605 5.7578 6.1798 5.3913 5.9824 7.2031 5.5804 5.6634 5.6206 6.2063 6.9551 7.1661 5.8198 6.0454 6.8562 7.0188 5.7677 7.1145 
6.9562 6.4945 6.6407 6.2637 7.6741 7.6598 5.3812 7.5510 7.0817 7.2651 6.6298 7.2012 6.1612 5.6104 5.4271 7.3345 6.7535 6.0709 5.9374 
7.6984 6.1715 7.7148 7.7645 5.4729 6.4145 5.5088 6.0850 5.9143 7.7619 6.1674 7.1350 7.1707 6.0156 6.2391 6.5375 7.5854 7.4171 6.8348 
7.4664 5.3837 7.8515 7.3673 7.6294 6.7851 5.8079 5.4778 6.6026 6.7752 6.3930 5.6241 6.6032 5.8090 6.9224 7.8126 5.6196 6.8412 5.6278 
7.4007 5.9035 5.7665 7.1718 5.3529 7.2393 6.4251 5.5967 7.7218 6.9372 7.2568 6.1286 5.7478 6.7841 7.1929 7.2783 7.8249 5.3452 6.3969 
6.9769 6.2123 7.5887 6.6391 7.0564 7.3132 7.5043 6.1661 7.8174 6.3229 6.3759 7.3900 7.2368 6.1536 5.4830 6.2935 7.5597 6.3873 6.1317 
5.4023 6.8278 7.4886 5.4046 6.1823 7.4649 6.8695 6.7235 7.2333 7.7039 7.0834 6.7788 6.4594 6.7798 7.4690 6.8060 5.8854 6.3997 7.5425 
6.3808 5.9386 5.6764 5.8379 5.9328 6.0569 7.4766 6.7200 7.3114 7.1711 6.9165 7.7447 5.9895 6.2515 6.0211 6.4598 7.0915 5.3337 6.7732 
7.0531 5.5910 6.5548 7.3644 6.9182 7.6107 6.4423 6.6160 7.5561 6.9678 5.8348 6.2951 6.6534 7.2401 6.7087 7.7756 6.0167 7.5981 6.4144 
7.7163 7.8454 6.9865 6.6128 6.2513 6.0116 6.0683 7.1176 6.6183 7.8305 6.1831 6.0373 5.5277 5.5967 6.9863 6.8058 7.5247 7.8049 6.0448 
5.8852 7.4287 7.6592 6.9348 6.0066 7.3151 6.9879 6.5383 5.7831 5.3173 6.5864 5.8613 6.7178 6.7371 5.4375 6.5753 6.4744 5.6662 5.5000 
7.1218 7.2849 6.6583 7.4655 5.5399 5.3653 6.5075 7.4067 5.6981 6.9695 5.5736 7.2289 7.8383 5.7465 6.6001 5.9498 5.6449 5.5123 7.4615 
6.0582 7.1048 6.1108 5.9839 5.4486 5.7475 5.9449 7.7044 6.7059 6.0945 7.2352 7.2875 7.2933 7.0086 7.4259 6.1536 5.5089 6.6283 7.5236 
5.3832 5.5988 6.5656 5.6529 5.4215 6.1555 6.8538 7.4668 6.9175 7.6840 7.6731 7.3811 7.7458 5.7085 7.5890 5.6371 5.4496 7.5554 7.2437 
7.5543 5.8778 5.4595 7.0764 5.9229 6.7694 6.4551 5.7630 7.5614 5.6546 5.2655 6.3134 6.8385 7.4394 6.2054 5.8069 6.3108 6.0273 5.3808 
6.4104 7.1381 6.2848 6.9077 6.9253 7.5459 6.3482 5.9355 6.5934 5.2608 7.5287 5.3887 7.0240 5.2875 6.6772 7.3446 7.3165 7.4154 7.3232 
7.8410 7.0776 5.3516 6.4465 7.1838 5.7239 7.6310 6.7559 6.2080 5.3103 7.1301 7.2252 7.4306 5.7096 5.6649 7.3438 7.6542 5.9086 7.6585 
7.4633 6.8709 5.8274 6.6757 6.7868 6.7688 7.0322 5.8572 6.2159 5.7949 7.7009 7.3489 6.6532 5.6807 5.7497 7.7669 7.1548 5.7800 7.6946 
7.8564 6.1958 5.8400 7.6695 6.9075 6.7386 5.7309 6.1727 6.1965 7.8375 6.3002 5.2988 7.3392 5.6652 5.8661 7.0616 5.3140 6.7305 5.5414 
6.4153 7.5711 7.4062 5.3121 7.6082 6.6858 6.4149 5.2672 5.4810 6.5272 7.2060 7.7748 5.3956 6.5751 7.6842 5.5496 7.6281 6.0316 6.6601 
15
1
0 1 11 1 0 0 10
8
0 0 13 10 20 0 14 0 0 0
1 1 6 6 20 0 14 0 0 0
2 0 8 6 30 0 9 0 0 1
3 1 8 12 20 0 9 0 0 0
4 0 6 10 20 0 5 0 0 0
5 1 11 8 20 0 5 0 0 0
6 0 2 9 20 0 0 0 0 0
7 1 16 9 20 0 0 0 2 0
11 56
50 50 0 0 0 0
2
0 0 0 22
0 0 0 0
0
5.5619 6.3154 7.2358 6.5835 6.9212 5.5532 6.7877 5.7969 6.8597 5.8350 5.2366 6.3208 5.3164 7.1251 5.1828 7.0895 5.9712 7.5187 6.2021 
5.8934 6.6880 6.4237 6.3979 5.8112 6.4966 6.1478 7.4106 5.4408 7.3413 5.6334 6.5128 6.8806 7.2970 5.6689 5.2053 5.2083 7.5611 5.8422 
6.0561 5.6300 6.7445 6.9888 6.0608 6.0150 5.6639 6.2978 5.2908 5.9924 6.0770 7.5861 6.2681 6.7946 5.1572 6.0738 5.2929 5.4653 5.2125 
6.5771 6.0480 6.9448 7.4993 5.4520 5.6184 6.6985 6.6163 6.7037 7.4492 7.0310 6.7331 5.9783 5.9009 6.4079 6.8062 5.1373 6.2658 7.5222 
5.5066 7.2910 7.4101 5.7976 5.1766 5.8863 6.0205 6.2265 6.8474 5.5391 6.8707 5.3741 6.0827 5.9637 6.1427 6.2791 5.1658 7.4737 6.5927 
7.6009 7.3015 6.6302 5.2106 7.0325 5.7353 7.5675 5.5061 7.5320 5.4255 5.1863 7.0085 6.9471 6.3631 6.3583 5.4458 7.0617 5.1292 6.7604 
7.1017 5.5531 7.3816 5.5008 7.5669 7.1274 6.0355 7.2900 6.0983 5.2500 5.3668 5.3198 5.5311 5.4237 6.2033 5.6688 7.1923 7.1374 5.2113 
7.0009 6.2317 6.6879 7.5176 7.1740 6.3196 6.2312 7.3755 5.4693 6.3280 6.7788 5.1773 6.0190 6.1434 5.1147 6.3771 6.2882 6.1824 5.2614 
6.2401 6.1933 6.6258 5.3148 6.8928 5.2887 7.3531 7.2474 5.1155 5.8947 6.0941 5.1042 6.2975 5.5764 7.0074 5.3991 5.4595 5.5107 6.2506 
5.6066 7.1716 6.3646 6.4890 6.2291 5.1164 5.7765 7.0592 5.3057 7.4905 6.1317 7.0342 7.5380 7.1216 6.1955 5.3832 7.1569 5.5872 6.0063 
7.4981 5.8438 5.2384 6.5994 6.2629 5.2635 7.0261 6.0123 5.1059 6.0316 5.9255 7.5339 5.1379 5.2327 6.0441 6.1956 6.6454 5.2132 6.2453 
5.5379 5.7881 6.7078 6.1086 6.0599 5.6889 6.1414 6.2277 5.1200 7.1300 6.7820 5.5490 7.5212 6.8703 6.3630 7.0210 6.3025 6.0613 5.5090 
6.6408 5.4709 7.3647 5.3146 6.3804 5.5199 5.3825 5.8792 5.9135 7.4119 6.6366 5.4673 7.5706 7.5348 5.7540 6.7365 5.2234 6.2539 5.4107 
6.1882 6.5412 5.8910 6.3342 5.8589 5.3235 6.7853 6.8326 6.4778 5.2580 6.3453 5.8851 6.1359 5.1643 5.3681 6.2661 7.1772 7.3504 6.0029 
6.3487 6.1296 5.5415 6.4332 5.6453 5.5314 7.3928 5.9137 5.7751 5.4726 6.2918 6.5131 6.0608 5.1590 7.3803 6.1141 5.5597 5.9144 7.2047 
7.3835 7.0541 5.9743 7.2957 5.9364 6.3655 7.5971 5.8141 7.5664 6.9889 6.7707 7.2827 7.4847 5.1779 6.2325 6.1935 6.7036 5.2670 7.3312 
5.2062 5.3689 6.0248 5.4770 5.4773 5.7737 5.9809 6.8418 5.7465 6.9771 6.3065 6.6442 6.5912 5.5136 6.2042 5.2600 5.9655 6.3791 6.8867 
7.3111 7.6056 7.0839 6.6536 6.4703 5.3159 7.5924 5.5173 5.9371 7.4852 5.4663 5.2967 6.6125 6.4531 5.8982 6.7072 5.5873 5.4086 5.7420 
6.7257 6.4637 5.5881 5.9974 5.2326 5.8059 6.9900 5.4160 5.4965 5.4550 6.0231 6.7494 6.9541 5.6482 5.8670 6.6535 6.8112 5.5977 6.9041 
6.7505 6.3027 6.4445 6.0788 7.4469 7.4330 5.2228 7.3275 6.8722 7.0501 6.4339 6.9882 5.9794 5.4451 5.2673 7.1175 6.5539 5.8918 5.7623 
7.4704 5.9894 7.4864 7.5346 5.3117 6.2251 5.3465 5.9055 5.7399 7.5320 5.9854 6.9240 6.9586 5.8381 6.0549 6.3444 7.3608 7.1976 6.6328 
7.2454 5.2252 7.6190 7.1493 7.4035 6.5845 5.6367 5.3165 6.4075 6.5749 6.2042 5.4584 6.4081 5.6377 6.7177 7.5812 5.4540 6.6390 5.4620 
7.1817 5.7294 5.5965 6.9596 5.1953 7.0251 6.2353 5.4318 7.4931 6.7321 7.0421 5.9477 5.5784 6.5836 6.9801 7.0630 7.5932 5.1878 6.2080 
6.7706 6.0289 7.3640 6.4429 6.8477 7.0968 7.2822 5.9841 7.5859 6.1362 6.1876 7.1713 7.0227 5.9720 5.3215 6.1077 7.3359 6.1987 5.9507 
5.2432 6.6260 7.2669 5.2455 5.9998 7.2440 6.6664 6.5248 7.0193 7.4758 6.8739 6.5784 6.2686 6.5794 7.2479 6.6048 5.7118 6.2107 7.3192 
6.1924 5.7634 5.5091 5.6658 5.7578 5.8782 7.2553 6.5214 7.0951 6.9590 6.7120 7.5154 5.8128 6.0670 5.8435 6.2690 6.8818 5.1767 6.5730 
6.8445 5.4263 6.3612 7.1465 6.7137 7.3854 6.2520 6.4205 7.3324 6.7618 5.6628 6.1092 6.4568 7.0259 6.5104 7.5453 5.8392 7.3732 6.2250 
7.4878 7.6130 6.7799 6.4174 6.0668 5.8343 5.8893 6.9071 6.4228 7.5986 6.0006 5.8592 5.3649 5.4318 6.7797 6.6046 7.3020 7.5738 5.8665 
5.7116 7.2088 7.4324 6.7298 5.8294 7.0986 6.7813 6.3452 5.6126 5.1608 6.3918 5.6885 6.5193 6.5380 5.2774 6.3810 6.2832 5.4992 5.3380 
6.9111 7.0694 6.4616 7.2445 5.3767 5.2073 6.3153 7.1875 5.5302 6.7634 5.4094 7.0150 7.6062 5.5771 6.4051 5.7743 5.4786 5.3499 7.2407 
5.8795 6.8947 5.9305 5.8074 5.2881 5.5781 5.7696 7.4763 6.5077 5.9147 7.0211 7.0719 7.0775 6.8013 7.2061 5.9720 5.3466 6.4325 7.3009 
5.2247 5.4338 6.3716 5.4863 5.2619 5.9738 6.6512 7.2458 6.7130 7.4565 7.4459 7.1627 7.5164 5.5402 7.3643 5.4710 5.2891 7.3317 7.0294 
7.3307 5.7045 5.2987 6.8671 5.7482 6.5693 6.2644 5.5931 7.3376 5.4880 5.1105 6.1270 6.6363 7.2192 6.0222 5.6357 6.1245 5.8495 5.2224 
6.2211 6.9270 6.0993 6.7035 6.7205 7.3225 6.1608 5.7604 6.3986 5.1060 7.3058 5.2300 6.8163 5.1319 6.4799 7.1273 7.1000 7.1959 7.1065 
7.6088 6.8683 5.1941 6.2561 6.9713 5.5552 7.4051 6.5562 6.0248 5.1540 6.9192 7.0114 7.2107 5.5413 5.4980 7.1265 7.4276 5.7343 7.4317 
7.2424 6.6678 5.6556 6.4784 6.5862 6.5687 6.8242 5.6845 6.0324 5.6241 7.4729 7.1314 6.4566 5.5133 5.5802 7.5369 6.9432 5.6096 7.4668 
7.6237 6.0129 5.6678 7.4424 6.7033 6.5394 5.5620 5.9905 6.0136 7.6054 6.1142 5.1428 7.1220 5.4982 5.6931 6.8528 5.1576 6.5316 5.3782 
6.2258 7.3470 7.1870 5.1557 7.3830 6.4882 6.2255 5.1122 5.3196 6.3344 6.9928 7.5446 5.2367 6.3808 7.4567 5.3861 7.4023 5.8537 6.4633 
16
1
0 1 11 1 0 0 10
8
0 0 14 10 20 0 15 0 0 0
1 1 6 5 20 0 15 0 0 0
2 0 9 6 30 0 10 0 0 1
3 1 8 13 20 0 10 0 0 0
4 0 7 9 20 0 6 0 0 0
5 1 11 7 20 0 6 0 0 0
6 0 3 9 20 0 1 0 0 0
7 1 17 9 20 0 1 0 2 0
14 59
50 50 0 0 0 0
2
0 0 0 21
0 0 0 0
0
5.3980 6.1289 7.0217 6.3890 6.7166 5.3896 6.5871 5.6260 6.6569 5.6630 5.0825 6.1342 5.1599 6.9143 5.0303 6.8798 5.7951 7.2961 6.0190 
5.7196 6.4904 6.2340 6.2090 5.6399 6.3047 5.9664 7.1913 5.2806 7.1241 5.4674 6.3204 6.6772 7.0811 5.5018 5.0521 5.0551 7.3373 5.6699 
5.8774 5.4641 6.5452 6.7821 5.8820 5.8376 5.4970 6.1119 5.1351 5.8156 5.8977 7.3615 6.0831 6.5938 5.0055 5.8946 5.1371 5.3043 5.0591 
6.3828 5.8696 6.7395 7.2773 5.2914 5.4528 6.5005 6.4208 6.5056 7.2287 6.8231 6.5341 5.8020 5.7269 6.2187 6.6050 4.9862 6.0808 7.2995 
5.3444 7.0753 7.1908 5.6267 5.0243 5.7127 5.8429 6.0427 6.6450 5.3759 6.6676 5.2159 5.9032 5.7878 5.9614 6.0937 5.0138 7.2525 6.3979 
7.3759 7.0855 6.4343 5.0573 6.8245 5.5662 7.3435 5.3439 7.3090 5.2657 5.0337 6.8012 6.7417 6.1752 6.1706 5.2854 6.8528 4.9783 6.5606 
6.8916 5.3895 7.1632 5.3388 7.3429 6.9166 5.8574 7.0743 5.9184 5.0955 5.2088 5.1632 5.3682 5.2640 6.0202 5.5017 6.9795 6.9263 5.0580 
6.7939 6.0477 6.4903 7.2951 6.9618 6.1330 6.0473 7.1572 5.3082 6.1412 6.5784 5.0250 5.8414 5.9621 4.9643 6.1888 6.1026 5.9999 5.1066 
6.0559 6.0105 6.4300 5.1584 6.6890 5.1330 7.1355 7.0330 4.9650 5.7209 5.9143 4.9541 6.1116 5.4121 6.8002 5.2401 5.2987 5.3484 6.0661 
5.4414 6.9595 6.1767 6.2973 6.0452 4.9659 5.6062 6.8504 5.1495 7.2688 5.9507 6.8262 7.3149 6.9110 6.0126 5.2247 6.9452 5.4226 5.8291 
7.2762 5.6715 5.0842 6.4044 6.0780 5.1086 6.8183 5.8349 4.9557 5.8537 5.7507 7.3109 4.9868 5.0787 5.8658 6.0127 6.4490 5.0598 6.0609 
5.3748 5.6175 6.5096 5.9283 5.8811 5.5212 5.9602 6.0439 4.9694 6.9191 6.5815 5.3855 7.2986 6.6672 6.1751 6.8134 6.1164 5.8825 5.3467 
6.4446 5.3098 7.1468 5.1582 6.1920 5.3573 5.2240 5.7058 5.7391 7.1925 6.4405 5.3063 7.3465 7.3118 5.5844 6.5374 5.0697 6.0693 5.2514 
6.0056 6.3480 5.7173 6.1472 5.6861 5.1668 6.5847 6.6306 6.2865 5.1033 6.1579 5.7115 5.9548 5.0124 5.2101 6.0811 6.9649 7.1329 5.8258 
6.1612 5.9487 5.3783 6.2432 5.4789 5.3685 7.1740 5.7393 5.6048 5.3114 6.1060 6.3207 5.8820 5.0072 7.1619 5.9337 5.3959 5.7400 6.9916 
7.1650 6.8455 5.7981 7.0798 5.7613 6.1775 7.3722 5.6427 7.3424 6.7822 6.5706 7.0672 7.2632 5.0256 6.0485 6.0107 6.5055 5.1120 7.1143 
5.0530 5.2108 5.8471 5.3157 5.3160 5.6035 5.8045 6.6395 5.5771 6.7708 6.1203 6.4479 6.3965 5.3512 6.0211 5.1052 5.7895 6.1907 6.6831 
7.0948 7.3804 6.8744 6.4570 6.2792 5.1594 7.3676 5.3548 5.7620 7.2636 5.3053 5.1408 6.4171 6.2625 5.7243 6.5090 5.4227 5.2493 5.5727 
6.5269 6.2728 5.4235 5.8205 5.0786 5.6347 6.7833 5.2565 5.3346 5.2944 5.8454 6.5499 6.7485 5.4818 5.6940 6.4569 6.6099 5.4328 6.7000 
6.5510 6.1166 6.2542 5.8994 7.2265 7.2130 5.0691 7.1107 6.6690 6.8416 6.2439 6.7816 5.8030 5.2847 5.1123 6.9070 6.3603 5.7180 5.5924 
7.2493 5.8127 7.2648 7.3116 5.1553 6.0413 5.1891 5.7313 5.5707 7.3090 5.8088 6.7193 6.7528 5.6660 5.8763 6.1571 7.1430 6.9847 6.4368 
7.0310 5.0714 7.3934 6.9378 7.1844 6.3900 5.4706 5.1600 6.2183 6.3807 6.0211 5.2976 6.2189 5.4716 6.5192 7.3568 5.2934 6.4428 5.3011 
6.9692 5.5605 5.4316 6.7538 5.0424 6.8173 6.0512 5.2718 7.2713 6.5331 6.8338 5.7723 5.4140 6.3891 6.7737 6.8541 7.3684 5.0352 6.0248 
6.5705 5.8510 7.1461 6.2526 6.6453 6.8869 7.0667 5.8076 7.3613 5.9551 6.0050 6.9592 6.8150 5.7958 5.1649 5.9275 7.1188 6.0157 5.7752 
5.0889 6.4302 7.0519 5.0911 5.8228 7.0297 6.4694 6.3321 6.8117 7.2545 6.6707 6.3840 6.0835 6.3850 7.0335 6.4097 5.5434 6.0274 7.1026 
6.0096 5.5935 5.3468 5.4988 5.5881 5.7049 7.0406 6.3288 6.8852 6.7532 6.5136 7.2929 5.6414 5.8880 5.6712 6.0839 6.6783 5.0244 6.3788 
6.6422 5.2665 6.1734 6.9351 6.5153 7.1668 6.0674 6.2309 7.1154 6.5619 5.4959 5.9289 6.2661 6.8181 6.3181 7.3219 5.6670 7.1550 6.0413 
7.2662 7.3876 6.5795 6.2279 5.8878 5.6623 5.7156 6.7029 6.2331 7.3736 5.8236 5.6864 5.2070 5.2718 6.5793 6.4095 7.0859 7.3496 5.6935 
5.5433 6.9955 7.2124 6.5309 5.6575 6.8886 6.5809 6.1578 5.4472 5.0090 6.2030 5.5208 6.3267 6.3449 5.1221 6.1926 6.0977 5.3372 5.1809 
6.7068 6.8603 6.2708 7.0302 5.2184 5.0541 6.1288 6.9749 5.3673 6.5635 5.2501 6.8076 7.3810 5.4128 6.2159 5.6041 5.3172 5.1924 7.0265 
5.7061 6.6909 5.7556 5.6362 5.1325 5.4138 5.5995 7.2550 6.3155 5.7403 6.8135 6.8627 6.8682 6.6003 6.9929 5.7958 5.1892 6.2425 7.0849 
5.0710 5.2738 6.1835 5.3247 5.1070 5.7976 6.4547 7.0314 6.5146 7.2358 7.2255 6.9508 7.2939 5.3770 7.1464 5.3099 5.1334 7.1147 6.8215 
7.1138 5.5364 5.1427 6.6641 5.5788 6.3752 6.0795 5.4283 7.1205 5.3264 4.9602 5.9462 6.4402 7.0056 5.8445 5.4696 5.9438 5.6770 5.0687 
6.0375 6.7222 5.9193 6.5054 6.5219 7.1058 5.9790 5.5906 6.2096 4.9558 7.0896 5.0761 6.6148 4.9809 6.2885 6.9165 6.8900 6.9830 6.8963 
7.3835 6.6653 5.0413 6.0714 6.7652 5.3915 7.1859 6.3625 5.8471 5.0024 6.7146 6.8041 6.9974 5.3781 5.3361 6.9157 7.2078 5.5653 7.2117 
7.0281 6.4708 5.4889 6.2870 6.3916 6.3746 6.6225 5.5170 5.8544 5.4584 7.2517 6.9205 6.2659 5.3509 5.4158 7.3138 6.7379 5.4443 7.2458 
7.3980 5.8355 5.5008 7.2221 6.5052 6.3462 5.3981 5.8138 5.8362 7.3802 5.9338 4.9915 6.9113 5.3363 5.5253 6.6502 5.0059 6.3387 5.2199 
6.0420 7.1296 6.9744 5.0040 7.1645 6.2966 6.0417 4.9618 5.1630 6.1474 6.7860 7.3213 5.0826 6.1924 7.2360 5.2275 7.1832 5.6811 6.2724 
17
1
0 1 11 1 0 0 10
8
0 0 15 9 20 0 16 0 0 0
1 1 5 5 20 0 16 0 0 0
2 0 10 5 30 0 11 0 0 1
3 1 7 12 20 0 11 0 0 0
4 0 8 9 20 0 7 0 0 0
5 1 11 6 20 0 7 0 0 0
6 0 3 10 20 0 2 0 0 0
7 1 16 9 20 0 2 0 2 0
14 59
50 50 0 0 0 0
2
0 0 0 20
0 0 0 0
0
5.2391 5.9480 6.8140 6.2003 6.5181 5.2309 6.3925 5.4602 6.4602 5.4961 4.9330 5.9532 5.0081 6.7099 4.8824 6.6764 5.6242 7.0802 5.8414 
5.5510 6.2987 6.0500 6.0257 5.4737 6.1186 5.7904 6.9786 5.1252 6.9134 5.3064 6.1338 6.4799 6.8717 5.3397 4.9035 4.9064 7.1202 5.5028 
5.7041 5.3032 6.3518 6.5816 5.7085 5.6655 5.3351 5.9315 4.9840 5.6441 5.7238 7.1437 5.9036 6.3990 4.8583 5.7208 4.9860 5.1482 4.9103 
6.1943 5.6965 6.5403 7.0620 5.1357 5.2922 6.3085 6.2312 6.3134 7.0148 6.6214 6.3411 5.6309 5.5581 6.0351 6.4099 4.8396 5.9014 7.0835 
5.1871 6.8660 6.9781 5.4609 4.8766 5.5443 5.6706 5.8644 6.4487 5.2176 6.4706 5.0624 5.7291 5.6172 5.7856 5.9139 4.8664 7.0379 6.2090 
7.1576 6.8759 6.2443 4.9086 6.6228 5.4022 7.1262 5.1866 7.0927 5.1107 4.8857 6.6002 6.5424 5.9929 5.9885 5.1298 6.6502 4.8320 6.3668 
6.6879 5.2308 6.9513 5.1816 7.1256 6.7121 5.6847 6.8651 5.7438 4.9456 5.0555 5.0113 5.2102 5.1091 5.8426 5.3396 6.7731 6.7215 4.9093 
6.5931 5.8693 6.2986 7.0792 6.7559 5.9520 5.8689 6.9455 5.1520 5.9600 6.3840 4.8773 5.6692 5.7862 4.8184 6.0061 5.9225 5.8229 4.9564 
5.8772 5.8332 6.2401 5.0066 6.4913 4.9820 6.9244 6.8250 4.8191 5.5523 5.7399 4.8085 5.9313 5.2527 6.5992 5.0859 5.1427 5.1909 5.8871 
5.2812 6.7537 5.9944 6.1114 5.8668 4.8199 5.4410 6.6479 4.9980 7.0537 5.7752 6.6244 7.0985 6.7067 5.8352 5.0710 6.7398 5.2629 5.6572 
7.0609 5.5044 4.9347 6.2153 5.8987 4.9583 6.6168 5.6629 4.8100 5.6811 5.5812 7.0946 4.8402 4.9293 5.6928 5.8353 6.2585 4.9110 5.8821 
5.2166 5.4520 6.3173 5.7535 5.7077 5.3586 5.7844 5.8656 4.8233 6.7145 6.3871 5.2269 7.0826 6.4702 5.9928 6.6120 5.9359 5.7090 5.1893 
6.2543 5.1535 6.9354 5.0065 6.0092 5.1996 5.0703 5.5376 5.5699 6.9797 6.2503 5.1501 7.1291 7.0954 5.4199 6.3443 4.9206 5.8902 5.0969 
5.8284 6.1606 5.5488 5.9658 5.5185 5.0148 6.3902 6.4347 6.1009 4.9532 5.9762 5.5432 5.7792 4.8650 5.0568 5.9017 6.7590 6.9219 5.6540 
5.9794 5.7732 5.2200 6.0589 5.3175 5.2104 6.9618 5.5701 5.4397 5.1551 5.9258 6.1341 5.7085 4.8600 6.9500 5.7587 5.2370 5.5708 6.7849 
6.9531 6.6431 5.6272 6.8704 5.5915 5.9952 7.1540 5.4764 7.1251 6.5817 6.3765 6.8582 7.0483 4.8778 5.8700 5.8334 6.3133 4.9616 6.9039 
4.9044 5.0575 5.6747 5.1592 5.1595 5.4384 5.6334 6.4433 5.4128 6.5707 5.9397 6.2575 6.2076 5.1937 5.8435 4.9550 5.6188 6.0080 6.4856 
6.8850 7.1620 6.6712 6.2663 6.0938 5.0076 7.1496 5.1972 5.5921 7.0487 5.1491 4.9896 6.2276 6.0776 5.5556 6.3167 5.2630 5.0948 5.4085 
6.3341 6.0876 5.2638 5.6489 4.9292 5.4687 6.5828 5.1018 5.1776 5.1386 5.6730 6.3564 6.5490 5.3203 5.5262 6.2662 6.4146 5.2728 6.5020 
6.3575 5.9361 6.0696 5.7254 7.0127 6.9996 4.9200 6.9004 6.4719 6.6394 6.0596 6.5812 5.6319 5.1292 4.9619 6.7028 6.1725 5.5495 5.4276 
7.0348 5.6413 7.0499 7.0953 5.0036 5.8631 5.0364 5.5624 5.4066 7.0927 5.6375 6.5207 6.5532 5.4990 5.7030 5.9754 6.9317 6.7782 6.2467 
6.8231 4.9223 7.1746 6.7327 6.9719 6.2013 5.3095 5.0082 6.0348 6.1923 5.8435 5.1417 6.0353 5.3105 6.3266 7.1391 5.1376 6.2525 5.1451 
6.7631 5.3967 5.2717 6.5542 4.8941 6.6158 5.8727 5.1166 7.0562 6.3401 6.6318 5.6021 5.2546 6.2004 6.5735 6.6515 7.1503 4.8871 5.8471 
6.3764 5.6785 6.9347 6.0680 6.4489 6.6833 6.8577 5.6364 7.1435 5.7794 5.8279 6.7534 6.6136 5.6249 5.0130 5.7527 6.9082 5.8382 5.6049 
4.9392 6.2403 6.8433 4.9414 5.6511 6.8218 6.2783 6.1451 6.6103 7.0399 6.4736 6.1955 5.9040 6.1965 6.8255 6.2204 5.3801 5.8496 6.8925 
5.8323 5.4287 5.1894 5.3368 5.4235 5.5368 6.8324 6.1419 6.6816 6.5536 6.3212 7.0771 5.4752 5.7144 5.5041 5.9044 6.4810 4.8767 6.1904 
6.4459 5.1115 5.9912 6.7300 6.3228 6.9548 5.8884 6.0470 6.9049 6.3680 5.3340 5.7540 6.0811 6.6166 6.1316 7.1052 5.5000 6.9434 5.8631 
7.0512 7.1690 6.3851 6.0441 5.7142 5.4954 5.5471 6.5048 6.0491 7.1554 5.6519 5.5188 5.0538 5.1166 6.3849 6.2202 6.8763 7.1321 5.5257 
5.3800 6.7886 6.9990 6.3380 5.4908 6.6849 6.3865 5.9761 5.2868 4.8617 6.0199 5.3582 6.1399 6.1576 4.9714 6.0098 5.9178 5.1801 5.0285 
6.5086 6.6575 6.0857 6.8223 5.0648 4.9055 5.9479 6.7687 5.2093 6.3696 5.0956 6.6064 7.1626 5.2534 6.0324 5.4390 5.1607 5.0396 6.8187 
5.5379 6.4932 5.5859 5.4701 4.9815 5.2544 5.4345 7.0404 6.1290 5.5711 6.6121 6.6598 6.6652 6.4053 6.7861 5.6249 5.0365 6.0582 6.8754 
4.9219 5.1186 6.0010 5.1680 4.9568 5.6267 6.2641 6.8235 6.3222 7.0217 7.0117 6.7453 7.0781 5.2187 6.9350 5.1536 4.9824 6.9043 6.6199 
6.9034 5.3733 4.9914 6.4672 5.4144 6.1869 5.9001 5.2685 6.9099 5.1696 4.8144 5.7708 6.2500 6.7984 5.6722 5.3085 5.7685 5.5097 4.9196 
5.8594 6.5235 5.7447 6.3132 6.3292 6.8956 5.8026 5.4259 6.0263 4.8101 6.8799 4.9268 6.4194 4.8345 6.1028 6.7120 6.6863 6.7765 6.6924 
7.1650 6.4683 4.8931 5.8923 6.5652 5.2328 6.9733 6.1746 5.6747 4.8553 6.5162 6.6030 6.7905 5.2198 5.1790 6.7112 6.9946 5.4013 6.9983 
6.8203 6.2797 5.3272 6.1014 6.2029 6.1864 6.4268 5.3545 5.6818 5.2976 7.0371 6.7159 6.0809 5.1934 5.2563 7.0974 6.5388 5.2840 7.0314 
7.1791 5.6634 5.3388 7.0084 6.3130 6.1588 5.2392 5.6424 5.6641 7.1618 5.7588 4.8448 6.7070 5.1792 5.3625 6.4537 4.8587 6.1515 5.0663 
5.8637 6.9187 6.7682 4.8569 6.9526 6.1107 5.8634 4.8159 5.0111 5.9660 6.5854 7.1047 4.9331 6.0096 7.0219 5.0737 6.9707 5.5137 6.0872 
18
0
8
0 0 14 8 20 0 17 0 0 0
1 1 4 6 20 0 17 0 0 0
2 0 10 6 30 0 12 0 0 1
3 1 6 12 20 0 12 0 0 0
4 0 8 10 20 0 8 0 0 0
5 1 10 6 20 0 8 0 0 0
6 0 4 10 20 0 3 0 0 0
7 1 17 9 20 0 3 0 2 0
17 75
50 50 0 0 0 0
2
0 0 0 19
0 0 0 0
0
5.0849 5.7726 6.6126 6.0173 6.3256 5.0770 6.2037 5.2994 6.2694 5.3342 4.7880 5.7776 4.8609 6.5116 4.7389 6.4791 5.4585 6.8708 5.6692 
5.3875 6.1127 5.8715 5.8479 5.3125 5.9380 5.6197 6.7722 4.9744 6.7090 5.1502 5.9528 6.2885 6.6685 5.1825 4.7594 4.7622 6.9096 5.3407 
5.5360 5.1471 6.1642 6.3872 5.5402 5.4985 5.1780 5.7566 4.8375 5.4778 5.5551 6.9324 5.7295 6.2100 4.7156 5.5522 4.8394 4.9968 4.7660 
6.0115 5.5286 6.3471 6.8531 4.9846 5.1364 6.1222 6.0473 6.1270 6.8074 6.4258 6.1539 5.4650 5.3944 5.8570 6.2206 4.6974 5.7274 6.8740 
5.0345 6.6630 6.7718 5.3001 4.7333 5.3810 5.5035 5.6915 6.2582 5.0641 6.2795 4.9135 5.5602 5.4517 5.6150 5.7395 4.7234 6.8298 6.0257 
6.9459 6.6726 6.0600 4.7643 6.4271 5.2431 6.9154 5.0340 6.8829 4.9604 4.7421 6.4052 6.3491 5.8161 5.8118 4.9789 6.4537 4.6900 6.1788 
6.4903 5.0769 6.7458 5.0292 6.9148 6.5137 5.5172 6.6621 5.5745 4.8002 4.9068 4.8640 5.0569 4.9588 5.6703 5.1824 6.5729 6.5229 4.7650 
6.3983 5.6962 6.1126 6.8698 6.5562 5.7764 5.6958 6.7401 5.0004 5.7842 6.1955 4.7340 5.5021 5.6156 4.6768 5.8289 5.7478 5.6512 4.8107 
5.7039 5.6612 6.0559 4.8594 6.2996 4.8355 6.7197 6.6233 4.6775 5.3887 5.5707 4.6672 5.7564 5.0981 6.4042 4.9363 4.9914 5.0382 5.7135 
5.1258 6.5541 5.8176 5.9311 5.6938 4.6783 5.2808 6.4515 4.8511 6.8451 5.6049 6.4287 6.8885 6.5085 5.6631 4.9219 6.5406 5.1080 5.4905 
6.8521 5.3423 4.7897 6.0318 5.7247 4.8126 6.4213 5.4960 4.6687 5.5137 5.4168 6.8848 4.6980 4.7844 5.5250 5.6632 6.0737 4.7667 5.7086 
5.0631 5.2914 6.1308 5.5839 5.5395 5.2008 5.6139 5.6926 4.6816 6.5161 6.1985 5.0731 6.8731 6.2791 5.8160 6.4166 5.7608 5.5407 5.0366 
6.0697 5.0019 6.7303 4.8593 5.8319 5.0466 4.9212 5.3745 5.4058 6.7733 6.0658 4.9986 6.9182 6.8855 5.2603 6.1570 4.7760 5.7165 4.9470 
5.6565 5.9788 5.3853 5.7898 5.3559 4.8674 6.2015 6.2447 5.9209 4.8076 5.7999 5.3799 5.6088 4.7221 4.9081 5.7276 6.5592 6.7172 5.4874 
5.8030 5.6030 5.0664 5.8801 5.1610 5.0571 6.7559 5.4060 5.2795 5.0034 5.7510 5.9531 5.5402 4.7172 6.7445 5.5889 5.0829 5.4067 6.5844 
6.7475 6.4468 5.4614 6.6673 5.4268 5.8183 6.9424 5.3151 6.9143 6.3872 6.1882 6.6555 6.8399 4.7345 5.6969 5.6614 6.1269 4.8158 6.6998 
4.7603 4.9088 5.5075 5.0074 5.0077 5.2782 5.4674 6.2530 5.2534 6.3766 5.7645 6.0728 6.0244 5.0409 5.6712 4.8094 5.4532 5.8308 6.2940 
6.6815 6.9501 6.4741 6.0813 5.9140 4.8604 6.9381 5.0443 5.4273 6.8402 4.9976 4.8429 6.0438 5.8983 5.3919 6.1302 5.1081 4.9450 5.2492 
6.1471 5.9080 5.1089 5.4824 4.7843 5.3076 6.3883 4.9517 5.0253 4.9874 5.5058 6.1687 6.3555 5.1637 5.3634 6.0812 6.2252 5.1176 6.3099 
6.1698 5.7610 5.8905 5.5566 6.8053 6.7926 4.7754 6.6964 6.2807 6.4432 5.8808 6.3868 5.4659 4.9783 4.8160 6.5047 5.9903 5.3860 5.2678 
6.8268 5.4751 6.8414 6.8854 4.8565 5.6902 4.8883 5.3985 5.2474 6.8829 5.4714 6.3281 6.3596 5.3370 5.5349 5.7991 6.7267 6.5779 6.0623 
6.6214 4.7776 6.9624 6.5337 6.7657 6.0183 5.1532 4.8610 5.8568 6.0095 5.6712 4.9904 5.8572 5.1542 6.1398 6.9279 4.9865 6.0679 4.9937 
6.5632 5.2378 5.1165 6.3606 4.7503 6.4203 5.6995 4.9661 6.8475 6.1529 6.4358 5.4370 5.1000 6.0174 6.3793 6.4550 6.9388 4.7435 5.6747 
6.1881 5.5111 6.7297 5.8890 6.2584 6.4858 6.6550 5.4703 6.9322 5.6090 5.6561 6.5538 6.4182 5.4592 4.8656 5.5831 6.7040 5.6661 5.4398 
4.7940 6.0561 6.6410 4.7962 5.4846 6.6201 6.0930 5.9637 6.4150 6.8317 6.2824 6.0126 5.7299 6.0136 6.6237 6.0368 5.2217 5.6771 6.6887 
5.6603 5.2688 5.0367 5.1797 5.2638 5.3737 6.6304 5.9606 6.4842 6.3600 6.1346 6.8678 5.3139 5.5460 5.3420 5.7303 6.2896 4.7334 6.0077 
6.2555 4.9612 5.8145 6.5311 6.1361 6.7492 5.7147 5.8686 6.7008 6.1800 5.1770 5.5844 5.9017 6.4211 5.9507 6.8950 5.3380 6.7381 5.6902 
6.8427 6.9569 6.1965 5.8658 5.5458 5.3335 5.3837 6.3127 5.8706 6.9437 5.4853 5.3562 4.9052 4.9661 6.1964 6.0366 6.6730 6.9211 5.3629 
5.2216 6.5879 6.7920 6.1509 5.3291 6.4874 6.1979 5.7998 5.1312 4.7188 5.8423 5.2005 5.9587 5.9759 4.8253 5.8325 5.7433 5.0277 4.8806 
6.3163 6.4608 5.9061 6.6206 4.9159 4.7613 5.7725 6.5686 5.0560 6.1815 4.9457 6.4112 6.9507 5.0988 5.8544 5.2788 5.0089 4.8914 6.6171 
5.3748 6.3014 5.4213 5.3090 4.8351 5.0998 5.2745 6.8322 5.9481 5.4070 6.4167 6.4630 6.4682 6.2161 6.5855 5.4592 4.8884 5.8795 6.6721 
4.7772 4.9680 5.8240 5.0160 4.8111 5.4609 6.0792 6.6218 6.1355 6.8140 6.8043 6.5459 6.8688 5.0651 6.7300 5.0020 4.8359 6.7002 6.4243 
6.6993 5.2151 4.8447 6.2762 5.2550 6.0043 5.7261 5.1134 6.7056 5.0175 4.6730 5.6007 6.0655 6.5974 5.5050 5.1522 5.5984 5.3474 4.7750 
5.6866 6.3308 5.5754 6.1268 6.1423 6.6917 5.6315 5.2661 5.8485 4.6688 6.6765 4.7820 6.2298 4.6925 5.9227 6.5136 6.4887 6.5762 6.4946 
6.9531 6.2773 4.7493 5.7185 6.3712 5.0788 6.7671 5.9924 5.5075 4.7126 6.3237 6.4079 6.5898 5.0662 5.0266 6.5129 6.7878 5.2423 6.7914 
6.6187 6.0943 5.1704 5.9214 6.0198 6.0038 6.2370 5.1969 5.5143 5.1417 6.8290 6.5174 5.9015 5.0406 5.1016 6.8875 6.3456 5.1285 6.8235 
6.9667 5.4965 5.1816 6.8011 6.1266 5.9770 5.0850 5.4761 5.4972 6.9499 5.5890 4.7025 6.5088 5.0268 5.2046 6.2631 4.7159 5.9700 4.9173 
5.6908 6.7141 6.5682 4.7142 6.7470 5.9304 5.6905 4.6744 4.8638 5.7900 6.3908 6.8946 4.7881 5.8323 6.8142 4.9245 6.7646 5.3513 5.9076 
19
0
10
0 0 15 7 20 0 18 0 0 0
1 1 4 7 20 0 18 0 0 0
2 0 11 6 30 0 13 0 0 1
3 1 7 11 20 0 13 0 0 0
4 0 9 10 20 0 9 0 0 0
5 1 9 6 20 0 9 0 0 0
6 0 5 10 20 0 4 0 0 0
7 1 16 9 20 0 4 0 2 0
8 0 2 9 20 0 0 0 1 0
9 1 16 9 30 0 0 0 0 1
17 75
50 50 0 0 0 0
2
0 0 0 18
0 0 0 0
0
4.9354 5.6024 6.4172 5.8398 6.1388 4.9277 6.0206 5.1434 6.0843 5.1772 4.6474 5.6073 4.7181 6.3193 4.5997 6.2877 5.2977 6.6677 5.5021 
5.2289 5.9323 5.6984 5.6755 5.1561 5.7629 5.4541 6.5720 4.8282 6.5107 4.9987 5.7772 6.1028 6.4714 5.0300 4.6196 4.6223 6.7053 5.1835 
5.3729 4.9957 5.9823 6.1986 5.3770 5.3365 5.0257 5.5869 4.6954 5.3165 5.3914 6.7274 5.5606 6.0267 4.5771 5.3886 4.6972 4.8499 4.6260 
5.8342 5.3657 6.1597 6.6505 4.8381 4.9853 5.9415 5.8689 5.9462 6.6062 6.2360 5.9723 5.3041 5.2356 5.6843 6.0370 4.5595 5.5586 6.6708 
4.8865 6.4661 6.5716 5.1441 4.5943 5.2226 5.3414 5.5238 6.0735 4.9152 6.0941 4.7691 5.3964 5.2911 5.4496 5.5703 4.5847 6.6279 5.8479 
6.7405 6.4754 5.8812 4.6244 6.2373 5.0888 6.7109 4.8860 6.6794 4.8146 4.6028 6.2160 6.1616 5.6446 5.6404 4.8325 6.2631 4.5523 5.9964 
6.2986 4.9276 6.5464 4.8813 6.7104 6.3213 5.3547 6.4652 5.4103 4.6592 4.7626 4.7211 4.9082 4.8130 5.5032 5.0299 6.3787 6.3302 4.6251 
6.2094 5.5283 5.9322 6.6667 6.3625 5.6061 5.5279 6.5409 4.8534 5.6137 6.0126 4.5950 5.3400 5.4501 4.5395 5.6570 5.5784 5.4847 4.6694 
5.5358 5.4944 5.8772 4.7166 6.1136 4.6934 6.5211 6.4276 4.5402 5.2300 5.4066 4.5302 5.5867 4.9482 6.2151 4.7912 4.8447 4.8901 5.5451 
4.9750 6.3605 5.6461 5.7562 5.5260 4.5410 5.1254 6.2610 4.7086 6.6427 5.4398 6.2388 6.6848 6.3162 5.4962 4.7772 6.3474 4.9578 5.3288 
6.6495 5.1850 4.6490 5.8538 5.5560 4.6712 6.2317 5.3341 4.5316 5.3513 5.2573 6.6813 4.5601 4.6439 5.3623 5.4963 5.8945 4.6267 5.5403 
4.9142 5.1357 5.9499 5.4194 5.3763 5.0478 5.4485 5.5248 4.5442 6.3236 6.0155 4.9239 6.6699 6.0937 5.6445 6.2271 5.5910 5.3775 4.8885 
5.8906 4.8548 6.5314 4.7165 5.6599 4.8982 4.7766 5.2163 5.2466 6.5731 5.8868 4.8516 6.7137 6.6819 5.1055 5.9753 4.6357 5.5480 4.8016 
5.4898 5.8024 5.2267 5.6191 5.1982 4.7244 6.0185 6.0604 5.7463 4.6664 5.6289 5.2215 5.4435 4.5834 4.7639 5.5588 6.3654 6.5187 5.3258 
5.6319 5.4379 4.9174 5.7067 5.0092 4.9084 6.5562 5.2468 5.1241 4.8563 5.5815 5.7775 5.3770 4.5787 6.5452 5.4242 4.9334 5.2475 6.3899 
6.5481 6.2564 5.3006 6.4703 5.2670 5.6468 6.7371 5.1586 6.7099 6.1986 6.0056 6.4588 6.6377 4.5955 5.5290 5.4946 5.9461 4.6743 6.5018 
4.6205 4.7645 5.3453 4.8602 4.8605 5.1229 5.3064 6.0684 5.0988 6.1883 5.5946 5.8936 5.8467 4.8927 5.5041 4.6681 5.2926 5.6589 6.1082 
6.4841 6.7446 6.2829 5.9019 5.7396 4.7176 6.7330 4.8960 5.2675 6.6380 4.8507 4.7006 5.8655 5.7244 5.2331 5.9493 4.9579 4.7997 5.0947 
5.9657 5.7338 4.9586 5.3209 4.6438 5.1514 6.1997 4.8061 4.8775 4.8408 5.3436 5.9866 6.1678 5.0118 5.2055 5.9018 6.0414 4.9671 6.1236 
5.9877 5.5912 5.7168 5.3929 6.6041 6.5918 4.6351 6.4985 6.0953 6.2529 5.7074 6.1982 5.3049 4.8320 4.6745 6.3126 5.8136 5.2274 5.1128 
6.6250 5.3138 6.6392 6.6818 4.7138 5.5225 4.7447 5.2395 5.0930 6.6794 5.3103 6.1413 6.1718 5.1799 5.3719 5.6281 6.5279 6.3836 5.8834 
6.4258 4.6373 6.7565 6.3407 6.5657 5.8408 5.0016 4.7182 5.6841 5.8322 5.5041 4.8437 5.6845 5.0026 5.9586 6.7231 4.8399 5.8889 4.8469 
6.3693 5.0837 4.9660 6.1728 4.6108 6.2307 5.5315 4.8201 6.6451 5.9713 6.2457 5.2769 4.9500 5.8399 6.1909 6.2644 6.7336 4.6042 5.5075 
6.0055 5.3488 6.5308 5.7153 6.0736 6.2942 6.4584 5.3092 6.7272 5.4437 5.4894 6.3602 6.2287 5.2984 4.7226 5.4186 6.5059 5.4991 5.2796 
4.6532 5.8774 6.4448 4.6553 5.3231 6.4245 5.9132 5.7878 6.2256 6.6297 6.0969 5.8352 5.5610 5.8362 6.4280 5.8587 5.0680 5.5098 6.4910 
5.4935 5.1137 4.8886 5.0273 5.1089 5.2155 6.4345 5.7848 6.2927 6.1722 5.9536 6.6648 5.1575 5.3826 5.1847 5.5614 6.1039 4.5944 5.8305 
6.0708 4.8154 5.6431 6.3382 5.9550 6.5497 5.5463 5.6955 6.5028 5.9976 5.0247 5.4199 5.7276 6.2315 5.7752 6.6912 5.1809 6.5390 5.5225 
6.6404 6.7512 6.0136 5.6928 5.3824 5.1765 5.2252 6.1263 5.6975 6.7384 5.3237 5.1985 4.7610 4.8201 6.0135 5.8585 6.4758 6.7165 5.2050 
5.0680 6.3933 6.5912 5.9694 5.1722 6.2958 6.0150 5.6288 4.9803 4.5802 5.6700 5.0475 5.7829 5.7996 4.6835 5.6605 5.5740 4.8799 4.7372 
6.1298 6.2700 5.7319 6.4250 4.7714 4.6215 5.6023 6.3745 4.9073 5.9991 4.8003 6.2219 6.7452 4.9488 5.6818 5.1234 4.8616 4.7477 6.4216 
5.2166 6.1154 5.2617 5.1527 4.6930 4.9498 5.1193 6.6302 5.7727 5.2478 6.2272 6.2721 6.2772 6.0326 6.3909 5.2984 4.7447 5.7061 6.4749 
4.6369 4.8220 5.6523 4.8685 4.6698 5.3001 5.8998 6.4261 5.9544 6.6126 6.6032 6.3525 6.6657 4.9161 6.5311 4.8549 4.6938 6.5022 6.2346 
6.5013 5.0616 4.7024 6.0909 5.1004 5.8272 5.5573 4.9630 6.5074 4.8700 4.5358 5.4357 5.8865 6.4025 5.3429 5.0006 5.4334 5.1900 4.6348 
5.5190 6.1439 5.4111 5.9460 5.9610 6.4939 5.4656 5.1111 5.6760 4.5317 6.4792 4.6415 6.0459 4.5547 5.7480 6.3212 6.2970 6.3819 6.3028 
6.7475 6.0920 4.6098 5.5499 6.1831 4.9294 6.5671 5.8156 5.3453 4.5742 6.1370 6.2187 6.3951 4.9172 4.8788 6.3205 6.5872 5.0880 6.5907 
6.4231 5.9145 5.0183 5.7468 5.8422 5.8267 6.0529 5.0440 5.3519 4.9904 6.6271 6.3249 5.7275 4.8924 4.9516 6.6839 6.1582 4.9776 6.6218 
6.7607 5.3346 5.0292 6.6001 5.9458 5.8007 4.9355 5.3148 5.3353 6.7444 5.4243 4.5644 6.3165 4.8790 5.0515 6.0782 4.5774 5.7939 4.7728 
5.5231 6.5157 6.3742 4.5758 6.5476 5.7555 5.5228 4.5372 4.7209 5.6193 6.2021 6.6908 4.6475 5.6603 6.6128 4.7798 6.5647 5.1938 5.7334 
20
0
10
0 0 15 6 20 0 19 0 0 0
1 1 6 8 20 0 19 0 0 0
2 0 11 7 30 0 14 0 0 1
3 1 6 10 20 0 14 0 0 0
4 0 10 9 20 0 10 0 0 0
5 1 8 6 20 0 10 0 0 0
6 0 6 10 20 0 5 0 0 0
7 1 15 9 20 0 5 0 0 0
8 0 3 9 20 0 1 0 1 0
9 1 15 9 30 0 1 0 0 1
20 78
50 50 0 0 0 0
2
0 0 0 17
0 0 0 0
0
4.7903 5.4373 6.2277 5.6676 5.9576 4.7829 5.8430 4.9921 5.9048 5.0249 4.5110 5.4421 4.5796 6.1327 4.4647 6.1021 5.1418 6.4707 5.3400 
5.0750 5.7573 5.5304 5.5082 5.0044 5.5930 5.2935 6.3778 4.6864 6.3184 4.8517 5.6069 5.9227 6.2803 4.8821 4.4840 4.4866 6.5071 5.0310 
5.2147 4.8488 5.8058 6.0156 5.2187 5.1794 4.8779 5.4223 4.5575 5.1600 5.2327 6.5286 5.3968 5.8489 4.4428 5.2299 4.5593 4.7074 4.4902 
5.6622 5.2077 5.9779 6.4540 4.6960 4.8387 5.7663 5.6958 5.7708 6.4110 6.0519 5.7961 5.1480 5.0815 5.5168 5.8589 4.4257 5.3948 6.4737 
4.7429 6.2751 6.3775 4.9928 4.4595 5.0689 5.1842 5.3611 5.8943 4.7707 5.9143 4.6290 5.2375 5.1354 5.2891 5.4062 4.4502 6.4321 5.6755 
6.5413 6.2841 5.7078 4.4887 6.0532 4.9391 6.5126 4.7424 6.4820 4.6732 4.4677 6.0325 5.9798 5.4783 5.4742 4.6905 6.0782 4.4187 5.8195 
6.1126 4.7828 6.3530 4.7379 6.5121 6.1347 5.1971 6.2742 5.2510 4.5224 4.6227 4.5825 4.7640 4.6716 5.3411 4.8820 6.1903 6.1433 4.4893 
6.0261 5.3655 5.7572 6.4697 6.1746 5.4409 5.3651 6.3477 4.7108 5.4483 5.8352 4.4602 5.1828 5.2896 4.4063 5.4903 5.4140 5.3232 4.5323 
5.3727 5.3326 5.7039 4.5781 5.9332 4.5556 6.3285 6.2378 4.4070 5.0761 5.2474 4.3973 5.4221 4.8028 6.0316 4.6505 4.7024 4.7464 5.3817 
4.8288 6.1727 5.4797 5.5865 5.3632 4.4078 4.9746 6.0762 4.5703 6.4464 5.2796 6.0546 6.4873 6.1297 5.3343 4.6369 6.1600 4.8121 5.1719 
6.4530 5.0325 4.5125 5.6812 5.3923 4.5341 6.0477 5.1771 4.3987 5.1938 5.1026 6.4839 4.4263 4.5076 5.2044 5.3344 5.7207 4.4909 5.3771 
4.7698 4.9846 5.7744 5.2598 5.2180 4.8994 5.2880 5.3621 4.4109 6.1369 5.8380 4.7792 6.4728 5.9139 5.4782 6.0433 5.4263 5.2192 4.7448 
5.7169 4.7122 6.3385 4.5780 5.4931 4.7543 4.6363 5.0628 5.0922 6.3789 5.7132 4.7091 6.5153 6.4844 4.9553 5.7990 4.4996 5.3846 4.6606 
5.3281 5.6313 5.0729 5.4535 5.0453 4.5857 5.8409 5.8816 5.5769 4.5294 5.4630 5.0679 5.2832 4.4489 4.6240 5.3950 6.1774 6.3261 5.1690 
5.4659 5.2778 4.7729 5.5385 4.8619 4.7641 6.3625 5.0924 4.9734 4.7136 5.4171 5.6072 5.2187 4.4443 6.3518 5.2645 4.7884 5.0931 6.2012 
6.3547 6.0717 5.1446 6.2792 5.1120 5.4804 6.5380 5.0068 6.5116 6.0156 5.8284 6.2680 6.4416 4.4606 5.3661 5.3328 5.7707 4.5371 6.3097 
4.4849 4.6246 5.1879 4.7174 4.7177 4.9722 5.1502 5.8893 4.9488 6.0057 5.4298 5.7198 5.6743 4.7489 5.3420 4.5311 5.1368 5.4921 5.9280 
6.2926 6.5453 6.0974 5.7278 5.5704 4.5791 6.5340 4.7521 5.1125 6.4419 4.7082 4.5626 5.6925 5.5557 5.0791 5.7738 4.8122 4.6587 4.9449 
5.7897 5.5648 4.8128 5.1643 4.5075 4.9999 6.0167 4.6649 4.7342 4.6986 5.1863 5.8100 5.9858 4.8644 5.0523 5.7277 5.8632 4.8211 5.9429 
5.8111 5.4265 5.5483 5.2341 6.4090 6.3970 4.4990 6.3065 5.9154 6.0683 5.5392 6.0153 5.1488 4.6900 4.5373 6.1262 5.6422 5.0736 4.9624 
6.4293 5.1574 6.4430 6.4843 4.5754 5.3598 4.6054 5.0853 4.9432 6.4820 5.1540 5.9601 5.9896 5.0275 5.2137 5.4623 6.3351 6.1951 5.7099 
6.2360 4.5012 6.5568 6.1535 6.3717 5.6686 4.8546 4.5797 5.5166 5.6602 5.3420 4.7014 5.5170 4.8555 5.7828 6.5244 4.6977 5.7152 4.7045 
6.1812 4.9342 4.8200 5.9906 4.4755 6.0468 5.3686 4.6785 6.4487 5.7952 6.0613 5.1216 4.8045 5.6677 6.0082 6.0795 6.5346 4.4691 5.3453 
5.8283 5.1913 6.3379 5.5468 5.8944 6.1084 6.2676 5.1529 6.5284 5.2834 5.3277 6.1724 6.0448 5.1424 4.5839 5.2590 6.3137 5.3371 5.1242 
4.5166 5.7041 6.2545 4.5186 5.1664 6.2348 5.7388 5.6172 6.0418 6.4338 5.9170 5.6631 5.3972 5.6641 6.2382 5.6859 4.9190 5.3475 6.2993 
5.3317 4.9633 4.7449 4.8795 4.9586 5.0620 6.2445 5.6143 6.1069 5.9900 5.7780 6.4679 5.0058 5.2241 5.0322 5.3976 5.9238 4.4596 5.6586 
5.8917 4.6739 5.4768 6.1511 5.7794 6.3562 5.3829 5.5276 6.3107 5.8207 4.8770 5.2603 5.5588 6.0476 5.6049 6.4935 5.0285 6.3458 5.3598 
6.4442 6.5517 5.8362 5.5250 5.2239 5.0242 5.0714 5.9455 5.5296 6.5392 5.1670 5.0455 4.6212 4.6785 5.8361 5.6857 6.2845 6.5180 5.0519 
4.9190 6.2045 6.3965 5.7933 5.0200 6.1099 5.8376 5.4629 4.8339 4.4458 5.5029 4.8991 5.6124 5.6286 4.5460 5.4937 5.4098 4.7365 4.5981 
5.9489 6.0849 5.5629 6.2353 4.6313 4.4859 5.4372 6.1863 4.7631 5.8221 4.6593 6.0382 6.5458 4.8033 5.5143 4.9727 4.7188 4.6083 6.2320 
5.0631 5.9349 5.1068 5.0011 4.5552 4.8043 4.9687 6.4343 5.6025 5.0934 6.0434 6.0869 6.0919 5.8546 6.2022 5.1424 4.6054 5.5379 6.2837 
4.5008 4.6803 5.4857 4.7254 4.5327 5.1441 5.7258 6.2363 5.7788 6.4172 6.4081 6.1649 6.4687 4.7716 6.3382 4.7123 4.5560 6.3101 6.0506 
6.3093 4.9128 4.5643 5.9112 4.9504 5.6554 5.3936 4.8171 6.3152 4.7269 4.4027 5.2756 5.7129 6.2134 5.1856 4.8536 5.2734 5.0373 4.4988 
5.3564 5.9626 5.2518 5.7706 5.7852 6.3021 5.3046 4.9608 5.5087 4.3987 6.2878 4.5053 5.8675 4.4211 5.5786 6.1346 6.1111 6.1934 6.1167 
6.5481 5.9122 4.4745 5.3864 6.0006 4.7845 6.3731 5.6441 5.1879 4.4400 5.9559 6.0351 6.2062 4.7727 4.7354 6.1339 6.3926 4.9384 6.3960 
6.2334 5.7401 4.8708 5.5774 5.6699 5.6549 5.8743 4.8957 5.1943 4.8437 6.4313 6.1382 5.5587 4.7486 4.8061 6.4864 5.9765 4.8313 6.4261 
6.5609 5.1776 4.8813 6.4051 5.7704 5.6297 4.7904 5.1584 5.1782 6.5451 5.2646 4.4305 6.1300 4.7356 4.9030 5.8989 4.4431 5.6231 4.6326 
5.3604 6.3232 6.1860 4.4415 6.3542 5.5858 5.3601 4.4041 4.5823 5.4537 6.0190 6.4931 4.5111 5.4935 6.4174 4.6394 6.3708 5.0410 5.5644 
21
0
10
0 0 16 6 20 0 20 0 0 0
1 1 7 7 20 0 20 0 0 0
2 0 11 8 30 0 15 0 0 1
3 1 5 10 20 0 15 0 0 0
4 0 11 9 20 0 11 0 0 0
5 1 8 5 20 0 11 0 0 0
6 0 7 9 20 0 6 0 0 0
7 1 14 10 20 0 6 0 0 0
8 0 3 10 20 0 2 0 1 0
9 1 14 10 30 0 2 0 0 1
20 78
50 50 0 0 0 0
2
0 0 0 16
0 0 0 0
0
4.6496 5.2772 6.0439 5.5006 5.7819 4.6424 5.6707 4.8453 5.7307 4.8772 4.3787 5.2818 4.4452 5.9517 4.3338 5.9220 4.9905 6.2796 5.1828 
4.9258 5.5876 5.3675 5.3460 4.8573 5.4282 5.1377 6.1895 4.5488 6.1318 4.7091 5.4417 5.7480 6.0949 4.7386 4.3525 4.3550 6.3149 4.8831 
5.0613 4.7063 5.6346 5.8381 5.0651 5.0270 4.7346 5.2626 4.4238 5.0082 5.0787 6.3357 5.2379 5.6764 4.3125 5.0760 4.4255 4.5692 4.3585 
5.4953 5.0545 5.8016 6.2634 4.5581 4.6965 5.5963 5.5279 5.6007 6.2217 5.8733 5.6252 4.9966 4.9321 5.3543 5.6861 4.2959 5.2360 6.2825 
4.6036 6.0898 6.1892 4.8460 4.3287 4.9198 5.0317 5.2033 5.7205 4.6306 5.7399 4.4931 5.0834 4.9843 5.1334 5.2470 4.3197 6.2421 5.5082 
6.3481 6.0986 5.5396 4.3570 5.8746 4.7939 6.3202 4.6031 6.2905 4.5360 4.3367 5.8545 5.8034 5.3170 5.3130 4.5528 5.8989 4.2891 5.6479 
5.9322 4.6423 6.1654 4.5988 6.3197 5.9537 5.0442 6.0890 5.0965 4.3897 4.4870 4.4480 4.6241 4.5345 5.1839 4.7385 6.0076 5.9620 4.3576 
5.8483 5.2075 5.5875 6.2786 5.9924 5.2807 5.2071 6.1603 4.5725 5.2879 5.6631 4.3294 5.0303 5.1339 4.2771 5.3286 5.2546 5.1665 4.3993 
5.2145 5.1756 5.5358 4.4438 5.7582 4.4219 6.1416 6.0537 4.2778 4.9268 5.0930 4.2684 5.2624 4.6617 5.8537 4.5140 4.5643 4.6070 5.2232 
4.6869 5.9905 5.3183 5.4219 5.2053 4.2786 4.8284 5.8969 4.4362 6.2560 5.1242 5.8760 6.2957 5.9488 5.1773 4.5008 5.9782 4.6707 5.0197 
6.2624 4.8845 4.3801 5.5138 5.2335 4.4011 5.8693 5.0248 4.2697 5.0410 4.9525 6.2924 4.2965 4.3754 5.0513 5.1774 5.5521 4.3592 5.2188 
4.6297 4.8381 5.6042 5.1050 5.0645 4.7554 5.1324 5.2042 4.2816 5.9558 5.6659 4.6388 6.2816 5.7395 5.3169 5.8650 5.2665 5.0656 4.6055 
5.5484 4.5738 6.1513 4.4437 5.3313 4.6147 4.5002 4.9139 4.9424 6.1905 5.5448 4.5708 6.3228 6.2929 4.8096 5.6280 4.3676 5.2261 4.5238 
5.1713 5.4654 4.9237 5.2929 4.8969 4.4511 5.6687 5.7082 5.4126 4.3965 5.3021 4.9189 5.1277 4.3184 4.4883 5.2362 5.9951 6.1393 5.0169 
5.3049 5.1225 4.6327 5.3753 4.7190 4.6242 6.1746 4.9426 4.8272 4.5752 5.2576 5.4420 5.0651 4.3140 6.1642 5.1096 4.6477 4.9433 6.0182 
6.1671 5.8925 4.9933 6.0938 4.9616 5.3190 6.3449 4.8596 6.3193 5.8381 5.6565 6.0830 6.2514 4.3298 5.2081 5.1758 5.6006 4.4040 6.1234 
4.3534 4.4889 5.0353 4.5789 4.5792 4.8260 4.9987 5.7156 4.8033 5.8285 5.2699 5.5512 5.5071 4.6094 5.1847 4.3982 4.9857 5.3303 5.7532 
6.1068 6.3519 5.9175 5.5590 5.4063 4.4447 6.3410 4.6125 4.9621 6.2516 4.5700 4.4287 5.5247 5.3920 4.9297 5.6036 4.6708 4.5219 4.7996 
5.6190 5.4009 4.6714 5.0124 4.3753 4.8529 5.8392 4.5280 4.5952 4.5606 5.0337 5.6387 5.8092 4.7215 4.9037 5.5589 5.6903 4.6795 5.7676 
5.6398 5.2667 5.3849 5.0801 6.2197 6.2081 4.3670 6.1203 5.7409 5.8893 5.3760 5.8378 4.9973 4.5523 4.4042 5.9454 5.4759 4.9244 4.8165 
6.2394 5.0057 6.2527 6.2928 4.4411 5.2020 4.4702 4.9357 4.7979 6.2905 5.0024 5.7843 5.8129 4.8797 5.0603 5.3014 6.1480 6.0122 5.5416 
6.0519 4.3692 6.3631 5.9719 6.1835 5.5015 4.7120 4.4453 5.3541 5.4934 5.1847 4.5634 5.3545 4.7128 5.6123 6.3317 4.5598 5.5467 4.5664 
5.9988 4.7892 4.6784 5.8139 4.3442 5.8684 5.2105 4.5411 6.2582 5.6243 5.8825 4.9710 4.6634 5.5007 5.8310 5.9001 6.3416 4.3380 5.1879 
5.6565 5.0386 6.1508 5.3834 5.7206 5.9281 6.0826 5.0013 6.3355 5.1279 5.1709 5.9902 5.8665 4.9911 4.4494 5.1042 6.1273 5.1800 4.9735 
4.3841 5.5360 6.0699 4.3860 5.0144 6.0508 5.5696 5.4517 5.8635 6.2438 5.7425 5.4962 5.2383 5.4972 6.0541 5.5183 4.7744 5.1901 6.1133 
5.1747 4.8174 4.6056 4.7361 4.8128 4.9131 6.0602 5.4489 5.9267 5.8133 5.6077 6.2769 4.8586 5.0704 4.8842 5.2387 5.7491 4.3288 5.4918 
5.7179 4.5367 5.3155 5.9696 5.6090 6.1685 5.2244 5.3648 6.1244 5.6491 4.7337 5.1055 5.3950 5.8692 5.4398 6.3017 4.8806 6.1584 5.2020 
6.2539 6.3581 5.6641 5.3623 5.0702 4.8765 4.9223 5.7701 5.3667 6.3460 5.0150 4.8971 4.4856 4.5411 5.6640 5.5181 6.0990 6.3255 4.9033 
4.7744 6.0214 6.2076 5.6225 4.8724 5.9296 5.6655 5.3020 4.6919 4.3154 5.3408 4.7551 5.4470 5.4627 4.4126 5.3319 5.2505 4.5974 4.4632 
5.7734 5.9054 5.3990 6.0512 4.4954 4.3543 5.2771 6.0037 4.6232 5.6504 4.5225 5.8601 6.3524 4.6622 5.3519 4.8265 4.5802 4.4731 6.0480 
4.9142 5.7599 4.9566 4.8541 4.4215 4.6632 4.8226 6.2443 5.4374 4.9436 5.8651 5.9073 5.9121 5.6820 6.0191 4.9911 4.4702 5.3748 6.0982 
4.3688 4.5429 5.3241 4.5866 4.3997 4.9928 5.5570 6.0522 5.6084 6.2277 6.2189 5.9830 6.2776 4.6315 6.1511 4.5739 4.4223 6.1238 5.8721 
6.1230 4.7684 4.4304 5.7369 4.8049 5.4887 5.2348 4.6756 6.1287 4.5881 4.2736 5.1203 5.5445 6.0300 5.0330 4.7110 5.1182 4.8892 4.3668 
5.1987 5.7867 5.0972 5.6005 5.6146 6.1160 5.1485 4.8150 5.3464 4.2697 6.1022 4.3731 5.6945 4.2915 5.4142 5.9536 5.9308 6.0106 5.9362 
6.3547 5.7378 4.3433 5.2278 5.8236 4.6440 6.1849 5.4778 5.0353 4.3098 5.7802 5.8570 6.0230 4.6325 4.5963 5.9529 6.2038 4.7932 6.2071 
6.0494 5.5709 4.7277 5.4131 5.5028 5.4883 5.7011 4.7518 5.0415 4.7014 6.2414 5.9571 5.3949 4.6091 4.6649 6.2948 5.8002 4.6894 6.2363 
6.3671 5.0253 4.7379 6.2159 5.6003 5.4638 4.6497 5.0066 5.0259 6.3517 5.1097 4.3006 5.9491 4.5965 4.7589 5.7249 4.3128 5.4574 4.4966 
5.2026 6.1365 6.0034 4.3113 6.1666 5.4212 5.2023 4.2750 4.4478 5.2931 5.8414 6.3013 4.3788 5.3317 6.2279 4.5032 6.1827 4.8928 5.4005 
22
0
10
0 0 16 5 20 0 21 0 0 0
1 1 6 6 20 0 21 0 0 0
2 0 11 9 30 0 16 0 0 1
3 1 4 10 20 0 16 0 0 0
4 0 11 10 20 0 12 0 0 0
5 1 7 6 20 0 12 0 0 0
6 0 6 8 20 0 7 0 0 0
7 1 14 11 20 0 7 0 0 0
8 0 4 10 20 0 3 0 1 0
9 1 13 10 30 0 3 0 0 1
23 81
50 50 0 0 0 0
2
0 0 0 15
0 0 0 0
0
4.5131 5.1219 5.8656 5.3386 5.6114 4.5061 5.5036 4.7029 5.5618 4.7339 4.2503 5.1263 4.3148 5.7761 4.2068 5.7473 4.8438 6.0942 5.0303 
4.7810 5.4230 5.2095 5.1886 4.7146 5.2684 4.9866 6.0068 4.4153 5.9508 4.5708 5.2814 5.5786 5.9151 4.5994 4.2249 4.2274 6.1285 4.7396 
4.9125 4.5681 5.4686 5.6660 4.9161 4.8792 4.5956 5.1077 4.2941 4.8610 4.9293 6.1486 5.0838 5.5091 4.1861 4.9267 4.2957 4.4351 4.2307 
5.3334 4.9059 5.6306 6.0785 4.4244 4.5586 5.4314 5.3651 5.4357 6.0380 5.7001 5.4594 4.8497 4.7871 5.1967 5.5185 4.1700 5.0819 6.0970 
4.4685 5.9101 6.0065 4.7036 4.2018 4.7752 4.8837 5.0502 5.5519 4.4947 5.5707 4.3613 4.9339 4.8378 4.9824 5.0926 4.1931 6.0578 5.3460 
6.1607 5.9186 5.3764 4.2293 5.7014 4.6531 6.1336 4.4680 6.1048 4.4029 4.2096 5.6819 5.6323 5.1605 5.1566 4.4192 5.7249 4.1634 5.4815 
5.7572 4.5060 5.9834 4.4638 6.1331 5.7781 4.8959 5.9093 4.9466 4.2610 4.3554 4.3176 4.4884 4.4015 5.0314 4.5993 5.8304 5.7861 4.2299 
5.6759 5.0543 5.4229 6.0932 5.8156 5.1253 5.0539 5.9785 4.4383 5.1323 5.4962 4.2025 4.8824 4.9829 4.1518 5.1717 5.1000 5.0145 4.2703 
5.0611 5.0233 5.3727 4.3135 5.5885 4.2922 5.9604 5.8751 4.1525 4.7820 4.9432 4.1433 5.1075 4.5248 5.6811 4.3816 4.4304 4.4718 5.0695 
4.5493 5.8138 5.1618 5.2622 5.0521 4.1532 4.6865 5.7230 4.3061 6.0713 4.9735 5.7027 6.1098 5.7733 5.0250 4.3688 5.8019 4.5336 4.8721 
6.0775 4.7410 4.2517 5.3514 5.0795 4.2721 5.6962 4.8771 4.1446 4.8928 4.8069 6.1066 4.1706 4.2471 4.9028 5.0251 5.3885 4.2314 5.0652 
4.4938 4.6960 5.4391 4.9549 4.9156 4.6157 4.9814 5.0511 4.1562 5.7801 5.4989 4.5026 6.0962 5.5703 5.1604 5.6921 5.1115 4.9166 4.4703 
5.3849 4.4396 5.9698 4.3134 5.1744 4.4793 4.3682 4.7695 4.7971 6.0078 5.3815 4.4367 6.1361 6.1071 4.6683 5.4622 4.2396 5.0723 4.3911 
5.0192 5.3044 4.7790 5.1371 4.7530 4.3206 5.5016 5.5400 5.2532 4.2676 5.1460 4.7743 4.9769 4.1918 4.3567 5.0821 5.8182 5.9581 4.8694 
5.1488 4.9718 4.4967 5.2170 4.5804 4.4885 5.9924 4.7973 4.6854 4.4409 5.1029 5.2817 4.9161 4.1876 5.9823 4.9593 4.5113 4.7980 5.8407 
5.9851 5.7187 4.8465 5.9140 4.8158 5.1624 6.1576 4.7168 6.1327 5.6660 5.4898 5.9035 6.0669 4.2029 5.0549 5.0235 5.4356 4.2749 5.9427 
4.2258 4.3572 4.8872 4.4445 4.4448 4.6842 4.8517 5.5471 4.6622 5.6566 5.1148 5.3877 5.3449 4.4741 5.0322 4.2693 4.8391 5.1734 5.5836 
5.9266 6.1643 5.7430 5.3952 5.2471 4.3144 6.1538 4.4771 4.8162 6.0671 4.4359 4.2988 5.3620 5.2332 4.7848 5.4385 4.5337 4.3892 4.6586 
5.4534 5.2419 4.5343 4.8650 4.2470 4.7103 5.6670 4.3952 4.4603 4.4268 4.8857 5.4725 5.6379 4.5829 4.7596 5.3951 5.5226 4.5421 5.5976 
5.4736 5.1117 5.2264 4.9307 6.0361 6.0249 4.2390 5.9397 5.5717 5.7156 5.2177 5.6657 4.8504 4.4187 4.2751 5.7700 5.3146 4.7797 4.6750 
6.0552 4.8585 6.0681 6.1070 4.3109 5.0489 4.3391 4.7906 4.6570 6.1048 4.8553 5.6138 5.6415 4.7363 4.9115 5.1454 5.9666 5.8348 5.3784 
5.8733 4.2411 6.1752 5.7957 6.0010 5.3395 4.5736 4.3149 5.1965 5.3316 5.0322 4.4295 5.1969 4.5744 5.4469 6.1447 4.4260 5.3833 4.4324 
5.8218 4.6485 4.5410 5.6425 4.2169 5.6953 5.0572 4.4079 6.0735 5.4586 5.7090 4.8249 4.5265 5.3387 5.6591 5.7261 6.1544 4.2109 5.0353 
5.4898 4.8904 5.9693 5.2249 5.5520 5.7533 5.9031 4.8543 6.1484 4.9771 5.0188 5.8135 5.6935 4.8444 4.3189 4.9541 5.9465 5.0276 4.8273 
4.2556 5.3729 5.8908 4.2574 4.8670 5.8723 5.4055 5.2911 5.6906 6.0595 5.5732 5.3343 5.0842 5.3353 5.8755 5.3558 4.6342 5.0374 5.9329 
5.0225 4.6759 4.4704 4.5970 4.6714 4.7687 5.8814 5.2884 5.7519 5.6419 5.4425 6.0916 4.7158 4.9213 4.7407 5.0845 5.5796 4.2019 5.3300 
5.5494 4.4036 5.1590 5.7935 5.4437 5.9864 5.0707 5.2069 5.9437 5.4826 4.5947 4.9553 5.2362 5.6961 5.2796 6.1156 4.7372 5.9766 5.0489 
6.0693 6.1704 5.4972 5.2044 4.9211 4.7332 4.7776 5.6000 5.2087 6.1586 4.8676 4.7532 4.3540 4.4079 5.4971 5.3556 5.9190 6.1387 4.7592 
4.6342 5.8438 6.0244 5.4568 4.7292 5.7547 5.4985 5.1459 4.5541 4.1889 5.1836 4.6154 5.2866 5.3018 4.2832 5.1749 5.0960 4.4625 4.3323 
5.6032 5.7312 5.2400 5.8727 4.3635 4.2267 5.1218 5.8266 4.4875 5.4839 4.3898 5.6873 6.1648 4.5253 5.1943 4.6847 4.4458 4.3419 5.8696 
4.7698 5.5901 4.8109 4.7115 4.2919 4.5263 4.6809 6.0600 5.2773 4.7983 5.6921 5.7331 5.7377 5.5145 5.8415 4.8444 4.3391 5.2166 5.9183 
4.2407 4.4096 5.1674 4.4520 4.2707 4.8460 5.3933 5.8736 5.4431 6.0439 6.0353 5.8065 6.0923 4.4956 5.9696 4.4397 4.2926 5.9431 5.6989 
5.9423 4.6283 4.3005 5.5678 4.6638 5.3270 5.0808 4.5383 5.9478 4.4535 4.1484 4.9697 5.3812 5.8521 4.8850 4.5727 4.9677 4.7455 4.2388 
5.0457 5.6161 4.9473 5.4355 5.4492 5.9355 4.9970 4.6736 5.1890 4.1446 5.9221 4.2449 5.5267 4.1658 5.2548 5.7780 5.7559 5.8333 5.7611 
6.1671 5.5687 4.2160 5.0740 5.6519 4.5077 6.0024 5.3165 4.8872 4.1835 5.6098 5.6843 5.8453 4.4965 4.4614 5.7773 6.0207 4.6524 6.0239 
5.8709 5.4068 4.5889 5.2537 5.3407 5.3267 5.5331 4.6122 4.8933 4.5634 6.0572 5.7814 5.2361 4.4738 4.5280 6.1090 5.6292 4.5517 6.0522 
6.1791 4.8775 4.5988 6.0324 5.4353 5.3029 4.5132 4.8594 4.8781 6.1641 4.9594 4.1746 5.7736 4.4616 4.6191 5.5562 4.1864 5.2967 4.3647 
5.0495 5.9554 5.8263 4.1850 5.9846 5.2616 5.0492 4.1498 4.3174 5.1373 5.6692 6.1153 4.2504 5.1747 6.0441 4.3711 6.0002 4.7490 5.2415 
23
0
10
0 0 15 4 20 0 22 0 0 0
1 1 7 6 20 0 22 0 0 0
2 0 11 10 30 0 17 0 0 1
3 1 3 10 20 0 17 0 0 0
4 0 12 10 20 0 13 0 0 0
5 1 7 7 20 0 13 0 0 0
6 0 5 8 20 0 8 0 0 0
7 1 13 10 20 0 8 0 0 0
8 0 5 10 20 0 4 0 1 0
9 1 14 11 30 0 4 0 0 1
23 21
50 50 0 0 0 0
2
0 0 0 14
0 0 24 0
1
3 1 0 13 9
4.3807 4.9712 5.6926 5.1814 5.4461 4.3739 5.3415 4.5648 5.3979 4.5949 4.1258 4.9755 4.1884 5.6058 4.0836 5.5779 4.7015 5.9144 4.8824 
4.6406 5.2633 5.0562 5.0359 4.5762 5.1133 4.8400 5.8296 4.2858 5.7753 4.4367 5.1260 5.4142 5.7406 4.4644 4.1012 4.1036 5.9476 4.6004 
4.7681 4.4341 5.3075 5.4990 4.7716 4.7358 4.4607 4.9575 4.1683 4.7182 4.7844 5.9671 4.9343 5.3468 4.0635 4.7819 4.1698 4.3050 4.1068 
5.1764 4.7617 5.4647 5.8991 4.2947 4.4248 5.2715 5.2071 5.2756 5.8599 5.5321 5.2986 4.7072 4.6465 5.0438 5.3559 4.0479 4.9324 5.9171 
4.3374 5.7358 5.8293 4.5655 4.0787 4.6349 4.7402 4.9017 5.3883 4.3629 5.4066 4.2335 4.7889 4.6957 4.8359 4.9428 4.0703 5.8791 5.1886 
5.9789 5.7440 5.2181 4.1054 5.5334 4.5165 5.9526 4.3370 5.9247 4.2738 4.0863 5.5144 5.4663 5.0087 5.0049 4.2896 5.5562 4.0415 5.3201 
5.5875 4.3738 5.8069 4.3329 5.9521 5.6078 4.7520 5.7350 4.8012 4.1362 4.2277 4.1911 4.3567 4.2725 4.8835 4.4643 5.6585 5.6155 4.1060 
5.5086 4.9057 5.2632 5.9134 5.6441 4.9745 4.9053 5.8021 4.3082 4.9813 5.3343 4.0794 4.7389 4.8364 4.0302 5.0195 4.9500 4.8671 4.1452 
4.9123 4.8756 5.2145 4.1871 5.4238 4.1664 5.7846 5.7018 4.0309 4.6415 4.7979 4.0220 4.9573 4.3921 5.5137 4.2532 4.3005 4.3406 4.9204 
4.4158 5.6424 5.0099 5.1073 4.9035 4.0316 4.5489 5.5543 4.1799 5.8922 4.8273 5.5346 5.9295 5.6031 4.8773 4.2407 5.6308 4.4006 4.7289 
5.8982 4.6018 4.1271 5.1939 4.9301 4.1469 5.5283 4.7338 4.0233 4.7490 4.6657 5.9264 4.0485 4.1227 4.7587 4.8773 5.2298 4.1075 4.9162 
4.3620 4.5581 5.2789 4.8093 4.7711 4.4802 4.8350 4.9026 4.0345 5.6097 5.3369 4.3705 5.9163 5.4062 5.0086 5.5243 4.9612 4.7721 4.3392 
5.2264 4.3094 5.7937 4.1870 5.0222 4.3479 4.2402 4.6294 4.6562 5.8306 5.2231 4.3066 5.9550 5.9269 4.5313 5.3013 4.1154 4.9231 4.2624 
4.8716 5.1483 4.6386 4.9860 4.6134 4.1940 5.3396 5.3768 5.0986 4.1426 4.9946 4.6341 4.8306 4.0690 4.2290 4.9326 5.6467 5.7824 4.7263 
4.9973 4.8256 4.3648 5.0635 4.4460 4.3568 5.8156 4.6564 4.5478 4.3107 4.9528 5.1262 4.7716 4.0650 5.8058 4.8135 4.3790 4.6571 5.6685 
5.8085 5.5501 4.7041 5.7396 4.6743 5.0105 5.9759 4.5783 5.9517 5.4990 5.3281 5.7294 5.8879 4.0798 4.9063 4.8758 5.2755 4.1497 5.7674 
4.1020 4.2295 4.7436 4.3142 4.3145 4.5467 4.7091 5.3837 4.5253 5.4899 4.9644 5.2291 5.1876 4.3429 4.8842 4.1442 4.6969 5.0212 5.4191 
5.7518 5.9824 5.5737 5.2363 5.0927 4.1880 5.9722 4.3458 4.6747 5.8881 4.3058 4.1728 5.2041 5.0792 4.6443 5.2783 4.4007 4.2605 4.5218 
5.2928 5.0876 4.4013 4.7221 4.1226 4.5720 5.5000 4.2663 4.3295 4.2970 4.7421 5.3113 5.4718 4.4484 4.6198 5.2362 5.3599 4.4088 5.4327 
5.3124 4.9613 5.0726 4.7858 5.8580 5.8472 4.1148 5.7645 5.4075 5.5471 5.0642 5.4987 4.7079 4.2891 4.1498 5.5999 5.1582 4.6393 4.5378 
5.8765 4.7157 5.8891 5.9268 4.1846 4.9004 4.2119 4.6499 4.5203 5.9247 4.7126 5.4484 5.4753 4.5972 4.7672 4.9940 5.7906 5.6628 5.2200 
5.7001 4.1169 5.9929 5.6248 5.8240 5.1823 4.4394 4.1885 5.0436 5.1747 4.8842 4.2996 5.0440 4.4402 5.2865 5.9634 4.2962 5.2248 4.3024 
5.6501 4.5120 4.4078 5.4762 4.0934 5.5274 4.9085 4.2787 5.8943 5.2978 5.5407 4.6832 4.3937 5.1815 5.4923 5.5573 5.9728 4.0876 4.8872 
5.3281 4.7467 5.7932 5.0712 5.3884 5.5837 5.7290 4.7117 5.9669 4.8308 4.8712 5.6421 5.5257 4.7021 4.1923 4.8085 5.7711 4.8798 4.6855 
4.1309 5.2147 5.7171 4.1327 4.7240 5.6991 5.2463 5.1354 5.5229 5.8807 5.4090 5.1773 4.9347 5.1782 5.7022 5.1981 4.4982 4.8893 5.7579 
4.8748 4.5386 4.3393 4.4621 4.5343 4.6286 5.7080 5.1327 5.5823 5.4756 5.2822 5.9119 4.5773 4.7767 4.6015 4.9350 5.4152 4.0788 5.1731 
5.3859 4.2745 5.0072 5.6227 5.2834 5.8098 4.9216 5.0537 5.7684 5.3211 4.4599 4.8096 5.0821 5.5282 5.1242 5.9351 4.5981 5.8003 4.9004 
5.8902 5.9883 5.3353 5.0513 4.7765 4.5942 4.6373 5.4350 5.0554 5.9768 4.7246 4.6136 4.2264 4.2787 5.3352 5.1979 5.7444 5.9575 4.6194 
4.4982 5.6715 5.8467 5.2961 4.5903 5.5851 5.3365 4.9945 4.4205 4.0662 5.0311 4.4799 5.1310 5.1457 4.1577 5.0227 4.9461 4.3316 4.2053 
5.4381 5.5623 5.0858 5.6995 4.2356 4.1029 4.9711 5.6548 4.3559 5.3224 4.2611 5.5197 5.9829 4.3925 5.0415 4.5472 4.3154 4.2146 5.6965 
4.6297 5.4254 4.6696 4.5732 4.1661 4.3935 4.5435 5.8812 5.1220 4.6574 5.5243 5.5641 5.5686 5.3521 5.6693 4.7021 4.2119 5.0631 5.7438 
4.1165 4.2803 5.0154 4.3214 4.1456 4.7036 5.2345 5.7004 5.2828 5.8656 5.8572 5.6353 5.9125 4.3637 5.7935 4.3095 4.1668 5.7678 5.5309 
5.7670 4.4925 4.1745 5.4038 4.5269 5.1702 4.9314 4.4052 5.7724 4.3229 4.0269 4.8236 5.2228 5.6795 4.7415 4.4385 4.8217 4.6061 4.1146 
4.8973 5.4506 4.8019 5.2754 5.2887 5.7604 4.8501 4.5364 5.0363 4.0233 5.7474 4.1206 5.3639 4.0438 5.1002 5.6077 5.5862 5.6613 5.5913 
5.9851 5.4046 4.0925 4.9248 5.4853 4.3755 5.8253 5.1600 4.7436 4.0610 5.4445 5.5168 5.6729 4.3646 4.3306 5.6070 5.8431 4.5158 5.8462 
5.6978 5.2476 4.4542 5.0991 5.1835 5.1699 5.3701 4.4768 4.7495 4.4295 5.8785 5.6110 5.0820 4.3426 4.3952 5.9287 5.4633 4.4181 5.8736 
5.9967 4.7342 4.4638 5.8544 5.2752 5.1468 4.3808 4.7166 4.7348 5.9822 4.8136 4.0524 5.6034 4.3308 4.4835 5.3925 4.0638 5.1408 4.2368 
4.9010 5.7797 5.6545 4.0625 5.8081 5.1068 4.9007 4.0283 4.1909 4.9862 5.5021 5.9348 4.1259 5.0225 5.8658 4.2430 5.8232 4.6095 5.0873 
24
0
12
0 0 15 3 20 0 23 0 0 0
1 1 7 7 20 0 23 0 0 0
2 0 12 10 30 0 18 0 0 1
3 1 4 11 20 0 18 0 0 0
4 0 13 10 20 0 14 0 0 0
5 1 6 8 20 0 14 0 0 0
6 0 4 8 20 0 9 0 0 0
7 1 12 10 20 0 9 0 0 0
8 0 6 10 20 0 5 0 0 0
9 1 14 10 30 0 5 0 0 1
10 0 2 9 20 0 0 0 0 0
11 1 16 9 20 0 0 0 1 0
26 24
50 50 0 0 0 0
2
0 0 0 13
0 0 23 0
1
3 1 0 13 8
4.2523 4.8251 5.5248 5.0290 5.2857 4.2457 5.1843 4.4309 5.2390 4.4601 4.0050 4.8292 4.0657 5.4406 3.9641 5.4136 4.5635 5.7400 4.7389 
4.5044 5.1084 4.9075 4.8878 4.4419 4.9629 4.6978 5.6577 4.1602 5.6050 4.3066 4.9752 5.2548 5.5714 4.3335 3.9812 3.9835 5.7722 4.4654 
4.6281 4.3041 5.1513 5.3370 4.6315 4.5967 4.3299 4.8118 4.0463 4.5797 4.6439 5.7911 4.7893 5.1894 3.9446 4.6414 4.0477 4.1789 3.9866 
5.0241 4.6218 5.3038 5.7251 4.1689 4.2951 5.1164 5.0539 5.1203 5.6871 5.3691 5.1426 4.5690 4.5101 4.8955 5.1982 3.9295 4.7874 5.7426 
4.2103 5.5667 5.6574 4.4315 3.9593 4.4989 4.6010 4.7576 5.2297 4.2350 5.2474 4.1095 4.6482 4.5578 4.6938 4.7975 3.9512 5.7057 5.0359 
5.8025 5.5747 5.0646 3.9852 5.3704 4.3840 5.7770 4.2099 5.7500 4.1486 3.9667 5.3520 5.3053 4.8614 4.8578 4.1639 5.3925 3.9233 5.1635 
5.4229 4.2456 5.6357 4.2059 5.7765 5.4426 4.6124 5.5660 4.6602 4.0151 4.1039 4.0684 4.2290 4.1473 4.7400 4.3334 5.4917 5.4500 3.9858 
5.3463 4.7615 5.1083 5.7390 5.4778 4.8283 4.7611 5.6310 4.1820 4.8349 5.1773 3.9600 4.5997 4.6943 3.9123 4.8719 4.8045 4.7241 4.0238 
4.7679 4.7323 5.0611 4.0645 5.2641 4.0444 5.6141 5.5337 3.9130 4.5053 4.6570 3.9043 4.8116 4.2633 5.3513 4.1286 4.1745 4.2134 4.7758 
4.2863 5.4761 4.8626 4.9571 4.7594 3.9137 4.4154 5.3907 4.0575 5.7184 4.6855 5.3716 5.7546 5.4380 4.7340 4.1165 5.4649 4.2716 4.5900 
5.7243 4.4667 4.0063 5.0411 4.7852 4.0255 5.3655 4.5948 3.9056 4.6095 4.5287 5.7516 3.9300 4.0020 4.6189 4.7340 5.0759 3.9873 4.7717 
4.2341 4.4244 5.1235 4.6680 4.6310 4.3488 4.6930 4.7585 3.9165 5.4444 5.1798 4.2424 5.7418 5.2470 4.8613 5.3616 4.8154 4.6319 4.2120 
5.0726 4.1831 5.6229 4.0644 4.8745 4.2205 4.1160 4.4935 4.5195 5.6587 5.0694 4.1804 5.7794 5.7521 4.3984 5.1453 3.9949 4.7784 4.1375 
4.7285 4.9969 4.5024 4.8394 4.4780 4.0712 5.1824 5.2185 4.9486 4.0213 4.8478 4.4981 4.6887 3.9499 4.1051 4.7876 5.4803 5.6119 4.5875 
4.8504 4.6838 4.2369 4.9146 4.3156 4.2291 5.6441 4.5197 4.4144 4.1844 4.8072 4.9754 4.6315 3.9461 5.6346 4.6721 4.2506 4.5204 5.5014 
5.6372 5.3866 4.5660 5.5704 4.5371 4.8632 5.7996 4.4440 5.7761 5.3370 5.1713 5.5605 5.7143 3.9604 4.7621 4.7325 5.1202 4.0282 5.5974 
3.9819 4.1056 4.6043 4.1878 4.1881 4.4133 4.5708 5.2252 4.3925 5.3282 4.8185 5.0752 5.0350 4.2156 4.7407 4.0229 4.5590 4.8736 5.2595 
5.5822 5.8059 5.4095 5.0822 4.9429 4.0654 5.7960 4.2184 4.5375 5.7145 4.1796 4.0506 5.0510 4.9298 4.5080 5.1230 4.2717 4.1357 4.3891 
5.1370 4.9380 4.2723 4.5834 4.0019 4.4378 5.3380 4.1413 4.2026 4.1711 4.6028 5.1550 5.3106 4.3179 4.4842 5.0821 5.2021 4.2795 5.2727 
5.1560 4.8155 4.9234 4.6452 5.6853 5.6748 3.9944 5.5946 5.2483 5.3837 4.9153 5.3367 4.5697 4.1634 4.0283 5.4349 5.0065 4.5031 4.4047 
5.7032 4.5772 5.7154 5.7520 4.0621 4.7564 4.0885 4.5134 4.3877 5.7500 4.5742 5.2879 5.3140 4.4623 4.6272 4.8472 5.6199 5.4959 5.0664 
5.5321 3.9964 5.8161 5.4591 5.6523 5.0298 4.3092 4.0658 4.8953 5.0225 4.7407 4.1736 4.8957 4.3100 5.1309 5.7875 4.1703 5.0711 4.1763 
5.4836 4.3796 4.2786 5.3149 3.9736 5.3646 4.7642 4.1533 5.7205 5.1419 5.3775 4.5457 4.2649 5.0291 5.3305 5.3936 5.7966 3.9680 4.7436 
5.1713 4.6073 5.6224 4.9221 5.2297 5.4192 5.5601 4.5733 5.7909 4.6889 4.7281 5.4758 5.3629 4.5640 4.0695 4.6672 5.6010 4.7364 4.5479 
4.0100 5.0613 5.5486 4.0117 4.5853 5.5311 5.0919 4.9843 5.3602 5.7073 5.2497 5.0250 4.7897 5.0259 5.5341 5.0452 4.3663 4.7456 5.5882 
4.7316 4.4054 4.2121 4.3312 4.4013 4.4927 5.5398 4.9817 5.4178 5.3143 5.1267 5.7375 4.4430 4.6364 4.4665 4.7900 5.2557 3.9594 5.0209 
5.2273 4.1493 4.8600 5.4570 5.1279 5.6385 4.7770 4.9051 5.5983 5.1645 4.3291 4.6683 4.9326 5.3654 4.9735 5.7600 4.4632 5.6293 4.7564 
5.7165 5.8117 5.1782 4.9028 4.6362 4.4594 4.5012 5.2750 4.9067 5.8005 4.5859 4.4782 4.1026 4.1533 5.1781 5.0450 5.5751 5.7818 4.4838 
4.3663 5.5044 5.6743 5.1402 4.4556 5.4205 5.1794 4.8477 4.2909 3.9472 4.8832 4.3485 4.9801 4.9943 4.0360 4.8750 4.8007 4.2047 4.0821 
5.2780 5.3984 4.9362 5.5315 4.1115 3.9828 4.8250 5.4882 4.2282 5.1657 4.1363 5.3571 5.8064 4.2637 4.8933 4.4138 4.1889 4.0912 5.5286 
4.4938 5.2656 4.5325 4.4390 4.0441 4.2647 4.4102 5.7078 4.9713 4.5207 5.3616 5.4002 5.4045 5.1945 5.5022 4.5640 4.0885 4.9142 5.5745 
3.9960 4.1549 4.8679 4.1948 4.0242 4.5655 5.0805 5.5324 5.1273 5.6926 5.6845 5.4692 5.7381 4.2358 5.6227 4.1832 4.0448 5.5978 5.3680 
5.5970 4.3607 4.0523 5.2447 4.3941 5.0181 4.7865 4.2760 5.6022 4.1962 3.9091 4.6819 5.0691 5.5121 4.6023 4.3083 4.6800 4.4709 3.9942 
4.7534 5.2901 4.6608 5.1201 5.1330 5.5906 4.7076 4.4033 4.8882 3.9056 5.5780 4.0000 5.2060 3.9255 4.9502 5.4425 5.4216 5.4945 5.4266 
5.8085 5.2455 3.9727 4.7801 5.3237 4.2472 5.6535 5.0082 4.6043 3.9422 5.2842 5.3543 5.5057 4.2367 4.2037 5.4418 5.6708 4.3833 5.6738 
5.5299 5.0932 4.3236 4.9491 5.0310 5.0178 5.2120 4.3455 4.6100 4.2996 5.7051 5.4457 4.9325 4.2153 4.2663 5.7538 5.3024 4.2886 5.7004 
5.8198 4.5952 4.3329 5.6818 5.1199 4.9954 4.2524 4.5781 4.5958 5.8057 4.6722 3.9338 5.4383 4.2039 4.3520 5.2337 3.9449 4.9896 4.1127 
4.7570 5.6093 5.4879 3.9436 5.6369 4.9566 4.7567 3.9105 4.0682 4.8396 5.3400 5.7598 4.0051 4.8748 5.6928 4.1187 5.6515 4.4742 4.9377 
25
0
12
0 0 14 4 20 0 24 0 0 0
1 1 6 8 20 0 24 0 0 0
2 0 13 10 30 0 19 0 0 1
3 1 4 10 20 0 19 0 0 0
4 0 14 11 20 0 15 0 0 0
5 1 5 8 20 0 15 0 0 0
6 0 4 7 20 0 10 0 0 0
7 1 11 10 20 0 10 0 0 0
8 0 7 9 20 0 6 0 0 0
9 1 13 10 30 0 6 0 0 1
10 0 1 9 20 0 1 0 0 0
11 1 15 9 20 0 1 0 1 0
26 24
50 50 0 0 0 0
2
0 0 0 12
0 0 22 0
1
3 1 0 13 7
4.1277 4.6833 5.3621 4.8811 5.1301 4.1213 5.0318 4.3010 5.0848 4.3293 3.8879 4.6873 3.9467 5.2804 3.8482 5.2542 4.4296 5.5708 4.5997 
4.3723 4.9581 4.7633 4.7442 4.3116 4.8170 4.5599 5.4910 4.0384 5.4399 4.1804 4.8289 5.1002 5.4073 4.2065 3.8648 3.8670 5.6020 4.3344 
4.4923 4.1780 4.9998 5.1799 4.4956 4.4618 4.2030 4.6704 3.9279 4.4453 4.5076 5.6204 4.6486 5.0367 3.8293 4.5052 3.9293 4.0565 3.8700 
4.8764 4.4861 5.1477 5.5563 4.0468 4.1692 4.9659 4.9053 4.9697 5.5195 5.2110 4.9913 4.4349 4.3778 4.7516 5.0453 3.8146 4.6468 5.5733 
4.0870 5.4027 5.4907 4.3016 3.8435 4.3669 4.4660 4.6179 5.0758 4.1110 5.0930 3.9892 4.5118 4.4241 4.5560 4.6566 3.8357 5.5375 4.8878 
5.6314 5.4105 4.9157 3.8686 5.2123 4.2555 5.6067 4.0866 5.5805 4.0271 3.8507 5.1944 5.1491 4.7186 4.7151 4.0420 5.2337 3.8086 5.0116 
5.2632 4.1212 5.4696 4.0827 5.6062 5.2823 4.4770 5.4020 4.5234 3.8976 3.9838 3.9493 4.1051 4.0259 4.6008 4.2064 5.3299 5.2895 3.8692 
5.1889 4.6217 4.9581 5.5698 5.3165 4.6865 4.6213 5.4651 4.0595 4.6929 5.0250 3.8442 4.4647 4.5565 3.7979 4.7287 4.6634 4.5854 3.9061 
4.6279 4.5933 4.9123 3.9456 5.1092 3.9261 5.4487 5.3707 3.7986 4.3731 4.5203 3.7902 4.6703 4.1384 5.1938 4.0077 4.0523 4.0900 4.6355 
4.1607 5.3148 4.7197 4.8114 4.6196 3.7993 4.2859 5.2320 3.9388 5.5498 4.5479 5.2135 5.5850 5.2779 4.5950 3.9960 5.3040 4.1465 4.4553 
5.5556 4.3357 3.8891 4.8929 4.6446 3.9077 5.2075 4.4600 3.7914 4.4742 4.3958 5.5821 3.8151 3.8849 4.4833 4.5950 4.9266 3.8707 4.6315 
4.1101 4.2947 4.9728 4.5310 4.4951 4.2213 4.5552 4.6187 3.8020 5.2841 5.0274 4.1181 5.5725 5.0926 4.7185 5.2038 4.6739 4.4959 4.0886 
4.9234 4.0606 5.4572 3.9455 4.7313 4.0969 3.9955 4.3617 4.3869 5.4919 4.9203 4.0580 5.6090 5.5825 4.2694 4.9939 3.8781 4.6380 4.0164 
4.5896 4.8500 4.3703 4.6972 4.3467 3.9521 5.0299 5.0649 4.8031 3.9037 4.7054 4.3662 4.5510 3.8344 3.9849 4.6470 5.3189 5.4465 4.4529 
4.7079 4.5463 4.1128 4.7702 4.1891 4.1052 5.4778 4.3871 4.2850 4.0619 4.6660 4.8291 4.4956 3.8307 5.4686 4.5349 4.1261 4.3878 5.3394 
5.4711 5.2280 4.4320 5.4063 4.4040 4.7203 5.6286 4.3137 5.6058 5.1799 5.0192 5.3967 5.5459 3.8446 4.6222 4.5935 4.9696 3.9104 5.4325 
3.8654 3.9854 4.4692 4.0652 4.0655 4.2839 4.4367 5.0714 4.2637 5.1714 4.6769 4.9259 4.8870 4.0921 4.6015 3.9052 4.4252 4.7304 5.1047 
5.4177 5.6347 5.2502 4.9327 4.7976 3.9464 5.6251 4.0948 4.4044 5.5461 4.0572 3.9321 4.9025 4.7849 4.3758 4.9723 4.1465 4.0146 4.2604 
4.9859 4.7929 4.1471 4.4489 3.8848 4.3077 5.1809 4.0201 4.0795 4.0490 4.4677 5.0034 5.1543 4.1914 4.3527 4.9326 5.0490 4.1541 5.1175 
5.0043 4.6740 4.7787 4.5088 5.5177 5.5076 3.8776 5.4298 5.0939 5.2252 4.7708 5.1796 4.4356 4.0415 3.9105 5.2749 4.8593 4.3710 4.2756 
5.5351 4.4429 5.5469 5.5824 3.9432 4.6167 3.9688 4.3810 4.2591 5.5805 4.4400 5.1323 5.1576 4.3314 4.4914 4.7048 5.4543 5.3340 4.9174 
5.3691 3.8795 5.6446 5.2983 5.4857 4.8819 4.1829 3.9468 4.7514 4.8748 4.6015 4.0514 4.7518 4.1837 4.9800 5.6169 4.0482 4.9220 4.0540 
5.3221 4.2512 4.1532 5.1585 3.8574 5.2067 4.6243 4.0317 5.5519 4.9906 5.2192 4.4123 4.1400 4.8812 5.1736 5.2348 5.6257 3.8520 4.6043 
5.0192 4.4721 5.4567 4.7774 5.0758 5.2596 5.3963 4.4391 5.6202 4.5512 4.5893 5.3145 5.2050 4.4301 3.9504 4.5302 5.4360 4.5973 4.4145 
3.8927 4.9125 5.3851 3.8943 4.4507 5.3682 4.9421 4.8378 5.2024 5.5391 5.0952 4.8773 4.6490 4.8781 5.3711 4.8968 4.2383 4.6062 5.4236 
4.5927 4.2762 4.0887 4.2043 4.2723 4.3609 5.3766 4.8352 5.2583 5.1579 4.9759 5.5684 4.3127 4.5003 4.3355 4.6493 5.1010 3.8436 4.8733 
5.0735 4.0278 4.7172 5.2963 4.9771 5.4723 4.6367 4.7609 5.4334 5.0126 4.2022 4.5313 4.7876 5.2074 4.8273 5.5902 4.3323 5.4634 4.6167 
5.5480 5.6403 5.0259 4.7587 4.5001 4.3286 4.3692 5.1198 4.7625 5.6295 4.4513 4.3469 3.9825 4.0317 5.0258 4.8967 5.4108 5.6113 4.3523 
4.2383 5.3423 5.5071 4.9890 4.3249 5.2609 5.0270 4.7053 4.1652 3.8318 4.7397 4.2210 4.8337 4.8475 3.9179 4.7318 4.6597 4.0816 3.9626 
5.1227 5.2394 4.7911 5.3686 3.9912 3.8663 4.6833 5.3266 4.1044 5.0137 4.0152 5.1994 5.6352 4.1388 4.7495 4.2844 4.0662 3.9715 5.3657 
4.3620 5.1106 4.3995 4.3088 3.9258 4.1398 4.2809 5.5396 4.8252 4.3881 5.2038 5.2412 5.2454 5.0417 5.3401 4.4301 3.9688 4.7698 5.4103 
3.8791 4.0333 4.7249 4.0720 3.9065 4.4315 4.9311 5.3694 4.9765 5.5248 5.5170 5.3081 5.5690 4.1117 5.4570 4.0607 3.9265 5.4329 5.2100 
5.4321 4.2329 3.9337 5.0904 4.2653 4.8706 4.6459 4.1507 5.4371 4.0733 3.7948 4.5444 4.9200 5.3497 4.4672 4.1821 4.5426 4.3398 3.8774 
4.6138 5.1344 4.5240 4.9695 4.9820 5.4259 4.5694 4.2742 4.7446 3.7914 5.4137 3.8830 5.0528 3.8107 4.8047 5.2822 5.2620 5.3327 5.2668 
5.6372 5.0911 3.8565 4.6397 5.1670 4.1228 5.4869 4.8610 4.4692 3.8269 5.1287 5.1967 5.3435 4.1126 4.0806 5.2815 5.5037 4.2548 5.5066 
5.3670 4.9434 4.1969 4.8036 4.8831 4.8703 5.0586 4.2181 4.4747 4.1736 5.5369 5.2853 4.7875 4.0918 4.1413 5.5842 5.1463 4.1629 5.5324 
5.6482 4.4603 4.2059 5.5143 4.9693 4.8485 4.1278 4.4438 4.4609 5.6345 4.5350 3.8188 5.2782 4.0808 4.2244 5.0797 3.8296 4.8429 3.9923 
4.6173 5.4440 5.3263 3.8283 5.4708 4.8109 4.6170 3.7962 3.9492 4.6974 5.1828 5.5900 3.8879 4.7316 5.5250 3.9981 5.4850 4.3430 4.7926 
26
0
12
0 0 13 4 20 0 25 0 0 0
1 1 5 8 20 0 25 0 0 0
2 0 14 10 30 0 20 0 0 1
3 1 3 10 20 0 20 0 0 0
4 0 13 12 20 0 16 0 0 0
5 1 4 8 20 0 16 0 0 0
6 0 3 8 20 0 11 0 0 0
7 1 11 11 20 0 11 0 0 0
8 0 6 8 20 0 7 0 0 0
9 1 12 10 30 0 7 0 0 1
10 0 0 8 20 0 2 0 0 0
11 1 14 8 20 0 2 0 1 0
29 27
50 50 0 0 0 0
2
0 0 0 11
0 0 21 0
1
3 1 0 13 6
4.0069 4.5458 5.2042 4.7377 4.9792 4.0007 4.8838 4.1750 4.9353 4.2024 3.7743 4.5497 3.8313 5.1250 3.7358 5.0996 4.2997 5.4067 4.4647 
4.2441 4.8124 4.6234 4.6049 4.1853 4.6755 4.4261 5.3293 3.9202 5.2797 4.0580 4.6870 4.9502 5.2481 4.0833 3.7519 3.7540 5.4369 4.2074 
4.3605 4.0557 4.8528 5.0275 4.3637 4.3309 4.0799 4.5333 3.8131 4.3149 4.3754 5.4548 4.5121 4.8886 3.7174 4.3730 3.8144 3.9378 3.7569 
4.7331 4.3545 4.9963 5.3926 3.9284 4.0471 4.8199 4.7611 4.8236 5.3569 5.0577 4.8446 4.3049 4.2495 4.6121 4.8969 3.7032 4.5104 5.4091 
3.9674 5.2436 5.3290 4.1756 3.7312 4.2389 4.3350 4.4824 4.9265 3.9907 4.9432 3.8725 4.3794 4.2944 4.4223 4.5199 3.7236 5.3744 4.7442 
5.4655 5.2512 4.7712 3.7555 5.0589 4.1308 5.4415 3.9670 5.4161 3.9093 3.7382 5.0416 4.9976 4.5800 4.5766 3.9237 5.0797 3.6973 4.8643 
5.1083 4.0006 5.3085 3.9632 5.4410 5.1268 4.3457 5.2429 4.3907 3.7837 3.8673 3.8338 3.9849 3.9081 4.4658 4.0832 5.1730 5.1338 3.7561 
5.0362 4.4860 4.8124 5.4057 5.1600 4.5489 4.4857 5.3041 3.9407 4.5551 4.8773 3.7319 4.3338 4.4228 3.6870 4.5898 4.5265 4.4508 3.7919 
4.4921 4.4585 4.7679 3.8302 4.9589 3.8113 5.2882 5.2126 3.6876 4.2449 4.3877 3.6795 4.5332 4.0172 5.0410 3.8905 3.9337 3.9703 4.4994 
4.0389 5.1584 4.5811 4.6701 4.4840 3.6883 4.1603 5.0780 3.8236 5.3863 4.4145 5.0601 5.4205 5.1226 4.4602 3.8791 5.1479 4.0251 4.3246 
5.3919 4.2086 3.7754 4.7491 4.5083 3.7935 5.0543 4.3292 3.6807 4.3430 4.2669 5.4176 3.7036 3.7714 4.3518 4.4602 4.7818 3.7576 4.4956 
3.9898 4.1689 4.8266 4.3981 4.3632 4.0977 4.4215 4.4831 3.6909 5.1286 4.8796 3.9976 5.4083 4.9428 4.5799 5.0507 4.5367 4.3640 3.9689 
4.7787 3.9418 5.2965 3.8301 4.5924 3.9770 3.8786 4.2338 4.2583 5.3301 4.7757 3.9393 5.4437 5.4180 4.1443 4.8471 3.7648 4.5019 3.8989 
4.4549 4.7075 4.2422 4.5593 4.2193 3.8365 4.8820 4.9160 4.6620 3.7896 4.5672 4.2382 4.4175 3.7224 3.8684 4.5106 5.1623 5.2861 4.3223 
4.5697 4.4129 3.9924 4.6301 4.0664 3.9850 5.3165 4.2585 4.1595 3.9430 4.5290 4.6872 4.3637 3.7188 5.3075 4.4019 4.0053 4.2592 5.1822 
5.3100 5.0742 4.3020 5.2471 4.2749 4.5817 5.4627 4.1873 5.4406 5.0275 4.8716 5.2378 5.3825 3.7323 4.4865 4.4587 4.8235 3.7961 5.2725 
3.7524 3.8688 4.3381 3.9462 3.9465 4.1584 4.3066 4.9223 4.1388 5.0193 4.5396 4.7811 4.7434 3.9723 4.4665 3.7910 4.2954 4.5915 4.9546 
5.2582 5.4687 5.0957 4.7877 4.6567 3.8310 5.4593 3.9750 4.2753 5.3827 3.9385 3.8171 4.7584 4.6444 4.2475 4.8261 4.0251 3.8972 4.1356 
4.8393 4.6521 4.0257 4.3184 3.7713 4.1815 5.0285 3.9025 3.9601 3.9305 4.3367 4.8563 5.0027 4.0687 4.2251 4.7876 4.9005 4.0325 4.9670 
4.8572 4.5368 4.6383 4.3765 5.3552 5.3454 3.7643 5.2699 4.9441 5.0714 4.6307 5.0272 4.3055 3.9233 3.7962 5.1197 4.7165 4.2429 4.1503 
5.3720 4.3126 5.3835 5.4179 3.8279 4.4812 3.8527 4.2526 4.1343 5.4161 4.3098 4.9813 5.0059 4.2045 4.3597 4.5667 5.2937 5.1770 4.7729 
5.2110 3.7661 5.4783 5.1424 5.3241 4.7384 4.0604 3.8314 4.6119 4.7316 4.4665 3.9329 4.6122 4.0612 4.8336 5.4514 3.9298 4.7773 3.9354 
5.1654 4.1267 4.0316 5.0067 3.7447 5.0535 4.4886 3.9137 5.3883 4.8439 5.0656 4.2829 4.0188 4.7378 5.0214 5.0808 5.4599 3.7394 4.4692 
4.8716 4.3409 5.2960 4.6371 4.9265 5.1048 5.2374 4.3089 5.4546 4.4177 4.4546 5.1581 5.0519 4.3002 3.8349 4.3973 5.2759 4.4624 4.2851 
3.7789 4.7681 5.2265 3.7805 4.3202 5.2102 4.7968 4.6957 5.0493 5.3759 4.9453 4.7340 4.5125 4.7348 5.2130 4.7529 4.1142 4.4710 5.2639 
4.4579 4.1509 3.9690 4.0812 4.1471 4.2331 5.2183 4.6931 5.1036 5.0062 4.8296 5.4043 4.1863 4.3683 4.2084 4.5128 4.9510 3.7313 4.7301 
4.9243 3.9100 4.5787 5.1404 4.8308 5.3111 4.5006 4.6211 5.2734 4.8652 4.0791 4.3984 4.6470 5.0542 4.6855 5.4255 4.2053 5.3025 4.4812 
5.3846 5.4741 4.8781 4.6189 4.3681 4.2017 4.2411 4.9692 4.6226 5.4636 4.3208 4.2195 3.8660 3.9137 4.8780 4.7528 5.2515 5.4460 4.2247 
4.1142 5.1850 5.3449 4.8423 4.1982 5.1061 4.8792 4.5671 4.0432 3.7198 4.6005 4.0974 4.6917 4.7051 3.8034 4.5928 4.5229 3.9622 3.8467 
4.9720 5.0852 4.6504 5.2105 3.8745 3.7533 4.5458 5.1698 3.9843 4.8663 3.8977 5.0464 5.4691 4.0176 4.6100 4.1589 3.9472 3.8554 5.2077 
4.2341 4.9603 4.2705 4.1825 3.8110 4.0186 4.1555 5.3764 4.6834 4.2595 5.0507 5.0870 5.0910 4.8934 5.1829 4.3002 3.8527 4.6297 5.2510 
3.7657 3.9153 4.5862 3.9528 3.7923 4.3016 4.7862 5.2113 4.8302 5.3621 5.3545 5.1519 5.4049 3.9913 5.2963 3.9419 3.8117 5.2729 5.0567 
5.2721 4.1089 3.8187 4.9407 4.1403 4.7275 4.5095 4.0292 5.2770 3.9541 3.6840 4.4111 4.7754 5.1922 4.3362 4.0596 4.4093 4.2126 3.7641 
4.4784 4.9834 4.3913 4.8234 4.8355 5.2661 4.4353 4.1490 4.6053 3.6807 5.2543 3.7695 4.9042 3.6994 4.6636 5.1267 5.1071 5.1757 5.1118 
5.4711 4.9414 3.7438 4.5035 5.0150 4.0021 5.3253 4.7182 4.3381 3.7151 4.9778 5.0438 5.1862 3.9922 3.9612 5.1261 5.3416 4.1302 5.3444 
5.2090 4.7981 4.0740 4.6625 4.7396 4.7272 4.9098 4.0946 4.3435 4.0514 5.3738 5.1297 4.6469 3.9720 4.0201 5.4197 4.9949 4.0410 5.3694 
5.4818 4.3295 4.0827 5.3519 4.8232 4.7060 4.0070 4.3135 4.3301 5.4685 4.4020 3.7072 5.1229 3.9614 4.1007 4.9303 3.7177 4.7006 3.8755 
4.4818 5.2837 5.1695 3.7165 5.3097 4.6696 4.4815 3.6853 3.8337 4.5595 5.0303 5.4253 3.7743 4.5927 5.3623 3.8812 5.3235 4.2157 4.6518 
27
0
12
0 0 12 4 20 0 26 0 0 0
1 1 4 8 20 0 26 0 0 0
2 0 15 11 30 0 21 0 0 1
3 1 4 11 20 0 21 0 0 0
4 0 13 13 20 0 17 0 0 0
5 1 4 7 20 0 17 0 0 0
6 0 4 8 20 0 12 0 0 0
7 1 11 12 20 0 12 0 0 0
8 0 7 7 20 0 8 0 0 0
9 1 11 10 30 0 8 0 0 1
10 0 1 7 20 0 3 0 0 0
11 1 13 8 20 0 3 0 1 0
29 27
50 50 0 0 0 0
2
0 0 0 10
0 0 20 0
1
3 1 0 13 5
3.8897 4.4124 5.0511 4.5986 4.8328 3.8837 4.7403 4.0528 4.7902 4.0793 3.6641 4.4162 3.7194 4.9743 3.6267 4.9496 4.1737 5.2475 4.3338 
4.1198 4.6710 4.4877 4.4698 4.0627 4.5382 4.2963 5.1724 3.8056 5.1243 3.9393 4.5494 4.8047 5.0937 3.9638 3.6423 3.6444 5.2768 4.0842 
4.2327 3.9370 4.7102 4.8797 4.2358 4.2040 3.9605 4.4003 3.7017 4.1885 4.2471 5.2942 4.3797 4.7449 3.6089 4.2448 3.7030 3.8227 3.6472 
4.5941 4.2269 4.8494 5.2338 3.8135 3.9287 4.6783 4.6213 4.6819 5.1992 4.9090 4.7023 4.1788 4.1250 4.4767 4.7530 3.5951 4.3781 5.2498 
3.8514 5.0893 5.1721 4.0533 3.6223 4.1147 4.2080 4.3509 4.7817 3.8740 4.7979 3.7593 4.2510 4.1686 4.2926 4.3873 3.6149 5.2162 4.6049 
5.3045 5.0967 4.6311 3.6458 4.9101 4.0099 5.2813 3.8510 5.2566 3.7950 3.6291 4.8934 4.8507 4.4456 4.4423 3.8090 4.9303 3.5894 4.7214 
4.9581 3.8836 5.1522 3.8473 5.2808 4.9760 4.2183 5.0886 4.2620 3.6732 3.7543 3.7218 3.8684 3.7939 4.3348 3.9637 5.0208 4.9828 3.6464 
4.8881 4.3544 4.6710 5.2465 5.0082 4.4154 4.3541 5.1480 3.8255 4.4214 4.7340 3.6229 4.2068 4.2931 3.5794 4.4551 4.3937 4.3203 3.6811 
4.3603 4.3277 4.6279 3.7183 4.8131 3.7000 5.1326 5.0592 3.5800 4.1206 4.2591 3.5721 4.4002 3.8997 4.8928 3.7768 3.8187 3.8542 4.3674 
3.9207 5.0066 4.4467 4.5330 4.3525 3.5807 4.0385 4.9287 3.7119 5.2277 4.2851 4.9113 5.2609 4.9719 4.3294 3.7657 4.9965 3.9073 4.1979 
5.2331 4.0853 3.6651 4.6096 4.3761 3.6827 4.9057 4.2023 3.5733 4.2157 4.1419 5.2581 3.5955 3.6613 4.2242 4.3294 4.6413 3.6479 4.3637 
3.8731 4.0468 4.6848 4.2692 4.2353 3.9778 4.2919 4.3516 3.5832 4.9777 4.7362 3.8807 5.2491 4.7975 4.4455 4.9022 4.4036 4.2361 3.8528 
4.6383 3.8265 5.1406 3.7182 4.4576 3.8607 3.7652 4.1098 4.1336 5.1732 4.6354 3.8241 5.2834 5.2585 4.0230 4.7047 3.6549 4.3698 3.7849 
4.3243 4.5693 4.1179 4.4255 4.0957 3.7244 4.7385 4.7715 4.5251 3.6789 4.4332 4.1141 4.2880 3.6137 3.7553 4.3783 5.0104 5.1305 4.1956 
4.4356 4.2835 3.8756 4.4942 3.9474 3.8685 5.1600 4.1337 4.0377 3.8277 4.3961 4.5496 4.2358 3.6102 5.1513 4.2728 3.8881 4.1344 5.0297 
5.1537 4.9250 4.1759 5.0927 4.1497 4.4472 5.3018 4.0647 5.2804 4.8797 4.7285 5.0837 5.2240 3.6233 4.3549 4.3279 4.6818 3.6852 5.1173 
3.6428 3.7557 4.2110 3.8308 3.8311 4.0366 4.1804 4.7776 4.0176 4.8717 4.4064 4.6407 4.6041 3.8561 4.3355 3.6803 4.1695 4.4568 4.8090 
5.1035 5.3076 4.9458 4.6471 4.5200 3.7191 5.2985 3.8588 4.1500 5.2242 3.8233 3.7056 4.6186 4.5081 4.1231 4.6843 3.9073 3.7833 4.0145 
4.6971 4.5155 3.9079 4.1918 3.6612 4.0591 4.8806 3.7884 3.8443 3.8156 4.2096 4.7136 4.8556 3.9496 4.1013 4.6470 4.7565 3.9145 4.8210 
4.7145 4.4037 4.5022 4.2482 5.1975 5.1880 3.6544 5.1148 4.7988 4.9223 4.4948 4.8794 4.1793 3.8086 3.6853 4.9691 4.5780 4.1186 4.0288 
5.2138 4.1862 5.2250 5.2584 3.7161 4.3498 3.7401 4.1280 4.0133 5.2566 4.1835 4.8349 4.8587 4.0814 4.2319 4.4327 5.1379 5.0247 4.6327 
5.0577 3.6561 5.3170 4.9911 5.1674 4.5992 3.9416 3.7195 4.4765 4.5927 4.3355 3.8179 4.4768 3.9424 4.6916 5.2909 3.8149 4.6370 3.8203 
5.0134 4.0059 3.9137 4.8595 3.6354 4.9049 4.3569 3.7993 5.2297 4.7016 4.9166 4.1574 3.9012 4.5987 4.8738 4.9314 5.2991 3.6302 4.3381 
4.7285 4.2137 5.1401 4.5010 4.7817 4.9547 5.0833 4.1826 5.2940 4.2882 4.3240 5.0064 4.9033 4.1742 3.7229 4.2684 5.1206 4.3315 4.1595 
3.6685 4.6281 5.0727 3.6701 4.1936 5.0569 4.6559 4.5578 4.9008 5.2176 4.7999 4.5950 4.3801 4.5958 5.0596 4.6133 3.9938 4.3399 5.1090 
4.3272 4.0294 3.8529 3.9618 4.0257 4.1091 5.0648 4.5553 4.9535 4.8590 4.6877 5.2452 4.0637 4.2403 4.0851 4.3804 4.8055 3.6224 4.5912 
4.7796 3.7957 4.4443 4.9892 4.6889 5.1548 4.3686 4.4855 5.1182 4.7222 3.9597 4.2694 4.5106 4.9056 4.5479 5.2657 4.0821 5.1464 4.3498 
5.2261 5.3129 4.7348 4.4833 4.2401 4.0786 4.1169 4.8231 4.4869 5.3027 4.1942 4.0959 3.7530 3.7993 4.7347 4.6132 5.0970 5.2856 4.1010 
3.9938 5.0325 5.1876 4.7000 4.0753 4.9559 4.7358 4.4331 3.9249 3.6112 4.4655 3.9775 4.5539 4.5669 3.6923 4.4580 4.3902 3.8463 3.7343 
4.8258 4.9356 4.5139 5.0572 3.7613 3.6437 4.4124 5.0177 3.8678 4.7233 3.7838 4.8980 5.3080 3.9001 4.4747 4.0371 3.8318 3.7427 5.0545 
4.1101 4.8145 4.1454 4.0600 3.6997 3.9010 4.0338 5.2181 4.5459 4.1347 4.9022 4.9374 4.9413 4.7496 5.0304 4.1742 3.7401 4.4938 5.0965 
3.6557 3.8008 4.4516 3.8372 3.6815 4.1756 4.6456 5.0580 4.6883 5.2042 5.1969 5.0003 5.2458 3.8746 5.1404 3.8266 3.7003 5.1177 4.9080 
5.1169 3.9886 3.7071 4.7955 4.0191 4.5887 4.3772 3.9113 5.1217 3.8385 3.5765 4.2818 4.6351 5.0394 4.2091 3.9408 4.2800 4.0892 3.6542 
4.3470 4.8369 4.2626 4.6817 4.6934 5.1111 4.3052 4.0275 4.4701 3.5733 5.0997 3.6594 4.7601 3.5914 4.5267 4.9759 4.9569 5.0234 4.9614 
5.3100 4.7962 3.6345 4.3714 4.8676 3.8850 5.1685 4.5797 4.2110 3.6066 4.8315 4.8955 5.0336 3.8754 3.8454 4.9753 5.1844 4.0093 5.1871 
5.0557 4.6572 3.9548 4.5256 4.6004 4.5884 4.7655 3.9748 4.2162 3.9329 5.2156 4.9788 4.5105 3.8558 3.9025 5.2601 4.8481 3.9228 5.2113 
5.3203 4.2026 3.9632 5.1943 4.6815 4.5678 3.8898 4.1871 4.2032 5.3074 4.2729 3.5990 4.9722 3.8456 3.9807 4.7854 3.6092 4.5626 3.7622 
4.3503 5.1282 5.0174 3.6080 5.1534 4.5325 4.3501 3.5777 3.7217 4.4257 4.8824 5.2655 3.6641 4.4579 5.2044 3.7678 5.1668 4.0922 4.5152 
28
0
14
0 0 12 5 20 0 27 0 0 0
1 1 3 8 20 0 27 0 0 0
2 0 14 11 30 0 22 0 0 1
3 1 3 11 20 0 22 0 0 0
4 0 13 14 20 0 18 0 0 0
5 1 3 7 20 0 18 0 0 0
6 0 5 8 20 0 13 0 0 0
7 1 10 12 20 0 13 0 0 0
8 0 7 6 20 0 9 0 0 0
9 1 11 11 30 0 9 0 0 1
10 0 1 6 20 0 4 0 0 0
11 1 12 8 20 0 4 0 1 0
12 0 2 9 20 0 0 0 0 0
13 1 16 9 30 0 0 0 0 1
32 30
50 50 0 0 0 0
2
0 0 0 9
0 0 19 0
1
3 1 0 13 4
3.7760 4.2830 4.9026 4.4636 4.6908 3.7702 4.6011 3.9342 4.6495 3.9599 3.5572 4.2867 3.6108 4.8281 3.5209 4.8041 4.0515 5.0931 4.2068 
3.9992 4.5339 4.3561 4.3387 3.9438 4.4051 4.1704 5.0202 3.6944 4.9736 3.8241 4.4159 4.6636 4.9439 3.8479 3.5360 3.5381 5.1215 3.9647 
4.1087 3.8219 4.5719 4.7363 4.1117 4.0809 3.8447 4.2713 3.5936 4.0658 4.1227 5.1384 4.2513 4.6056 3.5036 4.1205 3.5949 3.7110 3.5408 
4.4593 4.1031 4.7069 5.0798 3.7021 3.8138 4.5410 4.4857 4.5444 5.0462 4.7647 4.5642 4.0564 4.0043 4.3454 4.6134 3.4902 4.2498 5.0953 
3.7389 4.9396 5.0199 3.9347 3.5166 3.9943 4.0848 4.2234 4.6412 3.7608 4.6570 3.6495 4.1265 4.0465 4.1668 4.2587 3.5095 5.0627 4.4698 
5.1484 4.9468 4.4952 3.5394 4.7658 3.8926 5.1259 3.7385 5.1019 3.6842 3.5232 4.7496 4.7082 4.3152 4.3120 3.6977 4.7854 3.4847 4.5828 
4.8124 3.7701 5.0006 3.7349 5.1254 4.8297 4.0948 4.9389 4.1371 3.5660 3.6447 3.6131 3.7553 3.6831 4.2078 3.8478 4.8732 4.8363 3.5400 
4.7445 4.2268 4.5339 5.0921 4.8610 4.2859 4.2265 4.9966 3.7137 4.2918 4.5950 3.5172 4.0836 4.1673 3.4750 4.3244 4.2649 4.1937 3.5737 
4.2325 4.2009 4.4921 3.6098 4.6717 3.5920 4.9816 4.9104 3.4756 4.0000 4.1343 3.4679 4.2712 3.7857 4.7490 3.6665 3.7071 3.7416 4.2394 
3.8061 4.8594 4.3163 4.4000 4.2249 3.4763 3.9203 4.7838 3.6035 5.0739 4.1595 4.7670 5.1061 4.8257 4.2025 3.6557 4.8496 3.7931 4.0750 
5.0791 3.9657 3.5581 4.4743 4.2478 3.5752 4.7615 4.0792 3.4691 4.0922 4.0206 5.1034 3.4906 3.5545 4.1005 4.2025 4.5051 3.5415 4.2358 
3.7599 3.9284 4.5473 4.1441 4.1112 3.8615 4.1661 4.2241 3.4787 4.8314 4.5971 3.7673 5.0946 4.6566 4.3151 4.7581 4.2745 4.1120 3.7402 
4.5022 3.7147 4.9894 3.6097 4.3269 3.7479 3.6552 3.9895 4.0126 5.0210 4.4993 3.7124 5.1279 5.1037 3.9053 4.5666 3.5483 4.2417 3.6744 
4.1976 4.4352 3.9974 4.2957 3.9758 3.6157 4.5993 4.6314 4.3923 3.5715 4.3032 3.9937 4.1624 3.5083 3.6456 4.2500 4.8631 4.9796 4.0727 
4.3055 4.1580 3.7623 4.3624 3.8320 3.7554 5.0082 4.0127 3.9196 3.7159 4.2672 4.4161 4.1117 3.5049 4.9998 4.1476 3.7745 4.0134 4.8818 
5.0021 4.7803 4.0536 4.9429 4.0282 4.3168 5.1457 3.9458 5.1250 4.7363 4.5896 4.9342 5.0703 3.5176 4.2273 4.2011 4.5443 3.5776 4.9668 
3.5365 3.6460 4.0877 3.7189 3.7192 3.9185 4.0580 4.6373 3.9001 4.7285 4.2772 4.5045 4.4690 3.7434 4.2084 3.5729 4.0474 4.3261 4.6677 
4.9534 5.1514 4.8004 4.5107 4.3874 3.6105 5.1425 3.7460 4.0285 5.0705 3.7116 3.5974 4.4830 4.3759 4.0024 4.5468 3.7931 3.6728 3.8971 
4.5592 4.3830 3.7937 4.0690 3.5544 3.9403 4.7372 3.6777 3.7320 3.7041 4.0863 4.5752 4.7129 3.8341 3.9813 4.5106 4.6168 3.8001 4.6794 
4.5761 4.2746 4.3701 4.1238 5.0446 5.0354 3.5478 4.9644 4.6578 4.7776 4.3630 4.7360 4.0569 3.6973 3.5777 4.8230 4.4437 3.9980 3.9109 
5.0604 4.0636 5.0713 5.1036 3.6076 4.2223 3.6309 4.0072 3.8959 5.1019 4.0610 4.6929 4.7159 3.9620 4.1079 4.3027 4.9868 4.8770 4.4967 
4.9090 3.5494 5.1605 4.8444 5.0154 4.4642 3.8264 3.6109 4.3452 4.4579 4.2084 3.7064 4.3455 3.8271 4.5539 5.1352 3.7035 4.5009 3.7087 
4.8660 3.8887 3.7993 4.7167 3.5293 4.7608 4.2292 3.6883 5.0758 4.5636 4.7721 4.0357 3.7872 4.4637 4.7306 4.7865 5.1431 3.5243 4.2110 
4.5896 4.0903 4.9889 4.3690 4.6412 4.8091 4.9338 4.0601 5.1382 4.1626 4.1973 4.8592 4.7592 4.0520 3.6142 4.1433 4.9700 4.2046 4.0377 
3.5614 4.4923 4.9235 3.5630 4.0708 4.9082 4.5192 4.4241 4.7568 5.0641 4.6589 4.4602 4.2517 4.4609 4.9108 4.4779 3.8770 4.2127 4.9587 
4.2004 3.9115 3.7403 3.8459 3.9079 3.9888 4.9159 4.4216 4.8079 4.7162 4.5501 5.0908 3.9448 4.1161 3.9655 4.2520 4.6643 3.5167 4.4565 
4.6392 3.6848 4.3140 4.8425 4.5512 5.0032 4.2405 4.3539 4.9677 4.5835 3.8439 4.1443 4.3783 4.7614 4.4145 5.1107 3.9626 4.9950 4.2223 
5.0723 5.1565 4.5958 4.3518 4.1159 3.9592 3.9964 4.6814 4.3553 5.1466 4.0714 3.9760 3.6434 3.6883 4.5957 4.4778 4.9471 5.1300 3.9810 
3.8770 4.8845 5.0350 4.5620 3.9560 4.8102 4.5967 4.3031 3.8102 3.5059 4.3345 3.8612 4.4203 4.4329 3.5845 4.3273 4.2615 3.7339 3.6253 
4.6840 4.7905 4.3815 4.9085 3.6515 3.5374 4.2830 4.8702 3.7548 4.5846 3.6733 4.7541 5.1518 3.7861 4.3435 3.9190 3.7198 3.6334 4.9059 
3.9898 4.6731 4.0240 3.9412 3.5917 3.7870 3.9158 5.0646 4.4125 4.0137 4.7581 4.7923 4.7961 4.6101 4.8825 4.0520 3.6309 4.3620 4.9466 
3.5490 3.6898 4.3211 3.7251 3.5741 4.0533 4.5092 4.9093 4.5507 5.0511 5.0440 4.8533 5.0914 3.7614 4.9892 3.7148 3.5923 4.9672 4.7638 
4.9664 3.8719 3.5989 4.6546 3.9015 4.4540 4.2489 3.7970 4.9710 3.7263 3.4722 4.1563 4.4990 4.8912 4.0858 3.8256 4.1546 3.9695 3.5476 
4.2196 4.6948 4.1377 4.5442 4.5556 4.9608 4.1790 3.9097 4.3390 3.4691 4.9497 3.5526 4.6203 3.4867 4.3939 4.8296 4.8112 4.8757 4.8156 
5.1537 4.6553 3.5285 4.2433 4.7246 3.7715 5.0164 4.4453 4.0877 3.5014 4.6896 4.7516 4.8856 3.7621 3.7330 4.8290 5.0319 3.8920 5.0345 
4.9070 4.5205 3.8392 4.3928 4.4654 4.4537 4.6255 3.8586 4.0927 3.8179 5.0621 4.8324 4.3782 3.7431 3.7884 5.1053 4.7057 3.8081 5.0580 
5.1637 4.0795 3.8473 5.0415 4.5441 4.4338 3.7761 4.0645 4.0801 5.1512 4.1477 3.4940 4.8260 3.7332 3.8643 4.6448 3.5039 4.4287 3.6523 
4.2228 4.9774 4.8699 3.5028 5.0018 4.3995 4.2226 3.4734 3.6130 4.2959 4.7389 5.1105 3.5572 4.3272 5.0513 3.6578 5.0148 3.9724 4.3827 
29
0
14
0 0 11 6 20 0 28 0 0 0
1 1 3 9 20 0 28 0 0 0
2 0 14 10 30 0 23 0 0 1
3 1 3 10 20 0 23 0 0 0
4 0 14 14 20 0 19 0 0 0
5 1 3 8 20 0 19 0 0 0
6 0 6 8 20 0 14 0 0 0
7 1 9 12 20 0 14 0 0 0
8 0 8 6 20 0 10 0 0 0
9 1 10 12 30 0 10 0 0 1
10 0 2 5 20 0 5 0 0 0
11 1 11 8 20 0 5 0 0 0
12 0 3 9 20 0 1 0 0 0
13 1 15 9 30 0 1 0 0 1
32 30
50 50 0 0 0 0
2
0 0 0 8
0 0 18 0
1
3 1 0 13 3
3.6657 4.1575 4.7585 4.3327 4.5531 3.6601 4.4661 3.8192 4.5130 3.8441 3.4535 4.1611 3.5055 4.6863 3.4183 4.6630 3.9330 4.9433 4.0836 
3.8822 4.4009 4.2284 4.2115 3.8285 4.2759 4.0483 4.8726 3.5866 4.8274 3.7124 4.2864 4.5267 4.7986 3.7355 3.4329 3.4350 4.9709 3.8488 
3.9884 3.7102 4.4377 4.5972 3.9913 3.9615 3.7324 4.1462 3.4888 3.9468 4.0020 4.9872 4.1268 4.4704 3.4015 3.9999 3.4901 3.6027 3.4376 
4.3285 3.9830 4.5687 4.9304 3.5940 3.7024 4.4078 4.3541 4.4111 4.8978 4.6248 4.4303 3.9377 3.8872 4.2180 4.4780 3.3885 4.1253 4.9454 
3.6297 4.7944 4.8723 3.8197 3.4141 3.8775 3.9653 4.0997 4.5050 3.6510 4.5203 3.5430 4.0057 3.9281 4.0448 4.1339 3.4072 4.9138 4.3387 
4.9969 4.8014 4.3633 3.4362 4.6258 3.7788 4.9751 3.6293 4.9518 3.5767 3.4205 4.6101 4.5700 4.1887 4.1856 3.5898 4.6448 3.3832 4.4483 
4.6710 3.6600 4.8536 3.6259 4.9746 4.6878 3.9750 4.7937 4.0160 3.4620 3.5384 3.5077 3.6456 3.5756 4.0846 3.7354 4.7300 4.6942 3.4368 
4.6052 4.1030 4.4009 4.9423 4.7182 4.1603 4.1027 4.8497 3.6053 4.1660 4.4602 3.4147 3.9641 4.0453 3.3738 4.1977 4.1400 4.0709 3.4695 
4.1085 4.0779 4.3603 3.5045 4.5345 3.4872 4.8352 4.7661 3.3743 3.8830 4.0133 3.3669 4.1461 3.6751 4.6095 3.5595 3.5989 3.6324 4.1152 
3.6949 4.7166 4.1898 4.2710 4.1012 3.3750 3.8057 4.6433 3.4984 4.9247 4.0377 4.6270 4.9559 4.6839 4.0794 3.5490 4.7071 3.6823 3.9558 
4.9297 3.8497 3.4544 4.3431 4.1234 3.4709 4.6217 3.9598 3.3680 3.9724 3.9030 4.9533 3.3889 3.4509 3.9805 4.0794 4.3729 3.4383 4.1117 
3.6501 3.8135 4.4139 4.0228 3.9909 3.7487 4.0441 4.1004 3.3773 4.6895 4.4622 3.6573 4.9448 4.5199 4.1886 4.6184 4.1493 3.9916 3.6310 
4.3701 3.6063 4.8427 3.5044 4.2001 3.6385 3.5485 3.8728 3.8952 4.8734 4.3673 3.6040 4.9771 4.9536 3.7911 4.4326 3.4449 4.1174 3.5672 
4.0747 4.3051 3.8805 4.1698 3.8595 3.5102 4.4643 4.4955 4.2635 3.4674 4.1771 3.8769 4.0405 3.4061 3.5392 4.1255 4.7202 4.8332 3.9535 
4.1793 4.0363 3.6524 4.2345 3.7200 3.6457 4.8610 3.8953 3.8050 3.6074 4.1422 4.2866 3.9913 3.4028 4.8528 4.0262 3.6643 3.8960 4.7383 
4.8550 4.6399 3.9350 4.7976 3.9104 4.1903 4.9943 3.8304 4.9743 4.5972 4.4549 4.7892 4.9212 3.4151 4.1035 4.0781 4.4110 3.4733 4.8208 
3.4334 3.5396 3.9681 3.6103 3.6106 3.8039 3.9393 4.5012 3.7861 4.5896 4.1519 4.3724 4.3379 3.6341 4.0851 3.4687 3.9290 4.1993 4.5307 
4.8078 4.9999 4.6594 4.3784 4.2588 3.5052 4.9912 3.6366 3.9106 4.9214 3.6033 3.4925 4.3515 4.2476 3.8853 4.4134 3.6823 3.5656 3.7832 
4.4254 4.2545 3.6829 3.9499 3.4508 3.8251 4.5981 3.5704 3.6230 3.5960 3.9667 4.4409 4.5745 3.7221 3.8649 4.3783 4.4813 3.6891 4.5420 
4.4418 4.1494 4.2420 4.0031 4.8963 4.8873 3.4444 4.8185 4.5211 4.6373 4.2351 4.5969 3.9382 3.5894 3.4734 4.6813 4.3134 3.8811 3.7966 
4.9116 3.9447 4.9222 4.9535 3.5024 4.0986 3.5250 3.8900 3.7820 4.9518 3.9422 4.5551 4.5774 3.8461 3.9877 4.1766 4.8402 4.7337 4.3648 
4.7647 3.4459 5.0087 4.7021 4.8679 4.3333 3.7146 3.5056 4.2178 4.3272 4.0851 3.5982 4.2181 3.7153 4.4203 4.9841 3.5954 4.3689 3.6004 
4.7230 3.7750 3.6883 4.5782 3.4264 4.6210 4.1053 3.5807 4.9265 4.4297 4.6319 3.9176 3.6766 4.3328 4.5917 4.6459 4.9918 3.4216 4.0877 
4.4549 3.9706 4.8422 4.2409 4.5050 4.6678 4.7888 3.9413 4.9871 4.0407 4.0744 4.7164 4.6194 3.9334 3.5088 4.0220 4.8239 4.0815 3.9196 
3.4576 4.3605 4.7788 3.4591 3.9517 4.7640 4.3866 4.2944 4.6171 4.9152 4.5221 4.3294 4.1271 4.3301 4.7665 4.3466 3.7637 4.0893 4.8129 
4.0774 3.7972 3.6311 3.7335 3.7937 3.8721 4.7714 4.2920 4.6667 4.5777 4.4166 4.9411 3.8295 3.9956 3.8495 4.1274 4.5274 3.4142 4.3258 
4.5030 3.5773 4.1876 4.7002 4.4177 4.8561 4.1163 4.2263 4.8217 4.4490 3.7316 4.0230 4.2500 4.6216 4.2851 4.9604 3.8467 4.8482 4.0986 
4.9231 5.0048 4.4609 4.2242 3.9954 3.8434 3.8795 4.5440 4.2276 4.9952 3.9523 3.8597 3.5371 3.5807 4.4608 4.3465 4.8017 4.9791 3.8646 
3.7637 4.7410 4.8870 4.4281 3.8403 4.6689 4.4618 4.1770 3.6989 3.4037 4.2075 3.7484 4.2907 4.3029 3.4800 4.2005 4.1367 3.6249 3.5195 
4.5465 4.6498 4.2531 4.7642 3.5450 3.4343 4.1575 4.7271 3.6452 4.4501 3.5661 4.6145 5.0002 3.6755 4.2162 3.8044 3.6112 3.5274 4.7617 
3.8731 4.5359 3.9063 3.8260 3.4869 3.6764 3.8013 4.9157 4.2831 3.8963 4.6184 4.6515 4.6552 4.4748 4.7390 3.9334 3.5250 4.2341 4.8012 
3.4455 3.5821 4.1945 3.6163 3.4699 3.9347 4.3769 4.7650 4.4172 4.9026 4.8957 4.7107 4.9417 3.6516 4.8425 3.6064 3.4875 4.8212 4.6239 
4.8204 3.7587 3.4939 4.5180 3.7875 4.3234 4.1244 3.6861 4.8249 3.6175 3.3710 4.0346 4.3670 4.7475 3.9662 3.7138 4.0330 3.8534 3.4442 
4.0960 4.5570 4.0166 4.4109 4.4219 4.8150 4.0566 3.7954 4.2118 3.3680 4.8042 3.4490 4.4847 3.3851 4.2651 4.6877 4.6699 4.7324 4.6741 
5.0021 4.5186 3.4256 4.1190 4.5859 3.6614 4.8689 4.3149 3.9681 3.3994 4.5519 4.6121 4.7420 3.6522 3.6240 4.6871 4.8839 3.7782 4.8865 
4.7628 4.3879 3.7270 4.2640 4.3344 4.3231 4.4897 3.7458 3.9729 3.7064 4.9132 4.6904 4.2499 3.6338 3.6777 4.9551 4.5675 3.6969 4.9093 
5.0118 3.9601 3.7349 4.8933 4.4108 4.3038 3.6658 3.9456 3.9607 4.9997 4.0263 3.3922 4.6842 3.6242 3.7514 4.5085 3.4018 4.2988 3.5457 
4.0991 4.8311 4.7268 3.4007 4.8547 4.2705 4.0989 3.3722 3.5076 4.1700 4.5997 4.9602 3.4535 4.2004 4.9028 3.5511 4.8674 3.8562 4.2542 
30
0
14
0 0 11 7 20 0 29 0 0 0
1 1 2 9 20 0 29 1 0 0
2 0 15 9 30 0 24 0 0 1
3 1 3 9 20 0 24 0 0 0
4 0 15 14 20 0 20 0 0 0
5 1 4 7 20 0 20 0 0 0
6 0 7 9 20 0 15 0 0 0
7 1 8 12 20 0 15 0 0 0
8 0 9 6 20 0 11 0 0 0
9 1 9 12 30 0 11 0 0 1
10 0 2 6 20 0 6 0 0 0
11 1 11 7 20 0 6 0 0 0
12 0 3 10 20 0 2 0 0 0
13 1 13 6 30 0 2 0 0 1
35 43
49 50 0 0 0 0
2
0 0 0 7
0 0 17 0
1
3 1 0 13 2
3.5587 4.0358 4.6187 4.2057 4.4195 3.5533 4.3351 3.7076 4.3806 3.7318 3.3529 4.0393 3.4033 4.5487 3.3188 4.5261 3.8180 4.7980 3.9641 
3.7687 4.2719 4.1045 4.0882 3.7166 4.1506 3.9299 4.7294 3.4820 4.6856 3.6040 4.1608 4.3939 4.6576 3.6264 3.3329 3.3350 4.8248 3.7363 
3.8717 3.6019 4.3076 4.4623 3.8746 3.8457 3.6234 4.0248 3.3871 3.8314 3.8849 4.8406 4.0060 4.3393 3.3025 3.8829 3.3884 3.4976 3.3375 
4.2016 3.8665 4.4346 4.7855 3.4892 3.5943 4.2786 4.2265 4.2818 4.7539 4.4891 4.3004 3.8226 3.7736 4.0945 4.3467 3.2898 4.0045 4.8000 
3.5238 4.6536 4.7291 3.7081 3.3147 3.7642 3.8493 3.9797 4.3729 3.5445 4.3877 3.4397 3.8885 3.8133 3.9265 4.0129 3.3080 4.7694 4.2115 
4.8500 4.6604 4.2354 3.3361 4.4900 3.6684 4.8288 3.5234 4.8062 3.4724 3.3209 4.4748 4.4359 4.0660 4.0630 3.4851 4.5085 3.2847 4.3179 
4.5339 3.5532 4.7110 3.5201 4.8284 4.5502 3.8588 4.6529 3.8985 3.3611 3.4352 3.4055 3.5392 3.4713 3.9651 3.6263 4.5911 4.5564 3.3367 
4.4700 3.9829 4.2719 4.7970 4.5797 4.0385 3.9826 4.7072 3.5001 4.0440 4.3294 3.3153 3.8482 3.9269 3.2756 4.0748 4.0188 3.9518 3.3684 
3.9882 3.9586 4.2325 3.4024 4.4015 3.3856 4.6931 4.6261 3.2761 3.7695 3.8959 3.2689 4.0247 3.5678 4.4742 3.4557 3.4939 3.5264 3.9947 
3.5871 4.5781 4.0671 4.1459 3.9812 3.2768 3.6945 4.5070 3.3964 4.7800 3.9196 4.4912 4.8102 4.5464 3.9600 3.4455 4.5689 3.5748 3.8401 
4.7848 3.7372 3.3538 4.2158 4.0027 3.3698 4.4860 3.8440 3.2700 3.8562 3.7889 4.8077 3.2902 3.3504 3.8641 3.9600 4.2447 3.3382 3.9913 
3.5436 3.7021 4.2845 3.9051 3.8742 3.6392 3.9258 3.9804 3.2790 4.5518 4.3313 3.5506 4.7995 4.3873 4.0659 4.4828 4.0278 3.8749 3.5251 
4.2420 3.5011 4.7004 3.4023 4.0771 3.5323 3.4450 3.7596 3.7813 4.7302 4.2393 3.4989 4.8308 4.8080 3.6804 4.3026 3.3446 3.9969 3.4632 
3.9555 4.1789 3.7671 4.0477 3.7467 3.4079 4.3334 4.3636 4.1386 3.3664 4.0548 3.7636 3.9223 3.3069 3.4360 4.0047 4.5816 4.6912 3.8379 
4.0569 3.9182 3.5458 4.1105 3.6114 3.5393 4.7182 3.7814 3.6939 3.5022 4.0209 4.1610 3.8746 3.3037 4.7102 3.9084 3.5574 3.7821 4.5992 
4.7124 4.5037 3.8200 4.6567 3.7961 4.0676 4.8475 3.7185 4.8281 4.4623 4.3243 4.6485 4.7766 3.3156 3.9834 3.9588 4.2817 3.3721 4.6792 
3.3334 3.4364 3.8521 3.5050 3.5053 3.6928 3.8241 4.3692 3.6755 4.4549 4.0303 4.2442 4.2108 3.5281 3.9655 3.3676 3.8141 4.0763 4.3978 
4.6666 4.8529 4.5226 4.2500 4.1340 3.4030 4.8445 3.5305 3.7963 4.7768 3.4982 3.3907 4.2240 4.1232 3.7717 4.2840 3.5748 3.4616 3.6727 
4.2956 4.1299 3.5754 3.8344 3.3503 3.7133 4.4632 3.4663 3.5173 3.4911 3.8507 4.3107 4.4403 3.6134 3.7520 4.2500 4.3499 3.5814 4.4087 
4.3115 4.0279 4.1177 3.8860 4.7524 4.7437 3.3441 4.6769 4.3885 4.5012 4.1110 4.4620 3.8231 3.4847 3.3722 4.5439 4.1870 3.7677 3.6857 
4.7673 3.8294 4.7775 4.8079 3.4003 3.9786 3.4223 3.7763 3.6715 4.8062 3.8269 4.4214 4.4431 3.7337 3.8711 4.0543 4.6980 4.5947 4.2369 
4.6248 3.3455 4.8614 4.5640 4.7249 4.2063 3.6062 3.4034 4.0943 14.2004 3.9655 3.4933 4.0946 3.6068 4.2907 4.8376 3.4905 4.2408 3.4954 
4.5843 3.6648 3.5807 4.4439 3.3266 4.4854 3.9851 3.4763 14.7817 14.2998 4.4959 3.8031 3.5693 4.2058 4.4569 4.5095 4.8450 3.3220 3.9681 
4.3243 3.8545 4.6999 4.1167 4.3729 4.5308 14.6481 13.8261 14.8405 3.9225 3.9552 4.5779 4.4838 3.8184 3.4065 3.9043 4.6822 3.9621 3.8050 
3.3569 4.2327 4.6384 3.3583 3.8361 14.6241 4.2580 4.1686 14.4816 4.7707 4.3894 4.2025 4.0063 4.2032 4.6265 4.2192 3.6538 3.9696 4.6715 
3.9581 3.6863 3.5252 3.6245 3.6829 13.7589 14.6313 4.1662 14.5297 4.4434 4.2871 4.7959 3.7176 3.8787 3.7370 4.0066 4.3946 3.3148 4.1990 
4.3709 3.4730 4.0650 4.5622 4.2882 4.7134 13.9958 14.1025 4.6800 14.3185 3.6227 3.9053 4.1255 4.4860 4.1595 4.8146 3.7343 4.7058 3.9786 
4.7784 4.8577 4.3301 4.1005 3.8785 3.7311 3.7661 4.4107 4.1038 14.8483 13.8367 3.7469 3.4340 3.4763 4.3300 4.2191 4.6606 4.8327 3.7517 
3.6538 4.6018 4.7434 4.2983 3.7281 4.5318 4.3309 4.0547 3.5909 3.3046 14.0843 3.6389 4.1650 4.1768 3.3786 4.0775 4.0156 3.5192 3.4169 
4.4131 4.5133 4.1285 4.6243 3.4417 3.3343 4.0358 4.5883 3.5388 14.3196 3.4621 4.4791 4.8532 3.5682 4.0927 3.6933 3.5059 3.4246 4.6218 
3.7599 4.4028 3.7921 3.7142 3.3853 3.5691 3.6903 4.7712 4.1576 13.7824 14.4828 4.5150 4.5185 4.3436 4.5998 3.8184 3.4223 4.1101 4.6602 
3.3451 3.4776 4.0717 3.5108 3.3688 3.8197 4.2486 4.6251 4.2877 4.7585 14.7518 4.5724 4.7964 3.5451 4.7002 3.5012 3.3859 4.6796 4.4882 
4.6788 3.6489 3.3921 4.3855 3.6769 4.1967 4.0037 3.5785 4.6832 3.5120 13.2729 3.9166 4.2390 4.6081 3.8502 3.6054 3.9150 3.7408 3.3439 
3.9761 4.4233 3.8991 4.2816 4.2922 4.6736 3.9379 3.6845 4.0884 3.2700 14.6631 3.3485 4.3532 3.2865 4.1401 4.5501 4.5328 4.5934 4.5369 
4.8550 4.3860 3.3258 3.9984 4.4513 3.5546 4.7258 4.1885 3.8521 13.3004 4.4183 4.4767 4.6027 3.5456 3.5183 4.5495 4.7404 3.6679 4.7429 
4.6229 4.2593 3.6182 4.1391 4.2074 4.1964 4.3580 3.6364 3.8567 13.5982 4.7688 4.5527 4.1254 3.5278 3.5704 4.8094 4.4335 3.5890 4.7650 
4.8644 3.8443 3.6259 4.7495 4.2815 4.1777 3.5588 3.8302 3.8449 4.8527 3.9085 3.2934 4.5467 3.5185 3.6419 4.3762 3.3027 4.1728 3.4423 
3.9791 4.6892 4.5880 3.3017 4.7121 4.1454 3.9789 3.2740 3.4054 4.0479 4.4647 4.8144 3.3529 4.0774 4.7587 3.4476 4.7244 3.7435 4.1296 
31
0
13
0 0 11 8 20 0 30 0 0 0
2 0 16 9 30 0 25 1 0 1
3 1 2 9 20 0 25 1 0 0
4 0 15 15 20 0 21 0 0 0
5 1 4 6 20 0 21 0 0 0
6 0 6 10 20 0 16 0 0 0
7 1 7 12 20 0 16 0 0 0
8 0 10 6 20 0 12 0 0 0
9 1 10 13 30 0 12 0 0 1
10 0 3 7 20 0 7 0 0 0
11 1 11 6 20 0 7 0 0 0
12 0 3 11 20 0 3 0 0 0
13 1 13 5 30 0 3 0 0 1
45 53
48 49 0 0 0 0
2
0 0 0 6
0 0 16 0
1
3 1 0 13 1
3.4549 3.9177 4.4831 4.0825 4.2899 3.4497 4.2080 3.5994 4.2522 3.6228 3.2553 3.9211 3.3042 4.4152 3.2222 4.3933 3.7065 4.6571 3.8482 
3.6586 4.1467 3.9844 3.9686 3.6081 4.0291 3.8150 4.5905 3.3805 4.5480 3.4989 4.0390 4.2651 4.5209 3.5206 3.2359 3.2380 4.6831 3.6272 
3.7585 3.4968 4.1814 4.3314 3.7614 3.7333 3.5177 3.9071 3.2885 13.7195 3.7714 4.6984 3.8888 4.2121 3.2064 3.7694 3.2897 3.3957 3.2404 
4.0786 3.7535 4.3046 4.6449 3.3875 3.4895 4.1532 4.1027 14.1563 14.6143 4.3574 4.1744 3.7109 3.6634 3.9747 4.2193 3.1941 3.8874 4.6590 
3.4211 4.5170 4.5902 3.5999 3.2183 3.6543 13.7368 13.8633 4.2447 3.4412 4.2591 3.3395 3.7748 3.7019 3.8117 3.8955 3.2118 4.6293 4.0882 
4.7075 4.5236 4.1113 3.2390 4.3583 13.5613 4.6869 3.4207 4.6650 3.3712 3.2243 4.3436 4.3058 3.9470 3.9441 3.3835 4.3762 3.1892 4.1914 
4.4009 3.4496 4.5727 3.4175 4.6865 14.4167 13.7460 4.5163 3.7845 3.2633 3.3351 3.3063 3.4360 3.3702 3.8491 3.5205 4.4564 4.4227 3.2396 
4.3389 3.8664 4.1467 4.6561 4.4453 3.9203 13.8661 4.5690 3.3981 3.9257 4.2025 3.2188 3.7358 3.8121 3.1803 3.9556 3.9012 3.8362 3.2703 
3.8716 3.8428 4.1085 3.3033 4.2725 13.2870 14.5553 4.4903 3.1808 3.6594 3.7820 3.1738 3.9070 3.4638 4.3430 3.3550 3.3921 3.4236 3.8779 
3.4825 4.4438 3.9481 4.0245 3.8648 3.1815 13.5867 4.3748 3.2975 4.6396 3.8050 4.3595 4.6689 4.4130 3.8442 3.3451 4.4348 3.4706 3.7279 
4.6443 3.6281 3.2562 4.0923 3.8856 13.2717 14.3544 3.7317 3.1749 3.7435 3.6782 4.6665 3.1945 3.2529 3.7512 3.8442 4.1204 3.2411 3.8746 
3.4403 3.5940 4.1590 3.7909 3.7610 3.5330 13.8110 13.8640 13.1836 14.4182 14.2044 3.4471 4.6585 4.2587 3.9469 4.3513 3.9100 3.7617 3.4223 
4.1177 3.3991 4.5624 3.3032 3.9578 3.4293 3.3447 3.6498 3.6709 4.5913 14.1151 3.3969 4.6889 4.6668 3.5730 4.1765 3.2473 3.8800 3.3623 
3.8398 4.0565 3.6571 3.9293 3.6373 3.3087 4.2064 4.2357 4.0174 3.2684 13.9362 3.6537 3.8076 3.2107 3.3359 3.8876 4.4472 4.5535 3.7258 
3.9382 3.8037 3.4424 3.9902 3.5061 3.4361 4.5797 3.6710 3.5861 3.4001 13.9033 14.0392 3.7614 3.2076 4.5719 3.7941 3.4537 3.6716 4.4642 
4.5740 4.3716 3.7084 4.5200 3.6852 3.9486 4.7051 3.6099 4.6863 14.3314 4.1976 14.5120 4.6363 3.2191 3.8669 3.8430 4.1562 3.2739 4.5418 
3.2364 3.3363 3.7395 3.4029 3.4031 3.5850 3.7124 4.2411 3.5682 14.3243 3.9124 4.1199 4.0875 3.4253 3.8495 3.2696 3.7027 3.9570 4.2689 
4.5296 4.7103 4.3899 4.1255 4.0130 3.3039 4.7022 3.4276 3.6854 4.6365 3.3963 3.2920 4.1003 4.0025 3.6615 4.1585 3.4706 3.3608 3.5655 
4.1697 4.0090 3.4711 3.7224 3.2528 3.6049 4.3323 3.3653 3.4148 3.3894 3.7382 4.1844 4.3101 3.5080 3.6424 4.1255 4.2224 3.4770 4.2794 
4.1852 3.9101 3.9972 3.7724 4.6128 4.6044 3.2468 4.5396 4.2598 4.3692 3.9907 4.3311 3.7114 3.3832 3.2740 4.4106 4.0644 3.6577 3.5781 
4.6273 3.7175 4.6372 4.6667 3.3013 3.8622 3.3226 3.6660 3.5644 4.6650 3.7151 4.2918 4.3128 3.6247 3.7580 3.9357 4.5601 4.4599 4.1128 
4.4891 3.2481 4.7186 4.4301 4.5862 4.0831 3.5010 3.3043 3.9745 23.7774 3.8495 3.3915 3.9748 3.5016 4.1650 4.6955 3.3888 4.1166 3.3935 
4.4498 3.5579 3.4763 4.3136 3.2298 4.3538 3.8685 3.3750 14.3412 23.8738 14.3640 13.6920 3.4652 4.0826 4.3262 4.3772 4.7027 3.2253 3.8521 
4.1976 3.7419 4.5619 3.9962 4.2447 4.3979 14.2117 13.4143 14.3983 3.8078 13.8395 14.4436 4.3523 3.7068 3.3073 3.7902 4.5447 3.8462 3.6939 
3.2592 4.1087 4.5022 3.2606 3.7240 14.1884 4.1333 4.0465 14.0502 4.6306 14.2607 4.0794 3.8891 4.0801 4.4907 4.0956 3.5472 3.8535 4.5344 
3.8424 3.5787 3.4224 3.5188 3.5754 13.3491 14.1954 4.0442 14.0968 4.3131 14.1615 4.6550 13.6091 3.7653 3.6279 3.8894 4.2658 3.2184 4.0760 
4.2428 3.3718 3.9461 4.4283 4.1626 4.5750 13.5789 13.6824 4.5426 13.8919 3.5170 13.7911 14.0047 4.3544 4.0377 4.6732 3.6253 4.5676 3.8622 
4.6380 4.7150 4.2032 3.9805 3.7651 3.6222 3.6561 4.2814 3.9837 14.4059 13.4246 3.6375 13.3340 13.3750 4.2031 4.0955 4.5238 4.6907 3.6421 
3.5472 4.4667 4.6041 4.1724 3.6193 4.3988 4.2040 3.9361 3.4862 3.2085 13.6648 3.5327 14.0431 4.0545 3.2802 3.9582 3.8981 3.4166 3.3174 
4.2837 4.3809 4.0076 4.4886 3.3414 3.2373 3.9177 4.4537 3.4356 13.8930 3.3612 4.3477 14.7106 3.4642 3.9729 3.5855 3.4037 3.3249 4.4861 
3.6501 4.2737 3.6813 3.6058 3.2867 3.4650 3.5826 4.6311 4.0359 13.3719 24.0513 14.3826 4.3859 4.2163 4.4648 3.7068 3.3226 3.9898 4.5234 
3.2477 3.3763 3.9525 3.4085 3.2707 3.7081 4.1241 4.4893 4.1621 4.6187 24.3122 4.4382 4.6555 3.4417 4.5622 3.3992 3.2873 4.5422 4.3566 
4.5414 3.5424 3.2933 4.2569 3.5696 4.0738 3.8866 3.4741 4.5457 3.4096 22.8777 3.8021 4.1148 4.4729 3.7377 3.5002 3.8006 3.6316 3.2466 
3.8598 4.2936 3.7851 4.1562 4.1664 4.5364 3.8228 3.5770 3.9687 3.1749 24.2262 3.2510 4.2256 3.1909 4.0189 4.4166 4.3998 4.4586 4.4038 
4.7124 4.2574 3.2290 3.8814 4.3208 3.4510 4.5870 4.0658 3.7395 22.9044 4.2888 4.3454 4.4676 3.4422 3.4158 4.4160 4.6012 3.5609 4.6036 
4.4872 4.1345 3.5127 4.0179 4.0842 4.0735 4.2303 3.5303 3.7440 23.1933 4.6287 4.4191 4.0046 3.4250 3.4663 4.6681 4.3035 3.4843 4.6251 
4.7215 3.7320 3.5201 4.6100 4.1561 4.0554 3.4550 3.7183 3.7326 4.7101 3.7942 3.1976 4.4133 3.4159 3.5356 4.2479 3.2066 4.0506 3.3420 
3.8627 4.5515 4.4534 3.2056 4.5737 4.0240 3.8625 3.1788 3.3062 3.9295 4.3338 4.6730 3.2553 3.9581 4.6189 3.3472 4.5857 3.6342 4.0087 
32
0
11
0 0 11 9 20 0 31 0 0 0
4 0 14 14 20 0 22 0 0 0
5 1 5 5 20 0 22 0 0 0
6 0 5 10 20 0 17 0 0 0
7 1 7 11 20 0 17 0 0 0
8 0 11 7 20 0 13 0 0 0
9 1 10 12 30 0 13 0 0 1
10 0 4 7 20 0 8 0 0 0
11 1 12 5 20 0 8 0 0 0
12 0 4 11 20 0 4 0 0 0
13 1 12 5 30 0 4 0 0 1
48 56
48 49 0 0 0 0
2
0 0 0 5
0 0 15 0
0
3.3543 3.8032 4.3516 3.9630 4.1642 3.3492 4.0848 3.4944 4.1276 3.5171 3.1606 3.8065 3.2081 4.2857 3.1285 4.2645 3.5983 4.5204 3.7358 
3.5518 4.0253 3.8679 3.8525 3.5029 3.9112 3.7036 4.4558 3.2821 4.4146 3.3969 3.9208 4.1401 4.3883 3.4180 3.1418 3.1439 4.5456 3.5214 
3.6487 3.3949 4.0590 4.2045 3.6516 3.6243 3.4152 3.7929 3.1928 13.3109 3.6613 4.5604 3.7751 4.0887 3.1132 3.6593 3.1940 3.2968 3.1462 
3.9592 3.6439 4.1785 4.5086 3.2889 3.3878 4.0316 3.9826 13.7346 14.1789 4.2297 4.0522 3.6026 3.5565 3.8585 4.0957 3.1013 3.7738 4.5222 
3.3215 4.3845 4.4555 3.4949 3.1248 3.5477 13.3277 13.4504 4.1204 3.3410 4.1343 3.2423 3.6646 3.5938 3.7003 3.7816 3.1184 4.4934 3.9686 
4.5693 4.3909 3.9910 3.1448 4.2306 13.1575 4.5493 3.3211 4.5281 3.2731 3.1306 4.2163 4.1796 3.8316 3.8288 3.2850 4.2479 3.0965 4.0687 
4.2719 3.3491 4.4385 3.3180 4.5489 13.9872 13.3366 4.3838 3.6740 3.1684 3.2380 3.2101 3.3359 3.2721 3.7366 3.4179 4.3257 4.2930 3.1454 
4.2117 3.7534 4.0253 4.5194 4.3149 3.8057 13.4531 4.4349 3.2992 3.8109 4.0794 3.1252 3.6267 3.7007 3.0879 3.8399 3.7872 3.7241 3.1752 
3.7585 3.7305 3.9882 3.2072 4.1473 12.8914 14.1216 4.3586 3.0884 3.5526 3.6715 3.0816 3.7928 3.3629 4.2157 3.2574 3.2933 3.3239 3.7646 
3.3810 4.3135 3.8327 3.9068 3.7519 3.0891 13.1821 4.2466 3.2016 4.5034 3.6939 4.2317 4.5318 4.2836 3.7319 3.2477 4.3048 3.3695 3.6191 
4.5080 3.5223 3.1615 3.9725 3.7720 12.8765 13.9268 3.6227 3.0827 3.6342 3.5709 4.5295 3.1017 3.1583 3.6417 3.7319 3.9998 3.1469 3.7614 
3.3401 3.4892 4.0372 3.6802 3.6512 3.4300 13.3997 13.4511 12.7911 13.9887 13.7813 3.3467 4.5217 4.1339 3.8315 4.2238 3.7957 3.6518 3.3226 
3.9972 3.3001 4.4285 3.2071 3.8421 3.3294 3.2474 3.5433 3.5638 4.4566 13.6946 3.2980 4.5512 4.5298 3.4688 4.0542 3.1529 3.7666 3.2644 
3.7276 3.9378 3.5504 3.8144 3.5312 3.2124 4.0832 4.1116 3.8999 3.1733 13.5211 3.5471 3.6964 3.1174 3.2388 3.7740 4.3168 4.4199 3.6170 
3.8231 3.6926 3.3421 3.8735 3.4039 3.3360 4.4453 3.5639 3.4815 3.3011 13.4892 13.6210 3.6516 3.1144 4.4377 3.6833 3.3531 3.5645 4.3333 
4.4398 4.2435 3.6001 4.3874 3.5776 3.8331 4.5669 3.5046 4.5487 13.9045 4.0747 14.0796 4.5002 3.1255 3.7539 3.7307 4.0345 3.1787 4.4085 
3.1423 3.2392 3.6303 3.3038 3.3040 3.4805 3.6040 4.1169 3.4642 13.8976 3.7980 3.9993 3.9679 3.3255 3.7370 3.1745 3.5946 3.8413 4.1438 
4.3967 4.5720 4.2612 4.0047 3.8956 3.2078 4.5641 3.3278 3.5778 4.5004 3.2974 3.1962 3.9803 3.8854 3.5547 4.0367 3.3695 3.2630 3.4615 
4.0476 3.8917 3.3700 3.6137 3.1582 3.4998 4.2053 3.2673 3.3154 3.2907 3.6291 4.0619 4.1838 3.4058 3.5361 4.0047 4.0987 3.3757 4.1540 
4.0626 3.7958 3.8803 3.6622 4.4774 4.4693 3.1524 4.4064 4.1350 4.2411 3.8740 4.2042 3.6031 3.2847 3.1788 4.2813 3.9455 3.5510 3.4738 
4.4915 3.6090 4.5011 4.5297 3.2053 3.7493 3.2259 3.5590 3.4605 4.5281 3.6066 4.1660 4.1864 3.5190 3.6483 3.8206 4.4263 4.3291 3.9924 
4.3574 3.1537 4.5800 4.3002 4.4516 3.9636 3.3990 3.2082 3.8583 23.0671 3.7370 3.2928 3.8586 3.3996 4.0431 4.5576 3.2901 3.9961 3.2947 
4.3193 3.4542 3.3750 4.1872 3.1359 4.2262 3.7554 3.2768 13.9140 23.1606 13.9361 13.2842 3.3642 3.9631 4.1994 4.2489 4.5646 3.1315 3.7395 
4.0747 3.6326 4.4280 3.8793 4.1204 4.2690 13.7883 13.0149 13.9694 3.6966 13.4273 14.0133 4.2247 3.5986 3.2111 3.6795 4.4114 3.7338 3.5861 
3.1644 3.9884 4.3701 3.1658 3.6153 13.7657 4.0123 3.9281 13.6317 4.4947 13.8359 3.9600 3.7754 3.9607 4.3590 3.9757 3.4438 3.7409 4.4014 
3.7301 3.4743 3.3227 3.4162 3.4711 12.9516 13.7725 3.9259 13.6769 4.1867 13.7397 4.5184 13.2038 3.6553 3.5221 3.7757 4.1408 3.1248 3.9567 
4.1185 3.2736 3.8307 4.2985 4.0407 4.4408 13.1745 13.2749 4.4093 13.4781 3.4145 13.3804 13.5876 4.2268 3.9196 4.5360 3.5195 4.4336 3.7493 
4.5019 4.5766 4.0801 3.8641 3.6551 3.5165 3.5494 4.1560 3.8672 13.9767 13.0249 3.5314 12.9370 12.9768 4.0800 3.9756 4.3911 4.5530 3.5358 
3.4438 4.3357 4.4690 4.0502 3.5137 4.2698 4.0809 3.8210 3.3846 3.1152 13.2579 3.4297 13.6248 3.9359 3.1848 3.8425 3.7842 3.3171 3.2209 
4.1582 4.2525 3.8904 4.3569 3.2442 3.1432 3.8032 4.3231 3.3355 13.4792 3.2634 4.2203 14.2723 3.3633 3.8567 3.4809 3.3046 3.2282 4.3545 
3.5436 4.1485 3.5739 3.5006 3.1911 3.3641 3.4781 4.4952 3.9178 12.9737 23.3328 13.9541 4.2573 4.0928 4.3339 3.5986 3.2259 3.8731 4.3907 
3.1533 3.2780 3.8369 3.3092 3.1756 3.5999 4.0034 4.3576 4.0402 4.4831 23.5858 4.3081 4.5188 3.3414 4.4283 3.3002 3.1917 4.4089 4.2289 
4.4082 3.4391 3.1975 4.1322 3.4655 3.9546 3.7730 3.3729 4.4123 3.3103 22.1944 3.6910 3.9944 4.3417 3.6286 3.3982 3.6896 3.5257 3.1522 
3.7470 4.1678 3.6745 4.0345 4.0444 4.4033 3.7111 3.4727 3.8526 3.0827 23.5024 3.1565 4.1018 3.0982 3.9013 4.2871 4.2708 4.3278 4.2747 
4.5740 4.1327 3.1351 3.7680 4.1942 3.3505 4.4524 3.9468 3.6303 22.2203 4.1631 4.2180 4.3366 3.3419 3.3163 4.2865 4.4662 3.4571 4.4685 
4.3556 4.0135 3.4103 3.9004 3.9647 3.9543 4.1064 3.4274 3.6347 22.5005 4.4928 4.2895 3.8875 3.3253 3.3653 4.5311 4.1774 3.3828 4.4893 
4.5829 3.6230 3.4175 4.4747 4.0344 3.9367 3.3544 3.6098 3.6236 4.5718 3.6834 3.1047 4.2839 3.3164 3.4325 4.1235 3.1134 3.9321 3.2447 
3.7498 4.4180 4.3228 3.1124 4.4395 3.9063 3.7496 3.0864 3.2100 3.8146 4.2068 4.5358 3.1606 3.8424 4.4833 3.2498 4.4511 3.5282 3.8914 
33
0
13
0 0 11 10 20 0 32 0 0 0
4 0 15 14 20 0 23 0 0 0
5 1 6 5 20 0 23 0 0 0
6 0 4 10 20 0 18 0 0 0
7 1 6 10 20 0 18 0 0 0
8 0 11 8 20 0 14 0 0 0
9 1 9 12 30 0 14 0 0 1
10 0 4 6 20 0 9 0 0 0
11 1 13 5 20 0 9 0 0 0
12 0 4 12 20 0 5 0 0 0
13 1 11 6 30 0 5 0 0 1
14 0 2 9 20 0 0 0 2 0
15 1 16 9 20 0 0 0 1 0
48 56
48 49 0 0 0 0
2
0 0 0 4
0 0 14 0
0
3.2567 3.6921 4.2241 3.8471 4.0423 3.2517 3.9653 3.3926 4.0068 3.4146 3.0688 3.6953 3.1149 4.1601 3.0376 4.1396 3.4934 4.3878 3.6267 
3.4482 3.9075 3.7549 3.7399 3.4008 3.7969 3.5955 4.3251 3.1866 4.2852 3.2980 3.8062 4.0189 4.2597 3.3185 3.0505 3.0526 4.4122 3.4188 
3.5422 3.2961 3.9402 4.0814 3.5451 3.5186 3.3157 3.6821 3.1000 12.9146 3.5545 4.4266 3.6648 3.9690 3.0228 3.5525 3.1012 3.2009 3.0548 
3.8434 3.5376 4.0561 4.3763 3.1932 3.2892 3.9137 3.8661 13.3256 13.7565 4.1058 3.9336 3.4975 3.4528 3.7457 3.9758 3.0113 3.6636 4.3895 
3.2249 4.2560 4.3248 3.3931 3.0341 3.4443 12.9309 13.0499 3.9998 3.2438 4.0133 3.1480 3.5577 3.4890 3.5923 3.6712 3.0278 4.3616 3.8525 
4.4352 4.2622 3.8743 3.0535 4.1067 12.7658 4.4158 3.2245 4.3953 3.1779 3.0397 4.0928 4.0572 3.7197 3.7169 3.1895 4.1235 3.0066 3.9496 
4.1467 3.2516 4.3083 3.2215 4.4154 13.5706 12.9395 4.2553 3.5668 3.0763 3.1439 3.1168 3.2388 3.1769 3.6275 3.3184 4.1989 4.1672 3.0540 
4.0883 3.6438 3.9075 4.3868 4.1885 3.6945 13.0525 4.3049 3.2032 3.6996 3.9600 3.0344 3.5209 3.5927 2.9983 3.7277 3.6766 3.6154 3.0829 
3.6487 3.6216 3.8716 3.1140 4.0259 12.5077 13.7010 4.2308 2.9987 3.4490 3.5644 2.9922 3.6820 3.2650 4.0922 3.1627 3.1975 3.2272 3.6547 
3.2826 4.1871 3.7207 3.7926 3.6423 2.9994 12.7896 4.1222 3.1086 4.3713 3.5861 4.1077 4.3988 4.1581 3.6229 3.1533 4.1787 3.2714 3.5135 
4.3758 3.4196 3.0697 3.8563 3.6618 12.4932 13.5120 3.5170 2.9932 3.5282 3.4668 4.3966 3.0116 3.0666 3.5354 3.6229 3.8828 3.0555 3.6516 
3.2429 3.3875 3.9191 3.5728 3.5447 3.3301 13.0007 13.0506 12.4104 13.5720 13.3709 3.2493 4.3890 4.0129 3.7196 4.1001 3.6848 3.5452 3.2259 
3.8803 3.2041 4.2986 3.1139 3.7298 3.2325 3.1530 3.4400 3.4599 4.3259 13.2868 3.2021 4.4177 4.3969 3.3677 3.9356 3.0613 3.6566 3.1695 
3.6188 3.8227 3.4469 3.7030 3.4283 3.1190 3.9637 3.9913 3.7859 3.0811 13.1185 3.4437 3.5885 3.0269 3.1446 3.6638 4.1903 4.2903 3.5115 
3.7114 3.5848 3.2448 3.7603 3.3048 3.2389 4.3149 3.4600 3.3801 3.2051 13.0875 13.2154 3.5451 3.0240 4.3076 3.5758 3.2555 3.4606 4.2063 
4.3096 4.1192 3.4951 4.2588 3.4733 3.7211 4.4329 3.4025 4.4152 13.4904 3.9555 13.6602 4.3682 3.0347 3.6443 3.6218 3.9165 3.0863 4.2792 
3.0510 3.1450 3.5244 3.2077 3.2079 3.3791 3.4989 3.9964 3.3633 13.4837 3.6871 3.8823 3.8519 3.2287 3.6279 3.0823 3.4898 3.7291 4.0225 
4.2678 4.4378 4.1364 3.8876 3.7817 3.1146 4.4302 3.2310 3.4735 4.3684 3.2015 3.1033 3.8639 3.7718 3.4511 3.9186 3.2714 3.1681 3.3607 
3.9292 3.7779 3.2719 3.5083 3.0665 3.3978 4.0821 3.1723 3.2189 3.1950 3.5232 3.9430 4.0613 3.3066 3.4330 3.8876 3.9787 3.2774 4.0324 
3.9437 3.6849 3.7669 3.5553 4.3461 4.3382 3.0608 4.2772 4.0140 4.1169 3.7608 4.0811 3.4980 3.1892 3.0864 4.1559 3.8301 3.4475 3.3726 
4.3598 3.5037 4.3691 4.3968 3.1121 3.6398 3.1321 3.4552 3.3597 4.3953 3.5014 4.0440 4.0638 3.4164 3.5419 3.7090 4.2965 4.2022 3.8756 
4.2297 3.0621 4.4456 4.1742 4.3211 3.8477 3.3000 3.1150 3.7456 22.3781 3.6279 3.1970 3.7458 3.3006 3.9248 4.4239 3.1944 3.8792 3.1989 
4.1927 3.3536 3.2768 4.0646 3.0448 4.1024 3.6457 3.1815 13.4996 22.4688 13.5210 12.8887 3.2663 3.8472 4.0764 4.1244 4.4307 3.0406 3.6303 
3.9555 3.5266 4.2982 3.7659 3.9998 4.1439 13.3777 12.6275 13.5533 3.5887 13.0275 13.5959 4.1010 3.4936 3.1178 3.5721 4.2821 3.6248 3.4815 
3.0725 3.8717 4.2420 3.0738 3.5098 13.3557 3.8949 3.8133 13.2257 4.3629 13.4238 3.8442 3.6651 3.8449 4.2312 3.8594 3.3435 3.6317 4.2724 
3.6212 3.3731 3.2260 3.3167 3.3700 12.5661 13.3623 3.8111 13.2696 4.0641 13.3305 4.3858 12.8107 3.5486 3.4194 3.6654 4.0196 3.0341 3.8410 
3.9979 3.1784 3.7188 4.1725 3.9225 4.3106 12.7823 12.8797 4.2800 13.0768 3.3151 12.9820 13.1830 4.1030 3.8050 4.4029 3.4169 4.3036 3.6398 
4.3698 4.4423 3.9607 3.7512 3.5484 3.4140 3.4459 4.0343 3.7542 13.5604 12.6372 3.4285 12.5519 12.5905 3.9606 3.8593 4.2624 4.4194 3.4327 
3.3435 4.2086 4.3379 3.9317 3.4113 4.1447 3.9615 3.7094 3.2861 3.0247 12.8632 3.3298 13.2191 3.8208 3.0923 3.7302 3.6737 3.2206 3.1273 
4.0365 4.1279 3.7767 4.2292 3.1499 3.0519 3.6921 4.1964 3.2384 13.0778 3.1685 4.0967 13.8471 3.2654 3.7440 3.3795 3.2085 3.1344 4.2269 
3.4403 4.0270 3.4697 3.3986 3.0984 3.2662 3.3768 4.3633 3.8033 12.5875 22.6358 13.5385 4.1326 3.9730 4.2069 3.4936 3.1321 3.7599 4.2620 
3.0617 3.1827 3.7248 3.2129 3.0833 3.4949 3.8863 4.2299 3.9220 4.3516 22.8812 4.1819 4.3862 3.2442 4.2985 3.2042 3.0989 4.2796 4.1050 
4.2790 3.3389 3.1046 4.0112 3.3645 3.8390 3.6628 3.2747 4.2829 3.2140 21.5316 3.5833 3.8776 4.2144 3.5227 3.2993 3.5819 3.4229 3.0606 
3.6376 4.0458 3.5673 3.9165 3.9261 4.2742 3.6028 3.3715 3.7400 2.9932 22.8003 3.0648 3.9817 3.0083 3.7873 4.1615 4.1457 4.2010 4.1495 
4.4398 4.0117 3.0440 3.6580 4.0714 3.2530 4.3218 3.8314 3.5244 21.5567 4.0412 4.0945 4.2095 3.2446 3.2198 4.1609 4.3352 3.3564 4.3374 
4.2279 3.8961 3.3110 3.7864 3.8488 3.8387 3.9862 3.3276 3.5287 21.8285 4.3610 4.1638 3.7739 3.2285 3.2673 4.3982 4.0551 3.2843 4.3576 
4.4484 3.5173 3.3180 4.3435 3.9164 3.8216 3.2568 3.5045 3.5179 4.4376 3.5759 3.0146 4.1584 3.2199 3.3325 4.0028 3.0230 3.8171 3.1504 
3.6403 4.2885 4.1961 3.0220 4.3093 3.7921 3.6401 2.9968 3.1167 3.7032 4.0836 4.4027 3.0688 3.7301 4.3518 3.1553 4.3206 3.4254 3.7777 
34
0
13
0 0 12 10 20 0 33 0 0 0
4 0 16 13 20 0 24 0 0 0
5 1 5 4 20 0 24 0 0 0
6 0 3 10 20 0 19 0 0 0
7 1 5 10 20 0 19 0 0 0
8 0 12 8 20 0 15 0 0 0
9 1 8 12 30 0 15 0 0 1
10 0 5 5 20 0 10 0 0 0
11 1 13 6 20 0 10 0 0 0
12 0 5 13 20 0 6 0 0 0
13 1 10 6 30 0 6 0 0 1
14 0 1 9 20 0 1 0 2 0
15 1 15 9 20 0 1 0 1 0
51 59
48 49 0 0 0 0
2
0 0 0 3
0 0 13 0
0
3.1620 3.5843 4.1004 3.7347 3.9240 3.1571 3.8493 3.2938 3.8896 3.3152 2.9797 3.5874 3.0245 4.0383 2.9495 4.0184 3.3916 4.2592 3.5209 
3.3478 3.7933 3.6453 3.6307 3.3018 3.6860 3.4906 4.1983 3.0940 4.1596 3.2021 3.6950 3.9013 4.1349 3.2219 2.9620 2.9640 4.2828 3.3192 
3.4389 3.2002 3.8250 3.9620 3.4417 3.4160 3.2192 3.5746 3.0100 12.5302 3.4509 4.2968 3.5579 3.8529 2.9351 3.4489 3.0112 3.1079 2.9662 
3.7311 3.4345 3.9374 4.2480 3.1004 3.1935 3.7993 3.7531 12.9288 13.3468 3.9856 3.8186 3.3956 3.3522 3.6363 3.8595 2.9240 3.5567 4.2608 
3.1312 4.1313 4.1981 3.2943 2.9461 3.3440 12.5460 12.6614 3.8828 3.1495 3.8959 3.0566 3.4540 3.3873 3.4875 3.5641 2.9400 4.2338 3.7399 
4.3051 4.1373 3.7611 2.9649 3.9865 12.3858 4.2863 3.1308 4.2664 3.0856 2.9515 3.9730 3.9385 3.6111 3.6084 3.0968 4.0028 2.9194 3.8341 
4.0253 3.1571 4.1821 3.1279 4.2859 13.1665 12.5543 4.1306 3.4628 2.9870 3.0526 3.0263 3.1446 3.0846 3.5217 3.2218 4.0759 4.0452 2.9654 
3.9687 3.5375 3.7933 4.2582 4.0658 3.5867 12.6639 4.1788 3.1101 3.5916 3.8442 2.9464 3.4183 3.4879 2.9114 3.6189 3.5693 3.5099 2.9934 
3.5422 3.5160 3.7585 3.0236 3.9081 12.1355 13.2930 4.1069 2.9117 3.3485 3.4605 2.9054 3.5745 3.1701 3.9724 3.0708 3.1046 3.1334 3.5481 
3.1871 4.0645 3.6121 3.6818 3.5360 2.9124 12.4089 4.0015 3.0183 4.2432 3.4815 3.9875 4.2698 4.0364 3.5172 3.0617 4.0563 3.1763 3.4111 
4.2475 3.3200 2.9806 3.7436 3.5549 12.1214 13.1096 3.4145 2.9064 3.4254 3.3658 4.2677 2.9243 2.9776 3.4323 3.5172 3.7693 2.9668 3.5451 
3.1486 3.2889 3.8045 3.4686 3.4414 3.2332 12.6137 12.6621 12.0411 13.1678 12.9728 3.1548 4.2603 3.8955 3.6110 3.9801 3.5773 3.4418 3.1321 
3.7669 3.1110 4.1726 3.0235 3.6209 3.1385 3.0614 3.3398 3.3591 4.1991 12.8912 3.1090 4.2882 4.2680 3.2697 3.8205 2.9725 3.5499 3.0774 
3.5132 3.7110 3.3465 3.5949 3.3285 3.0284 3.8478 3.8746 3.6753 2.9917 12.7279 3.3434 3.4838 2.9391 3.0533 3.5569 4.0676 4.1646 3.4092 
3.6031 3.4803 3.1505 3.6505 3.2087 3.1447 4.1885 3.3592 3.2817 3.1119 12.6979 12.8219 3.4417 2.9363 4.1814 3.4715 3.1608 3.3598 4.0831 
4.1833 3.9986 3.3932 4.1340 3.3721 3.6125 4.3029 3.3034 4.2857 13.0887 3.8398 13.2534 4.2402 2.9467 3.5380 3.5161 3.8020 2.9967 4.1538 
2.9625 3.0537 3.4217 3.1145 3.1147 3.2807 3.3969 3.8795 3.2654 13.0822 3.5795 3.7688 3.7393 3.1348 3.5221 2.9928 3.3881 3.6202 3.9048 
4.1428 4.3077 4.0153 3.7740 3.6712 3.0242 4.3003 3.1371 3.3723 4.2403 3.1085 3.0132 3.7510 3.6616 3.3506 3.8040 3.1763 3.0761 3.2629 
3.8143 3.6676 3.1767 3.4061 2.9775 3.2989 3.9626 3.0801 3.1253 3.1022 3.4205 3.8277 3.9425 3.2104 3.3330 3.7740 3.8623 3.1821 3.9144 
3.8284 3.5774 3.6569 3.4516 4.2187 4.2111 2.9720 4.1519 3.8966 3.9964 3.6510 3.9617 3.3961 3.0965 2.9968 4.0342 3.7182 3.3471 3.2744 
4.2320 3.4016 4.2410 4.2679 3.0217 3.5336 3.0411 3.3545 3.2619 4.2664 3.3994 3.9257 3.9449 3.3169 3.4386 3.6007 4.1706 4.0791 3.7623 
4.1058 2.9732 4.3152 4.0520 4.1945 3.7353 3.2040 3.0246 3.6362 21.7098 3.5221 3.1041 3.6364 3.2046 3.8101 4.2942 3.1016 3.7658 3.1059 
4.0699 3.2560 3.1815 3.9457 2.9565 3.9823 3.5393 3.0891 13.0976 21.7977 13.1184 12.5050 3.1713 3.7348 3.9571 4.0037 4.3008 2.9524 3.5244 
3.8398 3.4238 4.1723 3.6559 3.8828 4.0226 12.9794 12.2517 13.1497 3.4840 12.6397 13.1910 3.9810 3.3918 3.0273 3.4679 4.1566 3.5191 3.3801 
2.9833 3.7585 4.1177 2.9846 3.4075 12.9580 3.7811 3.7019 12.8319 4.2350 13.0241 3.7319 3.5581 3.7326 4.1073 3.7466 3.2462 3.5257 4.1472 
3.5156 3.2749 3.1322 3.2202 3.2719 12.1921 12.9644 3.6998 12.8745 3.9452 12.9336 4.2572 12.4294 3.4451 3.3198 3.5584 3.9020 2.9461 3.7288 
3.8810 3.0860 3.6102 4.0503 3.8078 4.1843 12.4018 12.4963 4.1546 12.6875 3.2186 12.5955 12.7905 3.9829 3.6939 4.2738 3.3174 4.1775 3.5336 
4.2417 4.3120 3.8449 3.6417 3.4449 3.3146 3.3455 3.9163 3.6446 13.1566 12.2611 3.3286 12.1783 12.2158 3.8448 3.7465 4.1375 4.2898 3.3327 
3.2462 4.0853 4.2108 3.8167 3.3120 4.0234 3.8457 3.6011 3.1905 2.9370 12.4803 3.2329 12.8255 3.7092 3.0025 3.6213 3.5665 3.1270 3.0365 
3.9184 4.0071 3.6664 4.1053 3.0584 2.9633 3.5843 4.0735 3.1442 12.6885 3.0764 3.9768 13.4347 3.1704 3.6347 3.2811 3.1152 3.0434 4.1031 
3.3401 3.9092 3.3686 3.2996 3.0084 3.1712 3.2785 4.2354 3.6922 12.2129 21.9597 13.1353 4.0116 3.8568 4.0837 3.3918 3.0411 3.6501 4.1371 
2.9728 3.0902 3.6161 3.1195 2.9938 3.3931 3.7727 4.1060 3.8073 4.2241 22.1978 4.0594 4.2576 3.1499 4.1725 3.1111 3.0089 4.1542 3.9849 
4.1536 3.2417 3.0145 3.8939 3.2666 3.7268 3.5559 3.1795 4.1574 3.1206 20.8887 3.4788 3.7643 4.0910 3.4200 3.2033 3.4774 3.3232 2.9718 
3.5315 3.9274 3.4633 3.8020 3.8113 4.1490 3.4977 3.2734 3.6308 2.9064 22.1193 2.9759 3.8652 2.9211 3.6767 4.0397 4.0243 4.0780 4.0280 
4.3096 3.8943 2.9557 3.5513 3.9523 3.1584 4.1951 3.7195 3.4217 20.9130 3.9230 3.9747 4.0862 3.1503 3.1262 4.0391 4.2081 3.2587 4.2103 
4.1041 3.7822 3.2147 3.6758 3.7363 3.7265 3.8696 3.2308 3.4258 21.1766 4.2332 4.0419 3.6637 3.1346 3.1723 4.2693 3.9364 3.1888 4.2299 
4.3179 3.4148 3.2215 4.2162 3.8019 3.7100 3.1621 3.4024 3.4154 4.3075 3.4716 2.9272 4.0366 3.1263 3.2355 3.8857 2.9353 3.7056 3.0589 
3.5341 4.1628 4.0732 2.9343 4.1830 3.6813 3.5339 2.9099 3.0262 3.5951 3.9641 4.2736 2.9797 3.6212 4.2242 3.0636 4.1940 3.3256 3.6674 
35
1
1 1 13 9 0 1 10
13
0 0 13 10 20 0 34 0 0 0
4 0 16 12 20 0 25 0 0 0
5 1 5 5 20 0 25 0 0 0
6 0 3 9 20 0 20 0 0 0
7 1 4 10 20 0 20 0 0 0
8 0 13 8 20 0 16 0 0 0
9 1 7 12 30 0 16 0 0 1
10 0 6 5 20 0 11 0 0 0
11 1 14 7 20 0 11 0 0 0
12 0 6 13 20 0 7 0 0 0
13 1 10 5 30 0 7 0 0 1
14 0 0 10 20 0 2 0 2 0
15 1 14 10 20 0 2 0 1 0
51 44
48 49 0 0 0 0
2
0 0 0 2
0 0 12 0
0
3.0701 3.4798 3.9804 3.6257 3.8093 3.0654 3.7368 3.1980 3.7759 3.2187 2.8933 3.4828 2.9368 3.9202 2.8640 3.9008 3.2929 4.1344 3.4183 
3.2504 3.6825 3.5389 3.5248 3.2057 3.5784 3.3889 4.0754 3.0042 4.0378 3.1090 3.5872 3.7873 4.0139 3.1282 2.8761 2.8781 4.1573 3.2226 
3.3387 3.1072 3.7133 3.8461 3.3414 3.3165 3.1256 3.4704 2.9227 12.1573 3.3504 4.1709 3.4542 3.7403 2.8500 3.3484 2.9239 3.0177 2.8802 
3.6222 3.3345 3.8223 4.1236 3.0104 3.1007 3.6883 3.6435 12.5439 12.9494 3.8690 3.7070 3.2967 3.2546 3.5302 3.7467 2.8393 3.4530 4.1360 
3.0403 4.0104 4.0752 3.1985 2.8607 3.2467 12.1726 12.2846 3.7693 3.0580 3.7820 2.9679 3.3534 3.2887 3.3859 3.4602 2.8548 4.1098 3.6307 
4.1789 4.0162 3.6513 2.8790 3.8699 12.0172 4.1607 3.0399 4.1414 2.9960 2.8660 3.8568 3.8233 3.5058 3.5031 3.0069 3.8857 2.8348 3.7221 
3.9075 3.0654 4.0596 3.0371 4.1603 12.7745 12.1807 4.0097 3.3619 2.9004 2.9640 2.9385 3.0533 2.9951 3.4190 3.1281 3.9566 3.9268 2.8794 
3.8526 3.4344 3.6825 4.1335 3.9468 3.4821 12.2870 4.0564 3.0198 3.4869 3.7319 2.8610 3.3188 3.3863 2.8271 3.5133 3.4652 3.4076 2.9066 
3.4389 3.4135 3.6487 2.9359 3.7939 11.7744 12.8972 3.9867 2.8273 3.2510 3.3597 2.8212 3.4703 3.0780 3.8562 2.9817 3.0145 3.0424 3.4447 
3.0945 3.9456 3.5067 3.5743 3.4329 2.8280 12.0396 3.8845 2.9308 4.1189 3.3801 3.8709 4.1447 3.9183 3.4147 2.9728 3.9376 3.0840 3.3118 
4.1231 3.2234 2.8942 3.6343 3.4513 11.7608 12.7193 3.3151 2.8222 3.3256 3.2678 4.1427 2.8396 2.8913 3.3323 3.4147 3.6592 2.8808 3.4417 
3.0571 3.1932 3.6934 3.3675 3.3412 3.1392 12.2383 12.2852 11.6829 12.7758 12.5866 3.0632 4.1355 3.7816 3.5057 3.8637 3.4730 3.3415 3.0411 
3.6569 3.0207 4.0504 2.9358 3.5153 3.0473 2.9726 3.2426 3.2613 4.0761 12.5075 3.0187 4.1626 4.1430 3.1746 3.7089 2.8863 3.4464 2.9881 
3.4108 3.6027 3.2491 3.4901 3.2316 2.9405 3.7354 3.7614 3.5680 2.9049 12.3491 3.2461 3.3823 2.8539 2.9647 3.4532 3.9486 4.0427 3.3099 
3.4980 3.3789 3.0590 3.5440 3.1154 3.0534 4.0658 3.2614 3.1862 3.0215 12.3200 12.4402 3.3414 2.8512 4.0590 3.3704 3.0690 3.2620 3.9636 
4.0608 3.8816 3.2944 4.0130 3.2739 3.5071 4.1768 3.2073 4.1601 12.6990 3.7276 12.8588 4.1160 2.8613 3.4349 3.4136 3.6909 2.9098 4.0322 
2.8766 2.9651 3.3220 3.0241 3.0243 3.1853 3.2980 3.7661 3.1704 12.6927 3.4751 3.6587 3.6301 3.0438 3.4194 2.9060 3.2895 3.5146 3.7907 
4.0215 4.1815 3.8978 3.6638 3.5641 2.9365 4.1743 3.0460 3.2741 4.1161 3.0182 2.9258 3.6415 3.5548 3.2531 3.6929 3.0840 2.9868 3.1680 
3.7029 3.5606 3.0844 3.3069 2.8912 3.2029 3.8467 2.9907 3.0345 3.0121 3.3209 3.7159 3.8272 3.1171 3.2360 3.6638 3.7494 3.0896 3.8000 
3.7165 3.4731 3.5502 3.3511 4.0951 4.0878 2.8858 4.0303 3.7827 3.8795 3.5445 3.8458 3.2972 3.0066 2.9099 3.9162 3.6097 3.2497 3.1792 
4.1080 3.3026 4.1168 4.1429 2.9340 3.4306 2.9529 3.2569 3.1670 4.1414 3.3004 3.8109 3.8296 3.2204 3.3384 3.4957 4.0485 3.9597 3.6524 
3.9856 2.8870 4.1887 3.9334 4.0717 3.6262 3.1109 2.9369 3.5301 21.0615 3.4194 3.0140 3.5303 3.1115 3.6988 4.1684 3.0116 3.6558 3.0157 
3.9508 3.1613 3.0891 3.8303 2.8708 3.8658 3.4361 2.9994 12.7077 21.1468 12.7278 12.1329 3.0792 3.6258 3.8414 3.8866 4.1748 2.8668 3.4217 
3.7276 3.3241 4.0501 3.5492 3.7693 3.9049 12.5930 11.8871 12.7582 3.3825 12.2635 12.7983 3.8646 3.2930 2.9395 3.3669 4.0349 3.4165 3.2817 
2.8968 3.6487 3.9972 2.8981 3.3083 12.5723 3.6707 3.5938 12.4499 4.1110 12.6364 3.6229 3.4544 3.6236 3.9871 3.6372 3.1518 3.4229 4.0258 
3.4131 3.1797 3.0412 3.1266 3.1767 11.8293 12.5785 3.5918 12.4913 3.8298 12.5486 4.1325 12.0595 3.3447 3.2232 3.4546 3.7879 2.8607 3.6199 
3.7676 2.9964 3.5049 3.9318 3.6966 4.0618 12.0327 12.1244 4.0330 12.3099 3.1250 12.2206 12.4098 3.8664 3.5861 4.1486 3.2209 4.0552 3.4306 
4.1174 4.1856 3.7326 3.5354 3.3446 3.2182 3.2481 3.8018 3.5383 12.7649 11.8963 3.2317 11.8160 11.8523 3.7325 3.6371 4.0164 4.1641 3.2357 
3.1518 3.9657 4.0875 3.7052 3.2156 3.9057 3.7333 3.4961 3.0978 2.8519 12.1089 3.1389 12.4437 3.6009 2.9154 3.5157 3.4625 3.0362 2.9484 
3.8038 3.8899 3.5594 3.9851 2.9696 2.8774 3.4798 3.9543 3.0529 12.3108 2.9871 3.8605 13.0347 3.0783 3.5287 3.1857 3.0247 2.9551 3.9830 
3.2429 3.7949 3.2705 3.2036 2.9211 3.0791 3.1831 4.1113 3.5844 11.8495 21.3039 12.7442 3.8943 3.7441 3.9642 3.2930 2.9529 3.5436 4.0160 
2.8866 3.0005 3.5106 3.0289 2.9070 3.2943 3.6625 3.9858 3.6961 4.1004 21.5349 3.9406 4.1329 3.0584 4.0503 3.0208 2.9216 4.0326 3.8684 
4.0320 3.1474 2.9271 3.7801 3.1716 3.6180 3.4522 3.0871 4.0357 3.0300 20.2650 3.3774 3.6544 3.9713 3.3204 3.1102 3.3761 3.2265 2.8856 
3.4286 3.8126 3.3624 3.6909 3.7000 4.0275 3.3958 3.1782 3.5249 2.8222 21.4587 2.8896 3.7522 2.8365 3.5694 3.9215 3.9066 3.9587 3.9102 
4.1833 3.7805 2.8700 3.4478 3.8367 3.0666 4.0722 3.6109 3.3220 20.2886 3.8083 3.8585 3.9666 3.0588 3.0354 3.9209 4.0849 3.1639 4.0870 
3.9840 3.6717 3.1213 3.5685 3.6272 3.6177 3.7565 3.1369 3.3260 20.5443 4.1092 3.9236 3.5568 3.0436 3.0801 4.1442 3.8213 3.0961 4.1060 
4.1914 3.3154 3.1279 4.0927 3.6908 3.6017 3.0702 3.3033 3.3159 4.1813 3.3705 2.8424 3.9185 3.0355 3.1414 3.7721 2.8502 3.5974 2.9701 
3.4311 4.0409 3.9540 2.8493 4.0605 3.5739 3.4309 2.8256 2.9384 3.4902 3.8482 4.1484 2.8933 3.5156 4.1005 2.9747 4.0712 3.2288 3.5604 
36
1
1 1 13 9 0 2 10
13
0 0 14 10 15 0 35 0 0 0
4 0 15 12 20 0 26 0 0 0
5 1 4 6 20 0 26 0 0 0
6 0 3 8 20 0 21 0 0 0
7 1 3 10 20 0 21 0 0 0
8 0 14 8 20 0 17 0 0 0
9 1 7 11 30 0 17 0 0 1
10 0 6 6 20 0 12 0 0 0
11 1 14 8 20 0 12 0 0 0
12 0 6 12 20 0 8 0 0 0
13 1 10 4 30 0 8 0 0 1
14 0 1 9 20 0 3 0 2 0
15 1 13 10 20 0 3 0 1 0
54 47
48 49 0 0 0 0
2
0 0 0 1
0 0 11 0
0
2.9810 3.3784 3.8640 3.5199 3.6980 2.9764 3.6277 3.1051 3.6656 3.1251 2.8095 3.3813 2.8517 3.8056 2.7811 3.7868 3.1971 4.0134 3.3188 
3.1559 3.5750 3.4357 3.4221 3.1125 3.4740 3.2902 3.9561 2.9171 3.9197 3.0187 3.4826 3.6767 3.8965 3.0374 2.7928 2.7948 4.0356 3.1289 
3.2415 3.0170 3.6049 3.7337 3.2442 3.2200 3.0348 3.3693 2.8380 11.7956 3.2529 4.0488 3.3536 3.6311 2.7675 3.2509 2.8392 2.9302 2.7968 
3.5165 3.2375 3.7106 4.0029 2.9231 3.0107 3.5807 3.5372 12.1706 12.5639 3.7559 3.5988 3.2008 3.1600 3.4273 3.6373 2.7571 3.3524 4.0149 
2.9521 3.8931 3.9559 3.1055 2.7779 3.1523 11.8104 11.9191 3.6592 2.9693 3.6715 2.8819 3.2558 3.1930 3.2873 3.3594 2.7722 3.9895 3.5248 
4.0565 3.8987 3.5448 2.7956 3.7568 11.6597 4.0389 2.9517 4.0202 2.9091 2.7830 3.7441 3.7116 3.4036 3.4010 2.9197 3.7721 2.7528 3.6134 
3.7933 2.9764 3.9408 2.9490 4.0385 12.3943 11.8183 3.8924 3.2640 2.8164 2.8781 2.8533 2.9647 2.9082 3.3194 3.0373 3.8409 3.8120 2.7960 
3.7400 3.3344 3.5750 4.0125 3.8314 3.3806 11.9214 3.9377 2.9322 3.3853 3.6229 2.7782 3.2222 3.2877 2.7453 3.4109 3.3642 3.3084 2.8224 
3.3387 3.3141 3.5422 2.8508 3.6831 11.4242 12.5133 3.8701 2.7455 3.1565 3.2619 2.7396 3.3692 2.9887 3.7435 2.8952 2.9271 2.9541 3.3444 
3.0047 3.8302 3.4045 3.4701 3.3329 2.7462 11.6814 3.7710 2.8459 3.9983 3.2817 3.7578 4.0234 3.8038 3.3153 2.8866 3.8225 2.9945 3.2154 
4.0024 3.1297 2.8104 3.5283 3.3508 11.4110 12.3407 3.2186 2.7405 3.2288 3.1728 4.0214 2.7574 2.8076 3.2353 3.3153 3.5524 2.7974 3.3414 
2.9684 3.1004 3.5856 3.2695 3.2440 3.0480 11.8742 11.9196 11.3354 12.3955 12.2120 2.9743 4.0144 3.6712 3.4035 3.7508 3.3718 3.2443 2.9529 
3.5502 2.9331 3.9319 2.8507 3.4128 2.9589 2.8864 3.1483 3.1665 3.9568 12.1353 2.9311 4.0407 4.0217 3.0824 3.6006 2.8027 3.3460 2.9015 
3.3115 3.4976 3.1546 3.3884 3.1377 2.8553 3.6263 3.6516 3.4640 2.8208 11.9816 3.1517 3.2838 2.7713 2.8788 3.3526 3.8331 3.9244 3.2136 
3.3961 3.2805 2.9702 3.4407 3.0249 2.9648 3.9468 3.1666 3.0936 2.9339 11.9534 12.0700 3.2442 2.7687 3.9402 3.2723 2.9799 3.1671 3.8477 
3.9420 3.7682 3.1986 3.8956 3.1787 3.4049 4.0545 3.1141 4.0383 12.3210 3.6188 12.4760 3.9955 2.7785 3.3349 3.3142 3.5832 2.8255 3.9142 
2.7933 2.8791 3.2253 2.9364 2.9366 3.0927 3.2021 3.6561 3.0783 12.3149 3.3738 3.5519 3.5242 2.9555 3.3198 2.8218 3.1938 3.4122 3.6800 
3.9039 4.0591 3.7839 3.5569 3.4602 2.8514 4.0521 2.9576 3.1789 3.9956 2.9307 2.8410 3.5353 3.4512 3.1585 3.5851 2.9945 2.9002 3.0760 
3.5948 3.4568 2.9949 3.2107 2.8075 3.1098 3.7343 2.9040 2.9465 2.9247 3.2243 3.6074 3.7154 3.0266 3.1419 3.5569 3.6399 2.9999 3.6890 
3.6080 3.3719 3.4467 3.2536 3.9752 3.9682 2.8022 3.9124 3.6722 3.7661 3.4412 3.7334 3.2013 2.9194 2.8256 3.8017 3.5044 3.1552 3.0868 
3.9878 3.2065 3.9963 4.0216 2.8490 3.3307 2.8673 3.1622 3.0750 4.0202 3.2044 3.6996 3.7177 3.1268 3.2412 3.3938 3.9300 3.8439 3.5458 
3.8690 2.8034 4.0660 3.8184 3.9525 3.5204 3.0206 2.8518 3.4272 20.4327 3.3198 2.9266 3.4274 3.0212 3.5908 4.0463 2.9243 3.5491 2.9282 
3.8353 3.0695 2.9994 3.7184 2.7877 3.7528 3.3360 2.9124 12.3295 20.5154 12.3490 11.7719 2.9898 3.5200 3.7292 3.7730 4.0526 2.7838 3.3220 
3.6188 3.2274 3.9316 3.4457 3.6592 3.7908 12.2182 11.5335 12.3785 3.2840 11.8986 12.4174 3.7517 3.1972 2.8543 3.2689 3.9169 3.3170 3.1862 
2.8129 3.5422 3.8803 2.8142 3.2121 12.1981 3.5636 3.4890 12.0794 3.9907 12.2603 3.5172 3.3538 3.5179 3.8705 3.5311 3.0602 3.3232 3.9080 
3.3137 3.0873 2.9530 3.0358 3.0844 11.4774 12.2041 3.4870 12.1196 3.7179 12.1751 4.0115 11.7007 3.2474 3.1295 3.3540 3.6773 2.7779 3.5143 
3.6576 2.9095 3.4028 3.8168 3.5887 3.9429 11.6747 11.7637 3.9150 11.9436 3.0343 11.8570 12.0405 3.7534 3.4815 4.0271 3.1273 3.9365 3.3307 
3.9969 4.0630 3.6236 3.4323 3.2473 3.1247 3.1537 3.6907 3.4352 12.3850 11.5424 3.1377 11.4645 11.4997 3.6235 3.5310 3.8989 4.0422 3.1416 
3.0602 3.8497 3.9679 3.5970 3.1221 3.7915 3.6243 3.3942 3.0079 2.7693 11.7486 3.0477 12.0734 3.4959 2.8309 3.4132 3.3616 2.9481 2.8629 
3.6927 3.7762 3.4556 3.8685 2.8835 2.7941 3.3784 3.8387 2.9643 11.9445 2.9005 3.7477 12.6467 2.9890 3.4258 3.0931 2.9370 2.8694 3.8665 
3.1486 3.6841 3.1754 3.1105 2.8365 2.9897 3.0906 3.9910 3.4799 11.4970 20.6678 12.3649 3.7805 3.6348 3.8483 3.1972 2.8673 3.4403 3.8985 
2.8030 2.9135 3.4083 2.9410 2.8228 3.1985 3.5556 3.8692 3.5882 3.9804 20.8919 3.8254 4.0119 2.9696 3.9318 2.9332 2.8370 3.9146 3.7553 
3.9140 3.0560 2.8423 3.6697 3.0795 3.5125 3.3516 2.9975 3.9176 2.9421 19.6601 3.2791 3.5478 3.8552 3.2238 3.0199 3.2778 3.1327 2.8020 
3.3287 3.7012 3.2645 3.5832 3.5920 3.9097 3.2969 3.0859 3.4222 2.7405 20.8179 2.8059 3.6426 2.7544 3.4653 3.8069 3.7924 3.8429 3.7959 
4.0608 3.6701 2.7869 3.3474 3.7246 2.9776 3.9530 3.5056 3.2253 19.6829 3.6971 3.7457 3.8506 2.9700 2.9473 3.8063 3.9654 3.0720 3.9674 
3.8675 3.5645 3.0307 3.4644 3.5214 3.5122 3.6468 3.0458 3.2292 19.9310 3.9889 3.8089 3.4531 2.9553 2.9907 4.0229 3.7097 3.0062 3.9858 
4.0687 3.2189 3.0371 3.9729 3.5831 3.4966 2.9811 3.2072 3.2194 4.0589 3.2724 2.7601 3.8039 2.9474 3.0502 3.6619 2.7677 3.4925 2.8840 
3.3312 3.9227 3.8384 2.7668 3.9417 3.4697 3.3310 2.7438 2.8532 3.3885 3.7358 4.0269 2.8095 3.4131 3.9805 2.8885 3.9521 3.1349 3.4566 
37
1
1 1 13 9 0 1 10
15
0 0 14 11 15 0 36 0 0 0
4 0 15 11 20 0 27 0 0 0
5 1 4 7 20 0 27 0 0 0
6 0 4 7 20 0 22 0 0 0
7 1 3 9 20 0 22 0 0 0
8 0 14 7 20 0 18 0 0 0
9 1 6 10 30 0 18 0 0 1
10 0 7 6 20 0 13 0 0 0
11 1 13 8 20 0 13 0 0 0
12 0 7 12 20 0 9 0 0 0
13 1 10 3 30 0 9 0 0 1
14 0 2 9 20 0 4 0 2 0
15 1 12 10 20 0 4 0 1 0
16 0 2 9 20 0 0 0 0 0
17 1 16 9 30 0 0 0 0 1
54 47
48 49 0 0 0 0
2
0 0 0 0
0 0 10 0
0
2.8946 3.2800 3.7511 3.4173 3.5901 2.8901 3.5219 3.0149 3.5586 3.0343 2.7282 3.2829 2.7691 3.6944 2.7007 3.6762 3.1042 3.8960 3.2222 
3.0642 3.4708 3.3356 3.3224 3.0221 3.3728 3.1945 3.8404 2.8326 3.8051 2.9311 3.3811 3.5694 3.7826 2.9493 2.7120 2.7140 3.9175 3.0380 
3.1473 2.9295 3.4998 3.6247 3.1499 3.1264 2.9468 3.2712 2.7559 11.4447 3.1583 3.9303 3.2560 3.5252 2.6875 3.1564 2.7570 2.8453 2.7159 
3.4140 3.1434 3.6023 3.8858 2.8384 2.9234 3.4763 3.4341 11.8085 12.1900 3.6462 3.4938 3.1078 3.0682 3.3275 3.5312 2.6774 3.2548 3.8975 
2.8665 3.7793 3.8402 3.0153 2.6976 3.0607 11.4591 11.5645 3.5524 2.8832 3.5644 2.7984 3.1611 3.1002 3.1917 3.2616 2.6920 3.8728 3.4221 
3.9378 3.7847 3.4415 2.7147 3.6471 11.3129 3.9207 2.8661 3.9026 2.8248 2.7025 3.6348 3.6033 3.3045 3.3020 2.8351 3.6619 2.6732 3.5080 
3.6825 2.8901 3.8256 2.8635 3.9203 12.0255 11.4668 3.7786 3.1691 2.7349 2.7948 2.7707 2.8788 2.8240 3.2228 2.9492 3.7287 3.7006 2.7151 
3.6308 3.2374 3.4708 3.8951 3.7195 3.2822 11.5668 3.8226 2.8472 3.2867 3.5172 2.6979 3.1285 3.1921 2.6659 3.3116 3.2663 3.2121 2.7407 
3.2415 3.2177 3.4389 2.7683 3.5756 11.0845 12.1409 3.7570 2.6661 3.0648 3.1670 2.6604 3.2711 2.9020 3.6342 2.8113 2.8423 2.8685 3.2471 
2.9176 3.7183 3.3054 3.3690 3.2359 2.6668 11.3340 3.6609 2.7635 3.8814 3.1862 3.6481 3.9057 3.6927 3.2188 2.8030 3.7108 2.9077 3.1219 
3.8853 3.0388 2.7291 3.4255 3.2533 11.0717 11.9735 3.1250 2.6613 3.1349 3.0806 3.9038 2.6777 2.7264 3.1412 3.2188 3.4488 2.7165 3.2442 
2.8823 3.0104 3.4810 3.1744 3.1497 2.9596 11.5210 11.5650 10.9983 12.0266 11.8486 2.8881 3.8970 3.5641 3.3044 3.6413 3.2736 3.1500 2.8673 
3.4467 2.8481 3.8169 2.7682 3.3134 2.8731 2.8028 3.0569 3.0745 3.8411 11.7742 2.8462 3.9225 3.9040 2.9929 3.4956 2.7216 3.2486 2.8175 
3.2152 3.3957 3.0630 3.2897 3.0466 2.7726 3.5205 3.5451 3.3631 2.7392 11.6252 3.0601 3.1883 2.6912 2.7954 3.2550 3.7211 3.8097 3.1202 
3.2972 3.1851 2.8841 3.3405 2.9372 2.8789 3.8314 3.0746 3.0038 2.8489 11.5978 11.7109 3.1499 2.6886 3.8250 3.1771 2.8935 3.0751 3.7353 
3.8267 3.6582 3.1056 3.7817 3.0863 3.3058 3.9359 3.0237 3.9202 11.9544 3.5132 12.1047 3.8786 2.6981 3.2379 3.2178 3.4787 2.7437 3.7998 
2.7125 2.7957 3.1315 2.8513 2.8515 3.0029 3.1090 3.5494 2.9890 11.9485 3.2756 3.4483 3.4215 2.8698 3.2232 2.7401 3.1010 3.3128 3.5726 
3.7898 3.9403 3.6734 3.4532 3.3594 2.7689 3.9335 2.8719 3.0865 3.8787 2.8458 2.7588 3.4322 3.3507 3.0667 3.4805 2.9077 2.8162 2.9867 
3.4900 3.3561 2.9081 3.1174 2.7263 3.0195 3.6253 2.8199 2.8611 2.8400 3.1306 3.5022 3.6069 2.9388 3.0506 3.4532 3.5337 2.9129 3.5813 
3.5028 3.2737 3.3463 3.1590 3.8589 3.8522 2.7211 3.7980 3.5650 3.6561 3.3410 3.6244 3.1083 2.8348 2.7438 3.6906 3.4023 3.0635 2.9972 
3.8712 3.1133 3.8794 3.9040 2.7665 3.2338 2.7843 3.0703 2.9858 3.9026 3.1113 3.5916 3.6092 3.0360 3.1470 3.2950 3.8151 3.7316 3.4424 
3.7559 2.7223 3.9470 3.7068 3.8369 3.4178 2.9330 2.7692 3.3274 19.8227 3.2232 2.8418 3.3276 2.9336 3.4861 3.9279 2.8396 3.4456 2.8434 
3.7232 2.9804 2.9124 3.6098 2.7071 3.6432 3.2389 2.8280 11.9626 19.9029 11.9815 11.4217 2.9031 3.4174 3.6203 3.6628 3.9340 2.7033 3.2253 
3.5132 3.1336 3.8167 3.3453 3.5524 3.6801 11.8547 11.1905 12.0101 3.1885 11.5446 12.0479 3.6421 3.1043 2.7717 3.1738 3.8024 3.2205 3.0936 
2.7315 3.4389 3.7669 2.7328 3.1187 11.8352 3.4597 3.3873 11.7200 3.8740 11.8955 3.4147 3.2562 3.4154 3.7574 3.4282 2.9714 3.2265 3.7938 
3.2173 2.9977 2.8674 2.9477 2.9949 11.1361 11.8410 3.3854 11.7590 3.6094 11.8128 3.8942 11.3527 3.1530 3.0386 3.2564 3.5700 2.6976 3.4119 
3.5509 2.8252 3.3037 3.7053 3.4840 3.8276 11.3275 11.4138 3.8006 11.5883 2.9463 11.5043 11.6823 3.6438 3.3801 3.9093 3.0365 3.8214 3.2338 
3.8800 3.9441 3.5179 3.3323 3.1529 3.0340 3.0621 3.5830 3.3351 12.0165 11.1991 3.0466 11.1236 11.1577 3.5178 3.4281 3.7849 3.9239 3.0504 
2.9714 3.7372 3.8519 3.4921 3.0314 3.6808 3.5186 3.2954 2.9207 2.6892 11.3991 2.9593 11.7142 3.3940 2.7490 3.3138 3.2638 2.8627 2.7800 
3.5849 3.6659 3.3549 3.7554 2.8000 2.7133 3.2800 3.7265 2.8784 11.5892 2.8165 3.6383 12.2703 2.9023 3.3260 3.0033 2.8519 2.7863 3.7535 
3.0571 3.5766 3.0831 3.0202 2.7544 2.9030 3.0009 3.8743 3.3785 11.1551 20.0508 11.9970 3.6701 3.5288 3.7359 3.1043 2.7843 3.3401 3.7845 
2.7219 2.8291 3.3091 2.8558 2.7411 3.1055 3.4519 3.7561 3.4836 3.8640 20.2681 3.7136 3.8945 2.8835 3.8168 2.8482 2.7549 3.8002 3.6456 
3.7996 2.9673 2.7600 3.5626 2.9901 3.4101 3.2541 2.9106 3.8031 2.8568 19.0733 3.1837 3.4444 3.7425 3.1301 2.9323 3.1825 3.0417 2.7209 
3.2318 3.5932 3.1696 3.4787 3.4872 3.7954 3.2010 2.9963 3.3225 2.6613 20.1964 2.7247 3.5363 2.6748 3.3643 3.6957 3.6816 3.7306 3.6850 
3.9420 3.5630 2.7063 3.2500 3.6159 2.8913 3.8374 3.4034 3.1315 19.0954 3.5892 3.6363 3.7381 2.8839 2.8619 3.6951 3.8494 2.9828 3.8514 
3.7545 3.4606 2.9428 3.3635 3.4188 3.4098 3.5404 2.9574 3.1353 19.3361 3.8722 3.6976 3.3525 2.8696 2.9040 3.9052 3.6014 2.9190 3.8692 
3.9496 3.1253 2.9490 3.8567 3.4786 3.3947 2.8947 3.1140 3.1258 3.9401 3.1772 2.6803 3.6928 2.8620 2.9617 3.5550 2.6877 3.3907 2.8005 
3.2343 3.8080 3.7262 2.6868 3.8264 3.3686 3.2341 2.6645 2.7706 3.2898 3.6267 3.9091 2.7282 3.3137 3.8641 2.8048 3.8365 3.0439 3.3559 
38
1
1 1 13 9 0 0 10
15
0 0 15 11 15 0 37 0 0 0
4 0 14 10 20 0 28 0 0 0
5 1 3 8 20 0 28 0 0 0
6 0 4 8 20 0 23 0 0 0
7 1 2 9 20 0 23 1 0 0
8 0 13 8 20 0 19 0 0 0
9 1 5 10 30 0 19 0 0 1
10 0 8 5 20 0 14 0 0 0
11 1 12 8 20 0 14 0 0 0
12 0 8 12 20 0 10 0 0 0
13 1 9 3 30 0 10 0 0 1
14 0 3 9 20 0 5 0 0 0
15 1 11 10 20 0 5 0 0 0
16 0 3 9 20 0 1 0 0 0
17 1 15 9 30 0 1 0 0 1
57 60
47 49 0 0 0 0
2
0 0 0 0
0 0 9 0
0
2.8108 3.1846 3.6416 3.3178 3.4854 2.8064 3.4192 2.9275 3.4548 2.9463 2.6494 3.1874 2.6890 3.5866 2.6227 3.5689 3.0141 3.7821 3.1285 
2.9753 3.3697 3.2385 3.2257 2.9344 3.2746 3.1017 3.7282 2.7506 3.6939 2.8462 3.2827 3.4653 3.6721 2.8638 2.6336 2.6356 3.8030 2.9499 
3.0559 2.8446 3.3978 3.5190 3.0584 3.0356 2.8614 3.1761 2.6762 11.1044 3.0666 3.8154 3.1613 3.4224 2.6099 3.0647 2.6773 2.7629 2.6374 
3.3146 3.0521 3.4972 3.7722 2.7562 2.8387 3.3750 3.3341 11.4572 11.8273 3.5398 3.3920 3.0176 2.9792 3.2307 3.4283 2.6001 3.1602 3.7836 
2.7835 3.6689 3.7280 2.9278 2.6197 2.9719 11.1183 11.2206 3.4488 2.7997 3.4605 2.7174 3.0693 3.0102 3.0989 3.1668 2.6142 3.7596 3.3224 
3.8227 3.6742 3.3413 2.6363 3.5407 10.9765 3.8061 2.7831 3.7885 2.7431 2.6244 3.5288 3.4982 3.2084 3.2059 2.7530 3.5550 2.5960 3.4058 
3.5750 2.8064 3.7138 2.7806 3.8057 11.6677 11.1258 3.6682 3.0770 2.6559 2.7140 2.6906 2.7954 2.7423 3.1291 2.8637 3.6198 3.5926 2.6366 
3.5249 3.1433 3.3697 3.7812 3.6109 3.1867 11.2228 3.7109 2.7648 3.1911 3.4147 2.6200 3.0376 3.0993 2.5889 3.2153 3.1713 3.1187 2.6615 
3.1473 3.1242 3.3387 2.6883 3.4713 10.7550 11.7797 3.6473 2.5891 2.9759 3.0750 2.5836 3.1760 2.8179 3.5282 2.7300 2.7600 2.7854 3.1527 
2.8331 3.6098 3.2092 3.2709 3.1418 2.5898 10.9970 3.5541 2.6836 3.7680 3.0936 3.5417 3.7915 3.5849 3.1252 2.7219 3.6025 2.8235 3.0312 
3.7717 2.9506 2.6502 3.3257 3.1587 10.7425 11.6173 3.0343 2.5845 3.0439 2.9912 3.7897 2.6004 2.6476 3.0500 3.1252 3.3483 2.6380 3.1499 
2.7988 2.9231 3.3796 3.0822 3.0582 2.8738 11.1784 11.2211 10.6714 11.6688 11.4961 2.8045 3.7831 3.4602 3.2083 3.5351 3.1784 3.0585 2.7843 
3.3463 2.7657 3.7054 2.6882 3.2170 2.7899 2.7217 2.9682 2.9853 3.7289 11.4240 2.7638 3.8078 3.7899 2.9061 3.3937 2.6430 3.1541 2.7360 
3.1217 3.2968 2.9741 3.1940 2.9582 2.6924 3.4179 3.4417 3.2652 2.6600 11.2794 2.9713 3.0957 2.6135 2.7145 3.1604 3.6125 3.6984 3.0296 
3.2013 3.0925 2.8006 3.2433 2.8521 2.7955 3.7195 2.9854 2.9167 2.7664 11.2529 11.3626 3.0584 2.6109 3.7133 3.0848 2.8097 2.9858 3.6262 
3.7149 3.5515 3.0154 3.6712 2.9967 3.2096 3.8208 2.9360 3.8056 11.5988 3.4108 11.7446 3.7652 2.6202 3.1438 3.1243 3.3773 2.6644 3.6888 
2.6341 2.7148 3.0406 2.7688 2.7690 2.9158 3.0187 3.4459 2.9023 11.5930 3.1803 3.3479 3.3219 2.7867 3.1295 2.6609 3.0110 3.2164 3.4684 
3.6791 3.8251 3.5662 3.3526 3.2616 2.6888 3.8185 2.7887 2.9969 3.7653 2.7634 2.6790 3.3322 3.2532 2.9777 3.3791 2.8235 2.7347 2.9001 
3.3883 3.2584 2.8239 3.0269 2.6475 2.9319 3.5195 2.7383 2.7783 2.7578 3.0397 3.4001 3.5017 2.8536 2.9621 3.3526 3.4307 2.8285 3.4769 
3.4007 3.1785 3.2489 3.0672 3.7461 3.7396 2.6425 3.6871 3.4611 3.5494 3.2438 3.5187 3.0181 2.7528 2.6645 3.5829 3.3032 2.9746 2.9103 
3.7581 3.0229 3.7660 3.7899 2.6865 3.1398 2.7038 2.9812 2.8992 3.7885 3.0210 3.4869 3.5039 2.9479 3.0556 3.1992 3.7036 3.6227 3.3421 
3.6462 2.6436 3.8316 3.5986 3.7248 3.3183 2.8480 2.6891 3.2306 29.2310 3.1295 2.7595 3.2308 2.8486 3.3845 3.8131 2.7574 3.3452 2.7611 
3.6145 2.8940 2.8280 3.5045 2.6289 3.5369 3.1447 2.7462 11.6067 29.3088 21.6251 11.0820 2.8190 3.3179 3.5147 3.5559 3.8190 2.6252 3.1315 
3.4108 3.0426 3.7052 3.2479 3.4488 3.5727 11.5021 10.8578 11.6528 3.0958 21.2013 11.6895 3.5358 3.0142 2.6915 3.0816 3.6913 3.1269 3.0038 
2.6526 3.3387 3.6569 2.6538 3.0281 11.4831 3.3589 3.2887 11.3714 3.7608 21.5416 3.3153 3.1615 3.3159 3.6477 3.3284 2.8853 3.1327 3.6830 
3.1238 2.9108 2.7844 2.8623 2.9081 10.8050 11.4888 3.2868 11.4092 3.5041 21.4614 3.7804 11.0151 3.0614 2.9504 3.1617 3.4659 2.6197 3.3125 
3.4474 2.7434 3.2076 3.5971 3.3825 3.7158 10.9907 11.0744 3.6896 11.2437 2.8609 21.1622 21.3348 3.5375 3.2817 3.7950 2.9484 3.7098 3.1398 
3.7666 3.8288 3.4154 3.2353 3.0613 2.9460 2.9732 3.4785 3.2380 11.6590 10.8661 2.9582 20.7929 10.8260 3.4153 3.3283 3.6744 3.8092 2.9619 
2.8853 3.6281 3.7393 3.3903 2.9435 3.5734 3.4160 3.1995 2.8361 2.6115 11.0601 2.8735 21.3658 3.2952 2.6695 3.2174 3.1689 2.7798 2.6996 
3.4804 3.5589 3.2573 3.6457 2.7190 2.6349 3.1846 3.6177 2.7950 11.2445 2.7350 3.5322 21.9052 2.8182 3.2292 2.9162 2.7693 2.7057 3.6439 
2.9684 3.4723 2.9936 2.9326 2.6748 2.8189 2.9139 3.7611 3.2801 10.8234 29.4523 21.6401 13.5630 3.4259 3.6268 3.0142 2.7038 3.2429 3.6740 
2.6432 2.7472 3.2128 2.7731 2.6619 3.0153 3.3513 3.6464 3.3821 3.7511 29.6631 3.6052 3.7807 2.8000 3.7053 2.7658 2.6753 3.6892 3.5392 
3.6886 2.8813 2.6802 3.4587 2.9034 3.3108 3.1595 2.8263 3.6920 2.7741 28.5041 3.0912 3.3441 3.6332 3.0392 2.8473 3.0900 2.9534 2.6423 
3.1378 3.4884 3.0775 3.3773 3.3856 3.6845 3.1080 2.9094 3.2258 2.5845 29.5935 12.6460 3.4332 2.5976 3.2664 3.5878 3.5742 3.6217 3.5775 
3.8267 3.4591 2.6281 3.1555 3.5104 2.8076 3.7253 3.3043 3.0406 28.5255 3.4845 3.5302 3.6290 2.8004 2.7790 3.5872 3.7369 2.8963 3.7389 
3.6449 3.3598 2.8575 3.2656 3.3192 3.3105 3.4372 2.8717 3.0442 28.7590 3.7590 3.5897 3.2549 2.7865 2.8199 3.7910 3.4964 2.8344 3.7561 
3.8341 3.0345 2.8635 3.7440 3.3772 3.2959 2.8109 3.0236 3.0350 13.8249 3.0849 2.6029 3.5850 2.7791 2.8758 3.4514 2.6101 3.2920 2.7195 
3.1403 3.6968 3.6174 2.6092 3.7146 3.2705 3.1401 2.5876 2.6905 3.1941 3.5209 3.7948 2.6494 3.2173 3.7512 2.7237 3.7244 2.9556 3.2582 
39
2
1 1 13 9 0 2 10
2 1 11 1 0 1 10
14
0 0 14 10 15 0 38 0 0 0
4 0 13 10 20 0 29 0 0 0
5 1 3 9 20 0 29 0 0 0
6 0 5 8 20 0 24 0 0 0
8 0 14 8 15 0 20 0 0 0
9 1 4 10 30 0 20 0 0 1
10 0 8 6 20 0 15 0 0 0
11 1 11 8 20 0 15 0 0 0
12 0 9 12 20 0 11 0 0 0
13 1 8 3 30 0 11 0 0 1
14 0 3 8 20 0 6 0 0 0
15 1 11 11 20 0 6 0 0 0
16 0 3 10 20 0 2 0 0 0
17 1 14 10 30 0 2 0 0 1
57 30
47 49 0 0 0 0
2
0 0 0 0
0 0 8 0
0
2.7295 3.0921 3.5354 3.2213 3.3838 2.7252 3.3196 2.8427 3.3542 2.8609 2.5729 3.0948 2.6113 3.4820 2.5470 3.4648 2.9267 3.6716 3.0376 
2.8890 3.2716 3.1443 3.1319 2.8494 3.1794 3.0116 3.6194 2.6711 3.5861 2.7638 3.1872 3.3643 3.5649 2.7809 2.5576 2.5595 3.6919 2.8644 
2.9672 2.7623 3.2989 3.4164 2.9696 2.9475 2.7786 3.0838 2.5989 10.7743 2.9776 3.7039 3.0695 3.3227 2.5346 2.9758 2.6000 2.6830 2.5613 
3.2182 2.9635 3.3953 3.6620 2.6765 2.7565 3.2768 3.2371 11.1165 11.4755 3.4366 3.2932 2.9301 2.8928 3.1368 3.3285 2.5251 3.0684 3.6731 
2.7030 3.5618 3.6192 2.8430 2.5441 2.8857 10.7878 10.8870 3.3483 2.7187 3.3597 2.6389 2.9802 2.9229 3.0089 3.0748 2.5388 3.6498 3.2257 
3.7110 3.5670 3.2441 2.5602 3.4375 10.6502 3.6949 2.7026 3.6778 2.6638 2.5487 3.4259 3.3963 3.1151 3.1127 2.6734 3.4514 2.5211 3.3066 
3.4708 2.7252 3.6054 2.7002 3.6945 11.3207 10.7950 3.5612 2.9877 2.5792 2.6356 2.6129 2.7145 2.6630 3.0382 2.7808 3.5142 3.4878 2.5605 
3.4222 3.0520 3.2716 3.6708 3.5056 3.0941 10.8891 3.6026 2.6849 3.0984 3.3153 2.5444 2.9495 3.0093 2.5142 3.1218 3.0792 3.0281 2.5847 
3.0559 3.0335 3.2415 2.6107 3.3702 10.4354 11.4293 3.5409 2.5144 2.8896 2.9858 2.5091 3.0837 2.7364 3.4254 2.6511 2.6802 2.7048 3.0611 
2.7511 3.5045 3.1159 3.1758 3.0505 2.5151 10.6701 3.4505 2.6061 3.6580 3.0038 3.4384 3.6808 3.4804 3.0344 2.6432 3.4974 2.7418 2.9433 
3.6615 2.8651 2.5737 3.2289 3.0669 10.4232 11.2718 2.9463 2.5100 2.9556 2.9045 3.6790 2.5254 2.5712 2.9615 3.0344 3.2509 2.5619 3.0584 
2.7178 2.8384 3.2812 2.9927 2.9695 2.7906 10.8460 10.8875 10.3543 11.3217 11.1542 2.7234 3.6726 3.3594 3.1151 3.4320 3.0860 2.9697 2.7038 
3.2489 2.6857 3.5972 2.6106 3.1235 2.7092 2.6430 2.8822 2.8987 3.6200 11.0843 2.6839 3.6966 3.6792 2.8219 3.2949 2.5667 3.0625 2.6569 
3.0310 3.2009 2.8879 3.1012 2.8725 2.6146 3.3184 3.3414 3.1702 2.5832 10.9440 2.8852 3.0058 2.5381 2.6361 3.0686 3.5071 3.5904 2.9417 
3.1083 3.0027 2.7196 3.1490 2.7695 2.7146 3.6109 2.8988 2.8322 2.6864 10.9183 11.0247 2.9696 2.5356 3.6049 2.9953 2.7284 2.8992 3.5204 
3.6065 3.4480 2.9279 3.5641 2.9098 3.1163 3.7092 2.8509 3.6944 11.2538 3.3115 11.3953 3.6552 2.5446 3.0525 3.0336 3.2790 2.5875 3.5811 
2.5581 2.6364 2.9524 2.6887 2.6889 2.8313 2.9311 3.3455 2.8182 11.2482 3.0879 3.2505 3.2252 2.7061 3.0386 2.5841 2.9237 3.1229 3.3673 
3.5717 3.7133 3.4622 3.2550 3.1668 2.6111 3.7069 2.7080 2.9100 3.6553 2.6835 2.6016 3.2352 3.1586 2.8914 3.2807 2.7418 2.6557 2.8161 
3.2897 3.1636 2.7422 2.9391 2.5711 2.8469 3.4169 2.6592 2.6980 2.6781 2.9515 3.3011 3.3996 2.7710 2.8762 3.2550 3.3308 2.7466 3.3756 
3.3017 3.0861 3.1544 2.9782 3.6367 3.6304 2.5662 3.5795 3.3603 3.4459 3.1495 3.4161 2.9306 2.6732 2.5876 3.4784 3.2071 2.8884 2.8260 
3.6484 2.9352 3.6560 3.6792 2.6089 3.0486 2.6257 2.8948 2.8152 3.6778 2.9334 3.3853 3.4018 2.8625 2.9669 3.1062 3.5955 3.5170 3.2448 
3.5398 2.5673 3.7197 3.4936 3.6161 3.2218 2.7656 2.6114 3.1367 28.3571 3.0386 2.6797 3.1369 2.7661 3.2860 3.7017 2.6777 3.2478 2.6813 
3.5091 2.8102 2.7462 3.4024 2.5530 3.4338 3.0534 2.6668 11.2615 28.4325 20.9793 10.7525 2.7374 3.2214 3.4123 3.4522 3.7074 2.5494 3.0406 
3.3115 2.9543 3.5970 3.1535 3.3483 3.4685 11.1600 10.5351 11.3062 3.0059 20.5683 11.3418 3.4327 2.9268 2.6138 2.9922 3.5836 3.0361 2.9167 
2.5760 3.2415 3.5502 2.5772 2.9403 11.1416 3.2611 3.1930 11.0333 3.6510 20.8984 3.2188 3.0697 3.2194 3.5413 3.2315 2.8017 3.0417 3.5755 
3.0331 2.8265 2.7039 2.7794 2.8239 10.4839 11.1471 3.1912 11.0699 3.4020 20.8206 3.6700 10.6876 2.9726 2.8649 3.0698 3.3649 2.5441 3.2161 
3.3470 2.6641 3.1144 3.4922 3.2840 3.6073 10.6640 10.7452 3.5819 10.9094 2.7781 20.5303 20.6978 3.4344 3.1862 3.6842 2.8629 3.6015 3.0486 
3.6566 3.7169 3.3159 3.1412 2.9725 2.8606 2.8870 3.3771 3.1439 11.3122 10.5431 2.8725 20.1721 10.5042 3.3158 3.2315 3.5672 3.6979 2.8760 
2.8017 3.5223 3.6301 3.2916 2.8582 3.4692 3.3165 3.1065 2.7540 2.5362 10.7313 2.7903 20.7278 3.1993 2.5924 3.1239 3.0768 2.6994 2.6216 
3.3790 3.4551 3.1626 3.5393 2.6404 2.5589 3.0921 3.5122 2.7142 10.9102 2.6560 3.4292 21.2510 2.7367 3.1353 2.8317 2.6892 2.6275 3.5376 
2.8823 3.3711 2.9068 2.8476 2.5976 2.7373 2.8295 3.6513 3.1847 10.5017 28.5717 20.9939 13.1591 3.3261 3.5210 2.9268 2.6257 3.1486 3.5668 
2.5669 2.6678 3.1194 2.6929 2.5850 2.9278 3.2538 3.5400 3.2836 3.6416 28.7762 3.5000 3.6703 2.7190 3.5971 2.6858 2.5980 3.5815 3.4360 
3.5809 2.7979 2.6028 3.3579 2.8193 3.2145 3.0677 2.7445 3.5842 2.6939 27.6520 3.0015 3.2468 3.5272 2.9510 2.7649 3.0003 2.8678 2.5660 
3.0467 3.3867 2.9882 3.2790 3.2870 3.5770 3.0178 2.8251 3.1320 2.5100 28.7087 12.2696 3.3332 2.5227 3.1714 3.4832 3.4700 3.5160 3.4732 
3.7149 3.3583 2.5523 3.0638 3.4081 2.7264 3.6165 3.2082 2.9524 27.6727 3.3830 3.4273 3.5231 2.7194 2.6986 3.4826 3.6278 2.8124 3.6297 
3.5386 3.2620 2.7748 3.1706 3.2226 3.2142 3.3371 2.7885 2.9559 27.8992 3.6492 3.4850 3.1603 2.7059 2.7383 3.6803 3.3945 2.7524 3.6464 
3.7221 2.9465 2.7806 3.6347 3.2789 3.2000 2.7296 2.9359 2.9470 13.4132 2.9954 2.5278 3.4805 2.6987 2.7925 3.3509 2.5348 3.1962 2.6409 
3.0491 3.5889 3.5119 2.5339 3.6062 3.1754 3.0489 2.5130 2.6128 3.1013 3.4183 3.6840 2.5729 3.1238 3.6417 2.6450 3.6157 2.8699 3.1635 
40
2
1 1 13 9 0 1 9
2 1 11 1 0 0 10
14
0 0 14 11 15 0 39 0 0 0
4 0 13 10 20 0 30 0 0 0
5 1 2 9 20 0 30 1 0 0
6 0 6 8 20 0 25 0 0 0
8 0 15 9 15 0 21 0 0 0
9 1 3 10 30 0 21 0 0 1
10 0 9 6 20 0 16 0 0 0
11 1 11 9 20 0 16 0 0 0
12 0 10 12 20 0 12 0 0 0
13 1 7 2 30 0 12 0 0 1
14 0 5 5 20 0 7 0 0 0
15 1 10 12 20 0 7 0 0 0
16 0 3 11 20 0 3 0 0 0
17 1 13 10 30 0 3 0 0 1
60 43
46 49 0 0 0 0
2
0 0 0 0
0 0 7 0
0
2.6506 3.0023 3.4323 3.1277 3.2853 2.6464 3.2230 2.7604 3.2566 2.7781 2.4987 3.0050 2.5360 3.3805 2.4736 3.3639 2.8419 3.5645 2.9495 
2.8053 3.1765 3.0530 3.0409 2.7669 3.0870 2.9243 3.5138 2.5940 3.4815 2.6839 3.0946 3.2664 3.4610 2.7005 2.4839 2.4857 3.5841 2.7815 
2.8812 2.6824 3.2029 3.3169 2.8835 2.8621 2.6982 2.9943 2.5239 10.4541 2.8913 3.5958 2.9804 3.2260 2.4616 2.8895 2.5250 2.6055 2.4875 
3.1247 2.8776 3.2964 3.5551 2.5992 2.6768 3.1815 3.1430 10.7860 11.1342 3.3365 3.1974 2.8452 2.8090 3.0457 3.2316 2.4523 2.9793 3.5659 
2.6249 3.4579 3.5136 2.7607 2.4708 2.8021 10.4672 10.5634 3.2509 2.6401 3.2619 2.5627 2.8938 2.8382 2.9216 2.9856 2.4656 3.5433 3.1319 
3.6027 3.4630 3.1498 2.4864 3.3374 10.3337 3.5871 2.6245 3.5705 2.5869 2.4752 3.3261 3.2974 3.0246 3.0223 2.5962 3.3509 2.4485 3.2104 
3.3697 2.6464 3.5002 2.6222 3.5867 10.9841 10.4742 3.4574 2.9011 2.5048 2.5595 2.5375 2.6361 2.5861 2.9501 2.7004 3.4118 3.3862 2.4867 
3.3225 2.9634 3.1765 3.5637 3.4034 3.0043 10.5654 3.4975 2.6074 3.0084 3.2188 2.4711 2.8640 2.9220 2.4418 3.0311 2.9898 2.9403 2.5102 
2.9672 2.9455 3.1473 2.5354 3.2721 10.1253 11.0894 3.4377 2.4420 2.8059 2.8992 2.4368 2.9942 2.6573 3.3256 2.5746 2.6028 2.6267 2.9723 
2.6716 3.4024 3.0254 3.0835 2.9620 2.4426 10.3530 3.3500 2.5309 3.5513 2.9167 3.3382 3.5734 3.3790 2.9464 2.5669 3.3955 2.6625 2.8580 
3.5547 2.7821 2.4995 3.1350 2.9779 10.1135 10.9366 2.8609 2.4377 2.8699 2.8204 3.5716 2.4526 2.4971 2.8757 2.9464 3.1564 2.4880 2.9696 
2.6393 2.7562 3.1858 2.9059 2.8834 2.7099 10.5236 10.5639 10.0467 10.9850 10.8226 2.6447 3.5654 3.2616 3.0246 3.3320 2.9964 2.8836 2.6257 
3.1544 2.6081 3.4923 2.5353 3.0328 2.6309 2.5667 2.7987 2.8147 3.5144 10.7548 2.6064 3.5887 3.5718 2.7402 3.1991 2.4927 2.9736 2.5802 
2.9431 3.1079 2.8043 3.0112 2.7893 2.5392 3.2218 3.2442 3.0781 2.5087 10.6187 2.8016 2.9186 2.4650 2.5600 2.9795 3.4049 3.4857 2.8564 
3.0181 2.9156 2.6410 3.0575 2.6894 2.6362 3.5056 2.8148 2.7502 2.6088 10.5938 10.6970 2.8835 2.4625 3.4998 2.9084 2.6495 2.8152 3.4178 
3.5013 3.3476 2.8431 3.4602 2.8255 3.0258 3.6009 2.7684 3.5866 10.9192 3.2152 11.0564 3.5485 2.4713 2.9639 2.9456 3.1836 2.5129 3.4767 
2.4844 2.5603 2.8668 2.6110 2.6112 2.7494 2.8462 3.2481 2.7367 10.9138 2.9983 3.1560 3.1314 2.6279 2.9504 2.5096 2.8390 3.0322 3.2693 
3.4675 3.6049 3.3613 3.1604 3.0748 2.5358 3.5987 2.6298 2.8257 3.5486 2.6060 2.5266 3.1411 3.0668 2.8077 3.1853 2.6625 2.5790 2.7346 
3.1940 3.0717 2.6629 2.8539 2.4970 2.7645 3.3174 2.5824 2.6201 2.6008 2.8660 3.2051 3.3006 2.6909 2.7929 3.1604 3.2339 2.6672 3.2773 
3.2056 2.9965 3.0628 2.8919 3.5306 3.5245 2.4922 3.4751 3.2625 3.3455 3.0580 3.3166 2.8457 2.5960 2.5130 3.3770 3.1139 2.8047 2.7442 
3.5419 2.8501 3.5493 3.5718 2.5336 2.9601 2.5499 2.8110 2.7337 3.5705 2.8484 3.2867 3.3027 2.7796 2.8809 3.0160 3.4906 3.4145 3.1505 
3.4366 2.4933 3.6111 3.3918 3.5106 3.1281 2.6856 2.5361 3.0456 37.5094 2.9504 2.6023 3.0458 2.6861 3.1904 3.5936 2.6004 3.1534 2.6039 
3.4068 2.7289 2.6668 3.3033 2.4794 3.3338 2.9648 12.5898 20.9267 37.5825 20.3529 10.4329 2.6583 3.1278 3.3129 3.3516 3.5992 2.4759 2.9524 
3.2152 2.8687 3.4921 3.0619 3.2509 3.3674 20.8282 20.2220 20.9700 2.9187 19.9543 11.0045 3.3327 2.8420 2.5384 2.9054 3.4791 2.9480 2.8322 
2.5017 3.1473 3.4467 2.5029 12.8551 20.8104 3.1663 3.1002 20.7053 3.5445 20.2744 3.1252 2.9806 3.1258 3.4381 3.1376 2.7206 2.9534 3.4712 
2.9451 2.7447 2.6258 2.6990 2.7422 20.1724 10.8157 3.0985 20.7408 3.3029 20.1990 3.5629 10.3700 2.8864 2.7820 2.9807 3.2670 2.4708 3.1226 
3.2496 2.5872 3.0240 3.3904 3.1885 3.5021 20.3471 20.4258 3.4774 10.5851 2.6978 19.9174 20.0799 3.3344 3.0936 3.5767 2.7800 3.4965 2.9601 
3.5499 3.6084 3.2194 3.0500 2.8863 12.7778 12.8034 3.2788 3.0526 10.9758 10.2298 2.7893 19.5699 10.1921 3.2193 3.1376 3.4632 3.5900 2.7927 
2.7206 3.4196 3.5242 3.1959 2.7755 3.3681 13.2200 3.0163 2.6744 2.4631 10.4124 2.7096 20.1090 3.1063 2.5176 3.0332 2.9875 2.6214 2.5460 
3.2806 3.3544 3.0707 3.4361 2.5642 2.4851 13.0023 3.4098 2.6358 10.5859 2.5793 3.3293 20.6165 2.6576 3.0442 2.7497 2.6115 2.5517 3.4345 
2.7988 3.2730 2.8226 2.7652 2.5227 2.6582 12.7476 13.5448 13.0922 10.1896 27.7175 20.3671 12.7673 3.2293 3.4184 2.8420 2.5499 3.0571 3.4628 
2.4929 2.5908 3.0288 2.6151 2.5105 2.8430 3.1592 3.4368 13.1881 3.5354 27.9159 3.3980 3.5632 2.6404 3.4922 2.6082 2.5231 3.4771 3.3359 
3.4765 2.7170 2.5277 3.2602 2.7377 3.1211 2.9787 2.6652 13.4797 2.6161 26.8254 2.9145 3.1524 3.4244 2.8655 2.6850 2.9133 2.7848 2.4920 
2.9583 3.2881 2.9016 3.1836 3.1914 3.4727 2.9303 2.7433 13.0410 2.4377 27.8504 11.9045 3.2362 2.4500 3.0793 3.3817 3.3689 3.4135 3.3720 
3.6065 3.2606 2.4787 2.9749 3.3089 2.6476 3.5110 3.1150 2.8668 36.8455 3.2845 3.3275 3.4204 2.6408 2.6206 3.3811 3.5220 2.7310 3.5238 
3.4354 3.1671 2.6946 3.0785 3.1289 3.1208 3.2400 2.7078 2.8702 37.0652 3.5427 3.3835 3.0685 2.6277 2.6592 3.5729 3.2957 2.6728 3.5400 
3.6134 2.8611 2.7002 3.5287 3.1835 3.1070 2.6507 2.8508 2.8616 13.0138 2.9085 2.4550 3.3791 2.6207 2.7117 3.2534 2.4618 3.1033 2.5647 
2.9606 3.4842 3.4095 2.4609 3.5010 3.0831 2.9604 2.4406 2.5374 3.0113 3.3188 3.5765 2.4987 3.0331 3.5354 2.5687 3.5102 2.7868 3.0716 
41
2
1 1 13 9 0 2 9
2 1 11 1 0 0 10
13
0 0 15 11 15 0 40 0 0 0
4 0 14 11 15 0 31 0 0 0
6 0 7 9 20 0 26 0 0 0
8 0 16 9 15 0 22 1 0 0
9 1 3 9 30 0 22 0 0 1
10 0 10 6 20 0 17 0 0 0
11 1 10 9 20 0 17 0 0 0
12 0 11 12 20 0 13 0 0 0
13 1 7 3 30 0 13 0 0 1
14 0 5 4 20 0 8 0 0 0
15 1 9 12 20 0 8 0 0 0
16 0 4 11 20 0 4 0 0 0
17 1 12 10 30 0 4 0 0 1
70 43
46 48 0 0 0 0
2
0 0 0 0
0 0 6 0
0
2.5741 2.9152 3.3323 3.0369 3.1897 2.5700 3.1293 2.6806 3.1619 2.6978 2.4267 2.9179 2.4629 3.2821 2.4024 3.2660 2.7596 3.4606 2.8640 
2.7241 3.0842 2.9644 2.9527 2.6869 2.9974 2.8396 3.4114 2.5192 3.3801 2.6064 3.0048 3.1714 3.3602 2.6225 2.4124 2.4141 3.4796 2.7011 
2.7978 2.6049 3.1098 3.2204 2.8000 2.7792 2.6203 2.9075 2.4512 20.1435 2.8076 3.4909 2.8940 3.1322 2.3908 2.8058 2.4523 2.5303 2.4159 
3.0340 2.7943 3.2005 3.4514 2.5242 2.5995 3.0891 3.0517 10.4654 20.8032 13.2394 3.1045 2.7628 2.7277 2.9573 3.1377 2.3817 2.8929 3.4619 
2.5492 3.3572 3.4112 2.6809 2.3997 2.7210 10.1562 10.2495 3.1564 2.5639 13.1670 2.4888 2.8100 2.7561 2.8370 2.8990 2.3946 3.4400 3.0409 
3.4976 3.3621 3.0583 2.4148 3.2403 10.0267 3.4825 2.5488 3.4664 2.5123 12.4039 3.2293 3.2015 2.9369 2.9346 2.5213 3.2534 2.3780 3.1171 
3.2716 2.5700 3.3982 2.5465 3.4821 10.6576 10.1630 3.3567 12.8171 2.4327 12.4857 2.4644 2.5600 2.5115 2.8646 2.6224 3.3124 3.2876 2.4151 
3.2258 2.8775 3.0842 3.4598 3.3043 2.9172 20.2514 13.3956 2.5322 12.9211 3.1252 2.4000 2.7811 2.8373 2.3715 2.9432 2.9031 2.8551 2.4379 
2.8812 2.8601 3.0559 2.4623 3.1769 9.8245 20.7597 3.3376 2.3717 2.7247 2.8152 2.3667 2.9074 2.5806 3.2288 2.5004 2.5277 2.5509 2.8861 
2.5945 3.3033 2.9376 2.9940 2.8761 2.3723 20.0454 3.2525 2.4580 3.4478 2.8322 3.2411 3.4692 3.2806 2.8610 2.4929 3.2966 2.5856 2.7753 
3.4511 2.7016 2.4275 3.0440 2.8916 9.8131 20.6115 2.7781 2.3676 2.7868 2.7388 3.4675 2.3820 2.4252 2.7924 2.8610 3.0647 2.4164 2.8835 
2.5631 2.6765 3.0932 2.8217 2.7999 2.6316 10.2109 20.2500 19.7483 10.6585 10.5009 2.5684 3.4614 3.1668 2.9369 3.2350 2.9095 2.8001 2.5499 
3.0628 2.5329 3.3905 2.4622 2.9448 2.5550 2.4927 2.7177 12.7333 3.4120 10.4352 2.5312 3.4840 3.4676 2.6610 3.1061 2.4209 2.8874 2.5058 
2.8578 3.0177 2.7232 2.9239 2.7086 2.4660 3.1281 3.1499 12.9888 2.4364 10.3031 2.7206 2.8340 2.3941 2.4862 2.8931 3.3058 3.3841 2.7737 
2.9306 2.8311 2.5648 2.9688 2.6117 2.5601 3.4034 12.7334 12.6707 2.5335 10.2790 10.3791 2.8000 2.3916 3.3978 2.8241 2.5730 2.7337 3.3183 
3.3993 3.2502 2.7608 3.3594 2.7437 2.9380 3.4959 2.6883 3.4820 20.5946 3.1217 10.7277 3.4450 2.4002 2.8780 2.8602 3.0911 2.4405 3.3754 
2.4129 2.4865 2.7838 2.5357 2.5359 2.6699 2.7638 3.1537 2.6576 20.5894 2.9114 3.0643 3.0405 2.5521 2.8649 2.4373 2.7568 2.9442 3.1742 
3.3665 3.4998 3.2635 3.0686 2.9856 2.4627 3.4937 2.5539 2.7439 3.4451 2.5308 2.4538 3.0499 2.9778 2.7265 3.0927 2.5856 2.5046 2.6556 
3.1012 2.9825 2.5860 2.7713 2.4251 2.6846 3.2209 2.5079 2.5445 2.5258 2.7830 3.1119 3.2046 2.6132 2.7121 3.0686 3.1399 2.5902 3.1820 
3.1124 2.9096 2.9739 2.8081 3.4277 3.4218 2.4204 3.3738 3.1676 3.2481 2.9693 3.2201 2.7633 2.5211 2.4406 3.2787 3.0235 2.7236 2.6649 
3.4386 2.7676 3.4458 3.4676 2.4606 2.8743 2.4764 2.7297 2.6547 3.4664 2.7659 3.1911 3.2066 2.6992 2.7975 2.9285 3.3889 3.3151 3.0590 
3.3365 2.4215 3.5058 3.2930 3.4083 3.0373 2.6080 2.4630 2.9572 36.3871 2.8649 2.5272 2.9574 2.6085 3.0977 3.4888 2.5254 3.0618 2.5288 
3.3076 2.6500 2.5898 3.2072 2.4080 3.2368 2.8789 12.2151 20.3019 36.4580 19.7453 10.1229 2.5816 3.0370 3.2165 3.2541 3.4942 2.4046 2.8668 
3.1217 2.7856 3.3903 2.9730 3.1564 3.2694 20.2064 19.6183 20.3439 2.8341 19.3587 10.6774 3.2357 2.7597 2.4652 2.8212 3.3777 2.8626 2.7502 
2.4296 3.0559 3.3463 2.4308 12.4724 20.1891 3.0743 3.0102 20.0871 3.4412 19.6692 3.0344 2.8942 3.0350 3.3380 3.0465 2.6420 2.8678 3.3701 
2.8597 2.6654 2.5500 2.6210 2.6629 19.5702 10.4942 3.0085 20.1216 3.2068 19.5960 3.4590 10.0619 2.8028 2.7015 2.8943 3.1720 2.3997 3.0319 
3.1551 2.5126 2.9363 3.2917 3.0958 3.4000 19.7397 19.8160 3.3761 10.2705 2.6199 19.3229 19.4805 3.2374 3.0038 3.4724 2.6996 3.3946 2.8743 
3.4464 3.5031 3.1258 2.9615 2.8027 12.3975 12.4223 3.1834 2.9640 10.6495 9.9259 2.7086 18.9858 9.8893 3.1257 3.0465 3.3623 3.4853 2.7119 
2.6420 3.3200 3.4215 3.1030 2.6952 3.2701 12.8264 2.9288 2.5972 2.3922 10.1030 2.6313 19.5087 3.0161 2.4451 2.9452 2.9009 2.5458 2.4726 
3.1852 3.2568 2.9816 3.3360 2.4903 2.4135 12.6152 3.3105 2.5597 10.2713 2.5049 3.2324 20.0010 2.5809 2.9559 2.6702 2.5362 2.4781 3.3345 
2.7178 3.1778 2.7409 2.6852 2.4500 2.5815 12.3682 13.1415 12.7024 9.8869 26.8890 19.7591 12.3873 3.1354 3.3188 2.7597 2.4764 2.9684 3.3619 
2.4211 2.5161 2.9409 2.5396 2.4382 2.7607 3.0674 3.3367 12.7955 3.4323 27.0814 3.2991 3.4593 2.5642 3.3904 2.5330 2.4504 3.3758 3.2388 
3.3752 2.6385 2.4549 3.1654 2.6586 3.0305 2.8923 2.5882 13.0783 2.5406 26.0236 2.8301 3.0608 3.3247 2.7825 2.6075 2.8289 2.7043 2.4202 
2.8726 3.1925 2.8176 3.0911 3.0987 3.3715 2.8454 2.6640 12.6528 2.3676 27.0179 11.5504 3.1421 2.3795 2.9899 3.2832 3.2708 3.3141 3.2738 
3.5013 3.1658 2.4073 2.8887 3.2126 2.5712 3.4087 3.0246 2.7838 35.7431 3.1890 3.2307 3.3208 2.5646 2.5450 3.2827 3.4193 2.6521 3.4211 
3.3353 3.0751 2.6168 2.9891 3.0380 3.0302 3.1458 2.6296 2.7871 35.9562 3.4394 3.2850 2.9794 2.5519 2.5824 3.4687 3.1998 2.5956 3.4368 
3.5080 2.7783 2.6222 3.4258 3.0910 3.0168 2.5742 2.7683 2.7788 12.6264 2.8242 2.3844 3.2807 2.5451 2.6333 3.1588 2.3909 3.0132 2.4908 
2.8748 3.3827 3.3102 2.3901 3.3990 2.9936 2.8746 2.3704 2.4643 2.9240 3.2222 3.4722 2.4267 2.9451 3.4323 2.4946 3.4079 2.7062 2.9825 
42
2
1 1 13 9 0 1 9
2 1 11 1 0 0 10
14
0 0 14 10 15 0 41 0 0 0
4 0 14 10 15 0 32 0 0 0
6 0 8 9 20 0 27 0 0 0
9 1 3 8 30 0 23 0 0 1
10 0 11 7 20 0 18 0 0 0
11 1 9 8 20 0 18 0 0 0
12 0 12 13 20 0 14 0 0 0
13 1 6 3 30 0 14 0 0 1
14 0 6 3 20 0 9 0 0 0
15 1 8 12 20 0 9 0 0 0
16 0 4 12 20 0 5 0 0 0
17 1 11 10 30 0 5 0 0 1
18 0 2 9 20 0 0 0 0 0
19 1 16 9 20 0 0 0 0 0
73 46
46 48 0 0 0 0
2
0 0 0 0
0 0 5 0
0
2.4999 2.8307 3.2353 2.9488 3.0970 2.4959 3.0384 2.6032 3.0700 2.6199 2.3569 2.8334 2.3920 3.1866 2.3333 3.1710 2.6798 3.3598 2.7811 
2.6454 2.9947 2.8785 2.8671 2.6093 2.9105 2.7574 3.3121 2.4466 3.2817 2.5312 2.9177 3.0793 3.2624 2.5468 2.3430 2.3447 3.3782 2.6231 
2.7169 2.5298 3.0195 3.1268 2.7190 2.6988 2.5447 2.8233 2.3807 19.5422 2.7264 3.3892 2.8102 3.0412 2.3221 2.7246 2.3817 2.4574 2.3464 
2.9460 2.7135 3.1075 3.3509 2.4515 2.5245 2.9994 2.9631 10.1544 20.1821 12.8452 3.0144 2.6829 2.6489 2.8716 3.0466 2.3132 2.8091 3.3610 
2.4757 3.2595 3.3119 2.6035 2.3307 2.6424 9.8545 9.9450 3.0647 2.4900 12.7750 2.4171 2.7287 2.6764 2.7549 2.8150 2.3258 3.3398 2.9527 
3.3957 3.2642 2.9696 2.3454 3.1461 9.7289 3.3810 2.4753 3.3654 2.4399 12.0348 3.1354 3.1085 2.8518 2.8496 2.4487 3.1588 2.3097 3.0266 
3.1765 2.4959 3.2993 2.4731 3.3806 10.3409 9.8611 3.2590 12.4356 2.3627 12.1141 2.3935 2.4862 2.4392 2.7817 2.5467 3.2160 3.1920 2.3456 
3.1320 2.7942 2.9947 3.3590 3.2082 2.8327 19.6469 12.9967 2.4592 12.5365 3.0344 2.3310 2.7007 2.7552 2.3034 2.8579 2.8190 2.7724 2.3678 
2.7978 2.7773 2.9672 2.3914 3.0846 9.5328 20.1399 3.2405 2.3035 2.6460 2.7337 2.2987 2.8232 2.5062 3.1349 2.4284 2.4549 2.4774 2.8025 
2.5197 3.2072 2.8525 2.9072 2.7928 2.3041 19.4470 3.1579 2.3873 3.3474 2.7502 3.1469 3.3681 3.1852 2.7782 2.4211 3.2007 2.5110 2.6950 
3.3506 2.6236 2.3577 2.9557 2.8079 9.5217 19.9962 2.6978 2.2996 2.7062 2.6596 3.3665 2.3135 2.3554 2.7116 2.7782 2.9758 2.3469 2.8000 
2.4892 2.5992 3.0034 2.7400 2.7189 2.5557 9.9076 19.6455 19.1589 10.3417 10.1889 2.4943 3.3606 3.0748 2.8518 3.1410 2.8252 2.7191 2.4764 
2.9739 2.4599 3.2918 2.3913 2.8595 2.4814 2.4209 2.6392 12.3543 3.3126 10.1251 2.4583 3.3825 3.3666 2.5842 3.0159 2.3513 2.8038 2.4336 
2.7751 2.9302 2.6445 2.8392 2.6303 2.3950 3.0373 3.0584 12.6021 2.3663 9.9970 2.6420 2.7520 2.3253 2.4146 2.8093 3.2096 3.2856 2.6935 
2.8457 2.7492 2.4909 2.8827 2.5363 2.4863 3.3043 12.3544 12.2936 2.4605 9.9736 10.0707 2.7190 2.3229 3.2989 2.7424 2.4988 2.6547 3.2218 
3.3003 3.1557 2.6810 3.2616 2.6644 2.8529 3.3940 2.6107 3.3805 19.9798 3.0310 10.4089 3.3447 2.3312 2.7947 2.7774 3.0014 2.3703 3.2771 
2.3435 2.4149 2.7033 2.4626 2.4628 2.5928 2.6839 3.0621 2.5809 19.9747 2.8271 2.9754 2.9523 2.4785 2.7820 2.3672 2.6771 2.8589 3.0820 
3.2685 3.3978 3.1686 2.9795 2.8990 2.3918 3.3919 2.4803 2.6646 3.3447 2.4579 2.3832 2.9614 2.8915 2.6477 3.0029 2.5110 2.4325 2.5789 
3.0112 2.8960 2.5114 2.6912 2.3553 2.6071 3.1273 2.4357 2.4712 2.4530 2.7025 3.0215 3.1115 2.5378 2.6337 2.9795 3.0487 2.5155 3.0895 
3.0220 2.8253 2.8877 2.7269 3.3279 3.3221 2.3508 3.2756 3.0756 3.1537 2.8832 3.1265 2.6834 2.4485 2.3704 3.1833 2.9358 2.6449 2.5880 
3.3384 2.6876 3.3454 3.3666 2.3898 2.7911 2.4051 2.6508 2.5781 3.3654 2.6859 3.0984 3.1134 2.6212 2.7166 2.8436 3.2902 3.2186 2.9702 
3.2394 2.3519 3.4036 3.1972 3.3091 2.9492 2.5328 2.3921 2.8715 35.2985 2.7820 2.4544 2.8717 2.5332 3.0078 3.3871 2.4526 2.9729 2.4559 
3.2114 2.5735 2.5151 3.1140 2.3388 3.1427 2.7955 11.8516 19.6958 35.3673 19.1559 9.8222 2.5072 2.9489 3.1230 3.1595 3.3924 2.3355 2.7838 
3.0310 2.7050 3.2916 2.8868 3.0647 3.1743 19.6032 19.0328 19.7366 2.7521 18.7809 10.3601 3.1416 2.6799 2.3942 2.7396 3.2794 2.7797 2.6707 
2.3597 2.9672 3.2489 2.3609 12.1012 19.5864 2.9851 2.9229 19.4875 3.3410 19.0821 2.9464 2.8104 2.9470 3.2409 2.9581 2.5657 2.7848 3.2720 
2.7769 2.5884 2.4765 2.5454 2.5860 18.9861 10.1824 2.9212 19.5210 3.1136 19.0111 3.3582 9.7630 2.7217 2.6235 2.8105 3.0798 2.3307 2.9439 
3.0634 2.4402 2.8512 3.1959 3.0059 3.3010 19.1505 19.2245 3.2778 9.9654 2.5443 18.7462 18.8991 3.1433 2.9167 3.3712 2.6216 3.2958 2.7911 
3.3460 3.4010 3.0350 2.8757 2.7216 12.0286 12.0526 3.0909 2.8781 10.3330 9.6311 2.6303 18.4192 9.5956 3.0349 2.9581 3.2644 3.3837 2.6335 
2.5657 3.2234 3.3219 3.0129 2.6173 3.1750 12.4446 2.8439 2.5223 2.3234 9.8029 2.5554 18.9264 2.9286 2.3747 2.8598 2.8169 2.4724 2.4014 
3.0926 3.1621 2.8952 3.2389 2.4186 2.3441 12.2397 3.2142 2.4859 9.9662 2.4328 3.1384 19.4040 2.5065 2.8702 2.5931 2.4631 2.4068 3.2375 
2.6393 3.0855 2.6617 2.6076 2.3795 2.5071 12.0002 12.7503 12.3243 9.5933 26.0853 19.1693 12.0187 3.0443 3.2222 2.6799 2.4051 2.8823 3.2640 
2.3515 2.4436 2.8557 2.4664 2.3681 2.6809 2.9784 3.2396 12.4146 3.3323 26.2720 3.2031 3.3585 2.4903 3.2917 2.4600 2.3799 3.2775 3.1446 
3.2769 2.5623 2.3843 3.0734 2.5818 2.9426 2.8085 2.5136 12.6890 2.4674 25.2459 2.7482 2.9720 3.2280 2.7020 2.5323 2.7470 2.6262 2.3506 
2.7894 3.0997 2.7361 3.0014 3.0087 3.2734 2.7630 2.5871 12.2762 2.2996 26.2104 11.2069 3.0508 2.3111 2.9032 3.1877 3.1757 3.2177 3.1786 
3.3993 3.0738 2.3381 2.8050 3.1192 2.4971 3.3094 2.9369 2.7033 34.6738 3.0963 3.1368 3.2242 2.4907 2.4717 3.1872 3.3197 2.5755 3.3215 
3.2382 2.9858 2.5413 2.9024 2.9499 2.9423 3.0544 2.5537 2.7065 34.8805 3.3392 3.1895 2.8930 2.4783 2.5079 3.3676 3.1068 2.5207 3.3367 
3.4058 2.6980 2.5465 3.3260 3.0013 2.9293 2.5000 2.6883 2.6984 12.2506 2.7425 2.3159 3.1853 2.4717 2.5573 3.0670 2.3222 2.9258 2.4191 
2.7916 3.2842 3.2139 2.3214 3.3000 2.9068 2.7914 2.3023 2.3934 2.8393 3.1285 3.3710 2.3569 2.8597 3.3323 2.4228 3.3087 2.6280 2.8960 
43
2
1 1 13 9 0 0 9
2 1 11 1 0 0 10
14
0 0 15 9 15 0 42 0 0 0
4 0 15 9 15 0 33 0 0 0
6 0 8 8 20 0 28 0 0 0
9 1 4 7 30 0 24 0 0 1
10 0 11 8 20 0 19 0 0 0
11 1 8 8 20 0 19 0 0 0
12 0 13 13 20 0 15 0 0 0
13 1 5 4 30 0 15 0 0 1
14 0 5 2 20 0 10 0 0 0
15 1 7 12 20 0 10 0 0 0
16 0 5 13 20 0 6 0 0 0
17 1 11 9 30 0 6 0 0 1
18 0 3 9 20 0 1 0 0 0
19 1 15 9 20 0 1 0 0 0
73 46
46 48 0 0 0 0
2
0 0 0 0
0 0 4 0
0
2.4279 2.7488 3.1412 2.8633 3.0071 2.4240 2.9502 2.5281 2.9809 2.5443 2.2892 2.7514 2.3232 3.0940 2.2663 3.0789 2.6024 3.2620 2.7007 
2.5690 2.9079 2.7951 2.7841 2.5340 2.8262 2.6777 3.2157 2.3762 3.1862 2.4583 2.8332 2.9899 3.1675 2.4734 2.2757 2.2774 3.2799 2.5474 
2.6384 2.4569 2.9319 3.0360 2.6404 2.6208 2.4714 2.7416 2.3123 18.9589 2.6476 3.2905 2.7289 2.9530 2.2554 2.6459 2.3132 2.3867 2.2790 
2.8606 2.6351 3.0173 3.2534 2.3810 2.4518 2.9124 2.8772 9.8528 19.5796 12.4628 2.9270 2.6054 2.5724 2.7885 2.9582 2.2468 2.7278 3.2632 
2.4044 3.1647 3.2155 2.5284 2.2638 2.5661 9.5619 9.6497 2.9758 2.4183 12.3948 2.3476 2.6498 2.5991 2.6753 2.7336 2.2590 3.2426 2.8671 
3.2968 3.1693 2.8835 2.2780 3.0547 9.4400 3.2826 2.4040 3.2674 2.3697 11.6768 3.0443 3.0182 2.7692 2.7671 2.3782 3.0670 2.2434 2.9388 
3.0842 2.4240 3.2033 2.4019 3.2822 10.0337 9.5683 3.1642 12.0655 2.2948 11.7537 2.3247 2.4146 2.3690 2.7012 2.4733 3.1225 3.0992 2.2782 
3.0410 2.7134 2.9079 3.2612 3.1150 2.7507 19.0605 12.6098 2.3884 12.1634 2.9464 2.2641 2.6227 2.6755 2.2373 2.7752 2.7374 2.6922 2.2998 
2.7169 2.6970 2.8812 2.3227 2.9951 9.2498 19.5387 3.1463 2.2374 2.5696 2.6547 2.2327 2.7415 2.4340 3.0439 2.3585 2.3843 2.4061 2.7214 
2.4471 3.1140 2.7699 2.8230 2.7120 2.2380 18.8666 3.0662 2.3187 3.2500 2.6707 3.0555 3.2701 3.0926 2.6979 2.3515 3.1077 2.4387 2.6172 
3.2531 2.5479 2.2900 2.8700 2.7267 9.2390 19.3993 2.6199 2.2336 2.6280 2.5828 3.2685 2.2471 2.2877 2.6333 2.6979 2.8895 2.2795 2.7190 
2.4175 2.5242 2.9163 2.6608 2.6403 2.4820 9.6134 19.0591 18.5871 10.0344 9.8862 2.4225 3.2628 2.9856 2.7692 3.0498 2.7434 2.6405 2.4051 
2.8877 2.3891 3.1960 2.3226 2.7767 2.4100 2.3513 2.5630 11.9867 3.2162 9.8243 2.3876 3.2840 3.2686 2.5097 2.9284 2.2838 2.7227 2.3636 
2.6948 2.8453 2.5682 2.7570 2.5544 2.3262 2.9492 2.9696 12.2270 2.2983 9.7001 2.5657 2.6724 2.2585 2.3452 2.7280 3.1163 3.1900 2.6157 
2.7633 2.6697 2.4192 2.7992 2.4632 2.4147 3.2082 11.9868 11.9278 2.3897 9.6774 9.7716 2.6404 2.2562 3.2029 2.6631 2.4268 2.5781 3.1281 
3.2043 3.0640 2.6036 3.1668 2.5875 2.7703 3.2952 2.5354 3.2821 19.3834 2.9431 10.0996 3.2474 2.2643 2.7139 2.6971 2.9144 2.3022 3.1818 
2.2762 2.3455 2.6252 2.3917 2.3919 2.5180 2.6064 2.9732 2.5065 19.3785 2.7453 2.8891 2.8667 2.4071 2.7015 2.2992 2.5998 2.7761 2.9925 
3.1734 3.2989 3.0765 2.8931 2.8150 2.3230 3.2931 2.4089 2.5877 3.2474 2.3872 2.3147 2.8756 2.8078 2.5713 2.9158 2.4387 2.3625 2.5045 
2.9239 2.8121 2.4391 2.6135 2.2876 2.5319 3.0365 2.3656 2.4001 2.3824 2.6244 2.9339 3.0212 2.4647 2.5577 2.8931 2.9602 2.4430 2.9998 
2.9343 2.7435 2.8041 2.6481 3.2311 3.2254 2.2833 3.1803 2.9863 3.0621 2.7997 3.0357 2.6059 2.3780 2.3023 3.0908 2.8507 2.5686 2.5134 
3.2412 2.6100 3.2480 3.2686 2.3211 2.7104 2.3359 2.5743 2.5038 3.2674 2.6083 3.0084 3.0230 2.5456 2.6381 2.7613 3.1945 3.1250 2.8841 
3.1452 2.2843 3.3045 3.1043 3.2128 2.8637 2.4598 2.3233 2.7884 34.2425 2.7015 2.3838 2.7885 2.4602 2.9206 3.2885 2.3820 2.8867 2.3852 
3.1181 2.4993 2.4426 3.0236 2.2716 3.0514 2.7146 11.4991 19.1079 34.3093 18.5842 9.5305 2.4350 2.8634 3.0323 3.0677 3.2936 2.2684 2.7033 
2.9431 2.6269 3.1959 2.8032 2.9758 3.0821 19.0181 18.4648 19.1475 2.6725 18.2205 10.0523 3.0504 2.6025 2.3254 2.6604 3.1840 2.6993 2.5936 
2.2919 2.8812 3.1544 2.2931 11.7412 19.0018 2.8985 2.8382 18.9059 3.2438 18.5126 2.8610 2.7291 2.8616 3.1467 2.8724 2.4917 2.7043 3.1768 
2.6966 2.5137 2.4052 2.4720 2.5114 18.4195 9.8799 2.8366 18.9384 3.0232 18.4438 3.2605 9.4731 2.6430 2.5478 2.7292 2.9904 2.2638 2.8586 
2.9745 2.3700 2.7687 3.1030 2.9187 3.2050 18.5790 18.6508 3.1825 9.6694 2.4710 18.1868 18.3351 3.0520 2.8322 3.2731 2.5460 3.1999 2.7104 
3.2486 3.3020 2.9470 2.7924 2.6430 11.6707 11.6940 3.0012 2.7948 10.0260 9.3452 2.5544 17.8696 9.3107 2.9469 2.8724 3.1695 3.2852 2.5575 
2.4917 3.1297 3.2252 2.9255 2.5418 3.0828 12.0743 2.7616 2.4496 2.2567 9.5118 2.4817 18.3616 2.8437 2.3065 2.7770 2.7354 2.4012 2.3324 
3.0028 3.0702 2.8113 3.1447 2.3490 2.2768 11.8755 3.1208 2.4143 9.6702 2.3628 3.0472 18.8249 2.4343 2.7871 2.5183 2.3922 2.3376 3.1434 
2.5631 2.9959 2.5848 2.5324 2.3111 2.4349 11.6432 12.3708 11.9576 9.3085 25.3057 18.5972 11.6611 2.9560 3.1285 2.6025 2.3359 2.7988 3.1691 
2.2840 2.3733 2.7730 2.3954 2.3001 2.6035 2.8920 3.1454 12.0452 3.2353 25.4868 3.1100 3.2607 2.4186 3.1959 2.3892 2.3115 3.1822 3.0533 
3.1816 2.4884 2.3158 2.9842 2.5073 2.8573 2.7272 2.4412 12.3113 2.3964 24.4915 2.6688 2.8858 3.1342 2.6239 2.4593 2.6676 2.5504 2.2831 
2.7087 3.0097 2.6570 2.9144 2.9214 3.1782 2.6831 2.5125 11.9109 2.2336 25.4271 10.8737 2.9623 2.2448 2.8191 3.0951 3.0834 3.1242 3.0862 
3.3003 2.9846 2.2710 2.7239 3.0286 2.4252 3.2131 2.8518 2.6252 33.6366 3.0064 3.0457 3.1305 2.4190 2.4005 3.0946 3.2231 2.5012 3.2249 
3.1441 2.8992 2.4681 2.8183 2.8644 2.8570 2.9658 2.4801 2.6283 33.8371 3.2420 3.0968 2.8092 2.4070 2.4357 3.2696 3.0166 2.4481 3.2396 
3.3066 2.6201 2.4731 3.2292 2.9143 2.8444 2.4280 2.6107 2.6204 11.8861 2.6632 2.2494 3.0927 2.4005 2.4836 2.9780 2.2555 2.8410 2.3495 
2.7109 3.1887 3.1205 2.2548 3.2040 2.8226 2.7107 2.2362 2.3246 2.7571 3.0376 3.2729 2.2892 2.7769 3.2353 2.3531 3.2124 2.5522 2.8121 
44
2
1 1 13 9 0 0 9
2 1 11 1 0 0 10
14
0 0 16 9 15 0 43 1 0 0
4 0 16 9 15 0 34 1 0 0
6 0 9 8 20 0 29 0 0 0
9 1 4 8 30 0 25 0 0 1
10 0 11 9 20 0 20 0 0 0
11 1 8 9 20 0 20 0 0 0
12 0 12 14 20 0 16 0 0 0
13 1 5 5 30 0 16 0 0 1
14 0 5 1 20 0 11 0 0 0
15 1 7 11 20 0 11 0 0 0
16 0 6 13 20 0 7 0 0 0
17 1 10 9 30 0 7 0 0 1
18 0 3 8 20 0 2 0 0 0
19 1 14 10 20 0 2 0 0 0
96 49
46 46 0 0 0 0
2
0 0 0 0
0 0 3 0
0
2.3581 2.6693 3.0500 2.7804 2.9199 2.3543 2.8647 2.4553 2.8945 2.4710 2.2235 2.6719 2.2565 3.0042 2.2013 2.9895 2.5273 3.1671 2.6227 
2.4949 2.8237 2.7142 2.7036 2.4610 2.7444 2.6004 3.1222 2.3079 3.0936 2.3876 2.7512 2.9032 3.0755 2.4022 2.2104 2.2121 3.1845 2.4740 
2.5622 2.3862 2.8469 2.9479 2.5642 2.5452 2.4003 2.6624 2.2459 38.3931 2.5712 3.1948 2.6500 2.8674 2.1907 2.5695 2.2468 2.3181 2.2136 
2.7778 2.5590 2.9298 3.1588 2.3126 2.3812 2.8280 2.7939 9.5602 38.9952 32.0919 2.8422 2.5302 2.4982 2.7078 2.8725 2.1824 2.6490 3.1683 
2.3353 3.0728 3.1220 2.4555 2.1989 2.4921 9.2780 9.3632 2.8895 2.3488 32.0260 2.2802 2.5733 2.5241 2.5980 2.6546 2.1942 3.1483 2.7841 
3.2009 3.0772 2.8000 2.2127 2.9661 9.1598 3.1871 2.3349 3.1724 2.3016 31.3295 2.9560 2.9307 2.6891 2.6871 2.3099 2.9780 2.1791 2.8536 
2.9947 2.3543 3.1102 2.3328 3.1867 9.7357 9.2843 3.0723 11.7065 2.2290 31.4041 2.2580 2.3452 2.3009 2.6232 2.4021 3.0318 3.0092 2.2129 
2.9528 2.6350 2.8237 3.1664 3.0246 2.6712 18.4917 12.2345 2.3197 31.8015 2.8610 2.1992 2.5470 2.5982 2.1732 2.6949 2.6583 2.6144 2.2338 
2.6384 2.6191 2.7978 2.2560 2.9082 8.9753 18.9555 3.0549 12.1733 22.4955 12.5781 2.1687 2.6623 2.3640 2.9556 2.2907 2.3158 2.3369 2.6428 
2.3767 3.0236 2.6898 2.7413 2.6336 2.1739 18.3036 2.9772 12.2521 3.1555 12.5936 2.9668 3.1750 3.0028 2.6200 2.2840 3.0175 2.3685 2.5417 
3.1585 2.4745 2.2243 2.7869 2.6479 8.9648 18.8203 2.5443 2.1696 22.5522 2.5083 3.1734 2.1827 2.2221 2.5573 2.6200 2.8058 2.2141 2.6404 
2.3480 2.4515 2.8318 2.5840 2.5641 2.4105 19.3280 28.4903 28.0325 29.7364 29.5926 2.3528 3.1679 2.8990 2.6891 2.9613 2.6641 2.5643 2.3359 
2.8041 2.3204 3.1031 2.2559 12.6964 12.3407 2.2838 2.4891 11.6301 3.1227 29.5326 2.3190 3.1885 3.1735 2.4374 2.8435 2.2183 2.6440 2.2957 
2.6170 2.7629 2.4942 2.6773 12.4808 2.2594 2.8637 2.8835 11.8632 2.2324 29.4121 2.4917 12.5952 12.1937 12.2778 2.6492 3.0258 3.0973 2.5402 
2.6834 2.5926 2.3496 2.7182 12.3923 2.3453 3.1150 11.6302 21.5730 2.3210 29.3901 29.4815 2.5642 2.1915 13.1098 2.5862 2.3570 2.5038 3.0373 
3.1112 2.9751 2.5285 13.0748 12.5129 2.6902 13.1993 12.4623 3.1866 38.8049 2.8578 29.7996 13.1530 2.1994 12.6355 12.6192 2.8300 2.2361 3.0893 
2.2109 2.2781 2.5494 2.3229 2.3231 12.4455 12.5312 2.8870 2.4343 38.8001 2.6659 2.8054 12.7837 12.3379 2.6235 2.2332 2.5248 2.6958 2.9057 
3.0812 3.2029 2.9872 2.8093 2.7336 2.2563 3.1973 2.3396 2.5131 3.1530 2.3186 2.2483 2.7923 2.7266 2.4972 2.8313 2.3685 2.2946 2.4324 
2.8392 2.7307 2.3689 2.5381 2.2220 2.4589 2.9484 2.2976 2.3311 2.3139 2.5487 2.8489 2.9336 2.3938 2.4840 2.8093 2.8744 2.3727 2.9128 
2.8493 2.6642 2.7230 2.5717 3.1372 3.1316 2.2178 3.0879 2.8997 2.9732 2.7187 2.9476 2.5307 2.3097 2.2362 3.0011 2.7682 2.4945 2.4410 
3.1470 2.5347 3.1536 3.1735 2.2545 2.6321 2.2688 2.5001 2.4317 3.1724 2.5331 2.9211 2.9353 2.4722 2.5620 2.6815 3.1017 3.0343 2.8006 
3.0538 2.2188 3.2084 3.0142 3.1194 2.7808 2.3890 2.2566 2.7077 33.2182 2.6235 2.3153 2.7078 2.3894 2.8360 3.1928 2.3135 2.8031 2.3166 
3.0276 2.4273 2.3723 2.9359 2.2065 2.9629 2.6362 11.1571 18.5377 33.2830 18.0297 9.2476 2.3650 2.7805 2.9443 2.9787 3.1978 2.2033 2.6252 
2.8578 2.5511 3.1030 2.7221 2.8895 2.9926 18.4506 17.9139 18.5761 2.5953 17.6769 9.7537 2.9619 2.5274 2.2586 2.5836 3.0915 2.6213 2.5188 
2.2261 2.7978 3.0628 2.2273 11.3920 18.4347 2.8145 2.7561 18.3417 3.1495 17.9602 2.7782 2.6502 2.7788 3.0553 2.7892 2.4199 2.6262 3.0845 
2.6187 2.4413 2.3360 2.4008 2.4391 17.8699 9.5865 2.7545 18.3732 2.9355 17.8935 3.1657 9.1919 2.5667 2.4744 2.6503 2.9037 2.1989 2.7758 
2.8883 2.3019 2.6886 3.0129 2.8341 3.1119 18.0246 18.0943 3.0900 9.3823 2.3999 17.6442 17.7880 2.9634 2.7502 3.1779 2.4726 3.1069 2.6321 
3.1541 3.2059 2.8616 2.7116 2.5667 11.3236 11.3462 2.9142 2.7140 9.7282 9.0678 2.4808 17.3365 9.0344 2.8615 2.7892 3.0774 3.1896 2.4838 
2.4199 3.0388 3.1314 2.8407 2.4685 2.9933 11.7151 2.6818 2.3791 2.1920 9.2294 2.4102 17.8138 2.7614 2.2403 2.6967 2.6563 2.3322 2.2654 
2.9157 2.9811 2.7300 3.0534 2.2815 2.2115 11.5222 3.0302 2.3449 9.3831 2.2949 2.9588 18.2632 2.3643 2.7065 2.4458 2.3234 2.2705 3.0521 
2.4892 2.9090 2.5103 2.4594 2.2448 2.3649 11.2969 12.0027 11.6019 9.0322 24.5495 18.0423 11.3143 2.8703 3.0376 2.5274 2.2688 2.7178 3.0770 
2.2185 2.3051 2.6928 2.3265 2.2341 2.5284 2.8082 3.0540 11.6868 3.1412 24.7252 3.0197 3.1659 2.3490 3.1030 2.3205 2.2452 3.0897 2.9647 
3.0892 2.4167 2.2493 2.8977 2.4351 2.7746 2.6484 2.3710 11.9450 2.3275 23.7598 2.5917 2.8022 3.0432 2.5482 2.3885 2.5906 2.4769 2.2176 
2.6304 2.9224 2.5803 2.8300 2.8368 3.0859 2.6056 2.4401 11.5566 2.1696 24.6673 10.5505 2.8764 2.1805 2.7375 3.0052 2.9939 3.0335 2.9966 
3.2043 2.8981 2.2059 2.6452 2.9407 2.3554 3.1197 2.7692 2.5494 32.6305 2.9192 2.9573 3.0396 2.3494 2.3315 3.0048 3.1294 2.4292 3.1312 
3.0528 2.8152 2.3971 2.7368 2.7815 2.7743 2.8798 2.4087 2.5525 32.8250 3.1477 3.0069 2.7279 2.3378 2.3656 3.1745 2.9291 2.3777 3.1454 
3.2104 2.5445 2.4019 3.1353 2.8299 2.7621 2.3582 2.5354 2.5448 11.5325 2.5863 2.1849 3.0029 2.3315 2.4121 2.8917 2.1908 2.7588 2.2820 
2.6326 3.0960 3.0299 2.1902 3.1109 2.7409 2.6324 2.1721 2.2579 2.6774 2.9495 3.1777 2.2235 2.6966 3.1412 2.2855 3.1190 2.4786 2.7307 
45
3
1 1 13 9 0 0 9
2 1 11 1 0 0 10
3 0 8 11 0 1 10
12
6 0 10 9 20 0 30 0 0 0
9 1 5 8 30 0 26 0 0 1
10 0 11 10 20 0 21 0 0 0
11 1 7 9 20 0 21 0 0 0
12 0 13 14 20 0 17 0 0 0
13 1 4 6 30 0 17 0 0 1
14 0 5 0 20 0 12 0 0 0
15 1 6 10 20 0 12 0 0 0
16 0 6 12 20 0 8 0 0 0
17 1 9 8 30 0 8 0 0 1
18 0 4 7 20 0 3 0 0 0
19 1 13 10 20 0 3 0 0 0
21 49
46 46 0 0 0 0
2
0 0 0 24
0 0 2 0
0
2.2904 2.5922 2.9615 2.7000 2.8353 2.2867 2.7818 2.3846 2.8107 2.3999 2.1598 2.5947 2.1918 2.9171 2.1383 2.9028 2.4545 3.0751 2.5470 
2.4231 2.7420 2.6358 2.6255 2.3902 2.6651 2.5254 3.0315 2.2417 3.0038 2.3190 2.6717 2.8191 2.9862 2.3331 2.1471 2.1487 3.0920 2.4028 
2.4883 2.3176 2.7645 2.8625 2.4903 2.4718 2.3313 2.5855 2.1815 37.2443 2.4971 3.1020 2.5735 2.7844 2.1280 2.4954 2.1824 2.2516 2.1502 
2.6975 2.4852 2.8449 3.0670 2.2462 2.3128 2.7462 2.7131 9.2764 37.8283 31.1321 2.7599 2.4573 2.4263 2.6296 2.7893 2.1199 2.5725 3.0763 
2.2682 2.9836 3.0313 2.3848 2.1359 2.4203 9.0027 9.0853 2.8058 2.2813 31.0682 2.2148 2.4991 2.4514 2.5231 2.5780 2.1314 3.0569 2.7036 
3.1079 2.9879 2.7190 2.1493 2.8801 8.8880 3.0945 2.2679 3.0802 2.2356 30.3926 2.8703 2.8458 2.6114 2.6095 2.2436 2.8917 2.1167 2.7710 
2.9079 2.2867 3.0199 2.2658 3.0941 9.4466 9.0088 2.9831 11.3583 2.1651 30.4650 2.1933 2.2778 2.2349 2.5475 2.3330 2.9438 2.9219 2.1495 
2.8672 2.5590 2.7420 3.0744 2.9369 2.5941 17.9399 11.8705 2.2531 30.8505 2.7782 2.1362 2.4736 2.5233 2.1110 2.6171 2.5816 2.5390 2.1698 
2.5622 2.5435 2.7169 2.1913 2.8240 8.7090 18.3898 2.9663 11.8111 21.8236 12.2038 2.1066 2.5854 2.2961 2.8699 2.2250 2.2493 2.2698 2.5665 
2.3084 2.9359 2.6121 2.6621 2.5576 2.1117 17.7575 2.8909 11.8875 3.0638 12.2188 2.8808 3.0828 2.9157 2.5444 2.2185 2.9300 2.3004 2.4684 
3.0667 2.4033 2.1606 2.7063 2.5715 8.6989 18.2587 2.4710 2.1075 21.8786 2.4361 3.0812 2.1202 2.1584 2.4836 2.5444 2.7246 2.1507 2.5642 
2.2806 2.3810 2.7498 2.5095 2.4902 2.3412 18.7512 27.6386 27.1945 28.8473 28.7078 2.2852 3.0759 2.8150 2.6114 2.8755 2.5872 2.4904 2.2688 
2.7230 2.2538 3.0130 2.1912 12.3185 11.9735 2.2183 2.4174 11.2842 3.0320 28.6496 2.2524 3.0958 3.0813 2.3673 2.7612 2.1548 2.5677 2.2298 
2.5415 2.6830 2.4224 2.6000 12.1094 2.1946 2.7808 2.8000 11.5103 2.1684 28.5327 2.4199 12.2203 11.8309 11.9125 2.5727 2.9380 3.0074 2.4670 
2.6059 2.5178 2.2821 2.6397 12.0235 2.2779 3.0246 11.2843 20.9288 2.2544 28.5114 28.6001 2.4903 2.1288 12.7195 2.5116 2.2893 2.4317 2.9492 
3.0209 2.8888 2.4556 12.6856 12.1405 2.6125 12.8063 12.0914 3.0940 37.6438 2.7751 28.9086 12.7614 2.1364 12.2594 12.2436 2.7481 2.1720 2.9996 
2.1476 2.2128 2.4759 2.2562 2.2564 12.0751 12.1583 2.8034 2.3643 37.6391 2.5889 2.7242 12.4032 11.9708 2.5478 2.1692 2.4521 2.6179 2.8215 
2.9918 3.1098 2.9006 2.7280 2.6546 2.1916 3.1044 2.2724 2.4407 3.0614 2.2520 2.1839 2.7115 2.6478 2.4253 2.7494 2.3004 2.2288 2.3624 
2.7570 2.6518 2.3008 2.4650 2.1583 2.3881 2.8629 2.2317 2.2642 2.2475 2.4752 2.7664 2.8486 2.3250 2.4125 2.7280 2.7912 2.3045 2.8284 
2.7668 2.5873 2.6443 2.4975 3.0461 3.0407 2.1543 2.9983 2.8157 2.8870 2.6401 2.8622 2.4578 2.2434 2.1721 2.9141 2.6882 2.4227 2.3708 
3.0556 2.4617 3.0620 3.0813 2.1899 2.5561 2.2037 2.4281 2.3617 3.0802 2.4601 2.8365 2.8502 2.4010 2.4881 2.6041 3.0116 2.9463 2.7196 
2.9652 2.1552 3.1151 2.9268 3.0288 2.7004 2.3203 2.1919 2.6295 32.2247 2.5478 2.2488 2.6296 2.3207 2.7539 3.1000 2.2471 2.7220 2.2501 
2.9398 2.3575 2.3041 2.8508 2.1433 2.8770 2.5601 10.8254 17.9846 32.2875 17.4918 8.9732 2.2971 2.7001 2.8590 2.8923 3.1049 2.1402 2.5494 
2.7751 2.4776 3.0129 2.6434 2.8058 2.9058 17.9001 17.3795 18.0218 2.5204 17.1496 9.4641 2.8760 2.4546 2.1938 2.5091 3.0018 2.5457 2.4462 
2.1623 2.7169 2.9739 2.1635 11.0532 17.8847 2.7331 2.6764 17.7944 3.0580 17.4244 2.6979 2.5737 2.6984 2.9666 2.7085 2.3503 2.5504 2.9950 
2.5431 2.3711 2.2689 2.3318 2.3689 17.3368 9.3019 2.6749 17.8250 2.8504 17.3597 3.0737 8.9191 2.4927 2.4032 2.5738 2.8196 2.1359 2.6955 
2.8047 2.2358 2.6109 2.9255 2.7521 3.0215 17.4869 17.5545 3.0003 9.1038 2.3309 17.1179 17.2574 2.8775 2.6707 3.0856 2.4014 3.0167 2.5561 
3.0625 3.1127 2.7788 2.6333 2.4927 10.9869 11.0088 2.8298 2.6356 9.4394 8.7988 2.4094 16.8194 8.7664 2.7787 2.7085 2.9881 3.0969 2.4123 
2.3503 2.9506 3.0405 2.7585 2.3974 2.9065 11.3666 2.6043 2.3107 2.1292 8.9555 2.3409 17.2824 2.6816 2.1761 2.6188 2.5796 2.2652 2.2004 
2.8312 2.8947 2.6511 2.9648 2.2161 2.1482 11.1795 2.9423 2.2776 9.1046 2.2291 2.8730 17.7183 2.2964 2.6283 2.3754 2.2567 2.2054 2.9635 
2.4175 2.8247 2.4380 2.3886 2.1805 2.2970 10.9610 11.6456 11.2568 8.7642 23.8160 17.5040 10.9779 2.7872 2.9495 2.4546 2.2037 2.6393 2.9877 
2.1549 2.2389 2.6150 2.2597 2.1701 2.4555 2.7270 2.9654 11.3392 3.0500 23.9864 2.9321 3.0739 2.2815 3.0129 2.2539 2.1808 3.0000 2.8788 
2.9995 2.3472 2.1848 2.8138 2.3650 2.6944 2.5719 2.3029 11.5897 2.2607 23.0500 2.5169 2.7211 2.9549 2.4748 2.3198 2.5159 2.4056 2.1541 
2.5545 2.8377 2.5059 2.7481 2.7547 2.9963 2.5304 2.3699 11.2129 2.1075 23.9303 10.2370 2.7931 2.1181 2.6584 2.9180 2.9071 2.9455 2.9097 
3.1112 2.8142 2.1427 2.5688 2.8555 2.2877 3.0291 2.6891 2.4759 31.6546 2.8346 2.8716 2.9514 2.2819 2.2646 2.9177 3.0385 2.3593 3.0403 
2.9642 2.7337 2.3282 2.6577 2.7011 2.6941 2.7964 2.3394 2.4789 31.8433 3.0563 2.9197 2.6491 2.2707 2.2976 3.0823 2.8442 2.3094 3.0540 
3.1171 2.4712 2.3328 3.0442 2.7480 2.6822 2.2905 2.4623 2.4715 11.1895 2.5117 2.1224 2.9158 2.2646 2.3427 2.8079 2.1281 2.6790 2.2165 
2.5566 3.0061 2.9420 2.1275 3.0206 2.6617 2.5564 2.1099 2.1932 2.6001 2.8640 3.0854 2.1598 2.6187 3.0500 2.2199 3.0284 2.4072 2.6518 
46
3
1 1 13 9 0 0 9
2 1 11 1 0 0 10
3 0 8 11 0 0 10
14
6 0 11 9 20 0 31 0 0 0
9 1 6 8 30 0 27 0 0 1
10 0 12 10 20 0 22 0 0 0
11 1 6 10 20 0 22 0 0 0
12 0 13 13 20 0 18 0 0 0
13 1 4 7 30 0 18 0 0 1
14 0 4 0 20 0 13 0 0 0
15 1 7 9 20 0 13 0 0 0
16 0 7 12 20 0 9 0 0 0
17 1 8 8 30 0 9 0 0 1
18 0 4 8 20 0 4 0 0 0
19 1 12 10 20 0 4 0 0 0
20 0 2 9 20 0 0 0 1 0
21 1 16 9 20 0 0 0 1 0
24 52
46 46 0 0 0 0
2
0 0 0 23
0 0 1 0
0
2.2247 2.5174 2.8757 2.6220 2.7532 2.2211 2.7013 2.3161 2.7294 2.3309 2.0980 2.5199 2.1290 2.8326 2.0772 2.8187 2.3839 2.9858 2.4736 
2.3534 2.6627 2.5597 2.5497 2.3215 2.5881 2.4526 2.9436 2.1774 2.9167 2.2524 2.5945 2.7375 2.8996 2.2661 2.0857 2.0872 3.0022 2.3337 
2.4167 2.2511 2.6846 2.7796 2.4186 2.4006 2.2644 2.5109 2.1191 36.1300 2.4252 3.0119 2.4993 2.7039 2.0672 2.4235 2.1199 2.1871 2.0887 
2.6196 2.4136 2.7626 2.9780 2.1818 2.2464 2.6668 2.6347 9.0011 36.6965 30.2011 2.6801 2.3866 2.3565 2.5537 2.7086 2.0593 2.4983 2.9870 
2.2032 2.8971 2.9434 2.3163 2.0748 2.3507 8.7356 8.8157 2.7246 2.2159 30.1392 2.1514 2.4271 2.3809 2.4504 2.5037 2.0705 2.9682 2.6255 
3.0177 2.9013 2.6404 2.0878 2.7967 8.6244 3.0047 2.2029 2.9908 2.1715 29.4838 2.7872 2.7634 2.5361 2.5342 2.1793 2.8079 2.0562 2.6909 
2.8237 2.2211 2.9323 2.2008 3.0043 9.1662 8.7415 2.8966 11.0206 2.1031 29.5541 2.1305 2.2125 2.1709 2.4741 2.2660 2.8585 2.8372 2.0880 
2.7842 2.4852 2.6627 2.9852 2.8518 2.5193 17.4047 11.5174 2.1885 29.9280 2.6979 2.0751 2.4024 2.4506 2.0507 2.5416 2.5072 2.4658 2.1077 
2.4883 2.4702 2.6384 2.1286 2.7423 8.4507 17.8411 2.8803 11.4598 21.1719 11.8407 2.0464 2.5108 2.2302 2.7868 2.1613 2.1848 2.2047 2.4925 
2.2421 2.8508 2.5367 2.5852 2.4839 2.0513 17.2278 2.8072 11.5339 2.9749 11.8552 2.7974 2.9933 2.8312 2.4711 2.1549 2.8451 2.2344 2.3973 
2.9777 2.3342 2.0988 2.6281 2.4974 8.4409 17.7139 2.3999 2.0473 21.2252 2.3660 2.9918 2.0596 2.0966 2.4121 2.4711 2.6459 2.0892 2.4903 
2.2152 2.3126 2.6703 2.4372 2.4185 2.2740 18.1917 26.8124 26.3817 27.9849 27.8496 2.2196 2.9866 2.7336 2.5361 2.7922 2.5126 2.4187 2.2037 
2.6443 2.1892 2.9256 2.1285 11.9519 11.6173 2.1548 2.3479 10.9487 2.9440 27.7931 2.1878 3.0059 2.9919 2.2993 2.6814 2.0932 2.4937 2.1659 
2.4683 2.6055 2.3527 2.5250 11.7491 2.1318 2.7004 2.7190 11.1680 2.1063 27.6797 2.3503 11.8567 11.4790 11.5581 2.4985 2.8529 2.9202 2.3960 
2.5307 2.4453 2.2166 2.5635 11.6658 2.2126 2.9369 10.9488 20.3039 2.1898 27.6591 27.7451 2.4186 2.0679 12.3409 2.4393 2.2236 2.3617 2.8637 
2.9333 2.8051 2.3849 12.3080 11.7793 2.5371 12.4251 11.7317 3.0042 36.5175 2.6948 28.0443 12.3816 2.0753 11.8946 11.8793 2.6687 2.1098 2.9126 
2.0862 2.1494 2.4046 2.1915 2.1917 11.7158 11.7966 2.7223 2.2964 36.5129 2.5142 2.6455 12.0341 11.6147 2.4744 2.1071 2.3815 2.5424 2.7399 
2.9050 3.0195 2.8166 2.6492 2.5780 2.1289 3.0143 2.2072 2.3705 2.9726 2.1874 2.1214 2.6332 2.5714 2.3555 2.6699 2.2344 2.1649 2.2945 
2.6773 2.5752 2.2348 2.3941 2.0966 2.3195 2.7800 2.1677 2.1993 2.1831 2.4039 2.6864 2.7661 2.2583 2.3431 2.6492 2.7105 2.2384 2.7465 
2.6868 2.5127 2.5680 2.4256 2.9577 2.9525 2.0927 2.9114 2.7342 2.8034 2.5639 2.7793 2.3871 2.1791 2.1099 2.8297 2.6106 2.3530 2.3027 
2.9669 2.3908 2.9731 2.9919 2.1272 2.4824 2.1406 2.3583 2.2938 2.9908 2.3893 2.7544 2.7677 2.3320 2.4165 2.5290 2.9243 2.8609 2.6410 
2.8792 2.0935 3.0246 2.8420 2.9409 2.6224 2.2537 2.1291 2.5536 31.2610 2.4744 2.1843 2.5537 2.2541 2.6743 3.0100 2.1827 2.6433 2.1856 
2.8546 2.2898 2.2380 2.7683 2.0820 2.7937 2.4863 10.5036 17.4481 31.3219 16.9700 8.7070 2.2312 2.6221 2.7762 2.8085 3.0148 2.0790 2.4759 
2.6948 2.4063 2.9255 2.5671 2.7246 2.8216 17.3661 16.8611 17.4841 2.4478 16.6381 9.1832 2.7927 2.3840 2.1310 2.4368 2.9147 2.4723 2.3758 
2.1004 2.6384 2.8877 2.1016 10.7246 17.3512 2.6541 2.5991 17.2636 2.9693 16.9047 2.6200 2.4995 2.6204 2.8806 2.6302 2.2828 2.4769 2.9082 
2.4698 2.3030 2.2038 2.2648 2.3008 16.8197 9.0258 2.5977 17.2933 2.7679 16.8419 2.9845 8.6545 2.4209 2.3341 2.4996 2.7380 2.0748 2.6176 
2.7236 2.1717 2.5356 2.8407 2.6725 2.9339 16.9653 17.0309 2.9133 8.8337 2.2640 16.6074 16.7427 2.7942 2.5936 2.9960 2.3324 2.9292 2.4824 
2.9736 3.0223 2.6984 2.5573 2.4209 10.6603 10.6815 2.7479 2.5595 9.1592 8.5378 2.3401 16.3178 8.5064 2.6983 2.6302 2.9015 3.0070 2.3429 
2.2828 2.8651 2.9523 2.6787 2.3285 2.8223 11.0286 2.5292 2.2444 2.0683 8.6898 2.2737 16.7669 2.6042 2.1138 2.5432 2.5052 2.2002 2.1374 
2.7493 2.8109 2.5746 2.8789 2.1526 2.0868 10.8471 2.8570 2.2123 8.8345 2.1652 2.7898 17.1898 2.2305 2.5525 2.3071 2.1920 2.1422 2.8776 
2.3480 2.7430 2.3679 2.3199 2.1181 2.2311 10.6352 11.2992 10.9221 8.5043 23.1045 16.9819 10.6516 2.7066 2.8640 2.3840 2.1406 2.5631 2.9011 
2.0933 2.1747 2.5396 2.1949 2.1080 2.3848 2.6482 2.8794 11.0020 2.9615 23.2698 2.8471 2.9847 2.2161 2.9255 2.1893 2.1184 2.9130 2.7954 
2.9125 2.2798 2.1223 2.7324 2.2971 2.6166 2.4977 2.2368 11.2450 2.1959 22.3615 2.4444 2.6425 2.8693 2.4036 2.2532 2.4434 2.3364 2.0925 
2.4809 2.7556 2.4337 2.6687 2.6751 2.9094 2.4575 2.3018 10.8795 2.0473 23.2154 9.9329 2.7123 2.0576 2.5816 2.8335 2.8229 2.8601 2.8254 
3.0209 2.7328 2.0814 2.4947 2.7728 2.2221 2.9412 2.6114 2.4046 30.7080 2.7526 2.7885 2.8659 2.2164 2.1997 2.8332 2.9503 2.2915 2.9521 
2.8783 2.6547 2.2614 2.5810 2.6231 2.6163 2.7155 2.2722 2.4075 30.8910 2.9676 2.8351 2.5726 2.2056 2.2317 2.9928 2.7619 2.2431 2.9654 
3.0266 2.4001 2.2658 2.9559 2.6686 2.6047 2.2248 2.3914 2.4004 10.8568 2.4393 2.0617 2.8313 2.1997 2.2754 2.7267 2.0673 2.6016 2.1530 
2.4829 2.9189 2.8567 2.0667 2.9330 2.5848 2.4827 2.0496 2.1304 2.5251 2.7811 2.9958 2.0980 2.5431 2.9615 2.1563 2.9405 2.3380 2.5752 
47
3
1 1 13 9 0 2 9
2 1 11 1 0 0 10
3 0 8 11 0 0 10
14
6 0 11 10 20 0 32 0 0 0
9 1 7 7 30 0 28 0 0 1
10 0 13 10 20 0 23 0 0 0
11 1 5 10 20 0 23 0 0 0
12 0 13 12 20 0 19 0 0 0
13 1 4 8 30 0 19 0 0 1
14 0 5 1 20 0 14 0 0 0
15 1 6 8 20 0 14 0 0 0
16 0 8 13 20 0 10 0 0 0
17 1 8 9 30 0 10 0 0 1
18 0 5 8 20 0 5 0 0 0
19 1 11 10 20 0 5 0 0 0
20 0 3 9 20 0 1 0 1 0
21 1 15 9 20 0 1 0 1 0
24 52
46 46 0 0 0 0
2
0 0 0 22
0 0 0 0
0
2.1610 2.4449 2.7924 2.5463 2.6736 2.1575 2.6233 2.2496 2.6505 2.2640 2.0381 2.4473 2.0681 2.7506 2.0179 2.7371 2.3154 2.8992 2.4024 
2.2858 2.5858 2.4859 2.4762 2.2549 2.5135 2.3820 2.8583 2.1151 2.8322 2.1878 2.5197 2.6584 2.8156 2.2011 2.0261 2.0276 2.9151 2.2667 
2.3472 2.1866 2.6071 2.6992 2.3490 2.3316 2.1995 2.4386 2.0585 35.0491 2.3554 2.9245 2.4273 2.6258 2.0082 2.3538 2.0593 2.1245 2.0290 
2.5440 2.3442 2.6827 2.8917 2.1193 2.1820 2.5898 2.5587 8.7341 35.5986 29.2981 2.6027 2.3180 2.2888 2.4801 2.6303 2.0005 2.4264 2.9004 
2.1401 2.8132 2.8581 2.2498 2.0156 2.2832 8.4765 8.5542 2.6459 2.1524 29.2380 2.0899 2.3573 2.3125 2.3799 2.4316 2.0114 2.8822 2.5497 
2.9302 2.8173 2.5642 2.0282 2.7158 8.3687 2.9176 2.1398 2.9041 2.1094 28.6023 2.7066 2.6835 2.4630 2.4612 2.1169 2.7267 1.9975 2.6132 
2.7420 2.1575 2.8473 2.1378 2.9172 8.8942 8.4823 2.8127 10.6930 2.0430 28.6705 2.0696 2.1491 2.1088 2.4029 2.2010 2.7757 2.7551 2.0284 
2.7037 2.4136 2.5858 2.8986 2.7692 2.4467 16.8856 11.1749 2.1258 29.0332 2.6200 2.0158 2.3333 2.3801 1.9922 2.4684 2.4350 2.3948 2.0475 
2.4167 2.3991 2.5622 2.0677 2.6630 8.2002 17.3089 2.7969 11.1190 20.5397 11.4885 1.9880 2.4385 2.1663 2.7062 2.0995 2.1223 2.1416 2.4207 
2.1778 2.7683 2.4636 2.5106 2.4124 1.9928 16.7140 2.7260 11.1909 2.8887 11.5025 2.7165 2.9065 2.7493 2.4000 2.0933 2.7627 2.1704 2.3284 
2.8914 2.2672 2.0388 2.5523 2.4255 8.1907 17.1855 2.3309 1.9889 20.5914 2.2980 2.9050 2.0008 2.0367 2.3427 2.4000 2.5695 2.0295 2.4186 
2.1517 2.2462 2.5932 2.3671 2.3489 2.2088 17.6489 26.0110 25.5932 27.1484 27.0171 2.1560 2.9000 2.6546 2.4630 2.7114 2.4402 2.3491 2.1406 
2.5680 2.1265 2.8408 2.0676 11.5963 11.2718 2.0932 2.2805 10.6232 2.8587 26.9623 2.1252 2.9187 2.9051 2.2333 2.6040 2.0334 2.4219 2.1039 
2.3973 2.5303 2.2851 2.4523 11.3996 2.0708 2.6224 2.6404 10.8360 2.0461 26.8523 2.2828 11.5040 11.1376 11.2144 2.4265 2.7703 2.8356 2.3271 
2.4578 2.3749 2.1531 2.4896 11.3188 2.1492 2.8518 10.6233 19.6978 2.1271 26.8323 26.9157 2.3490 2.0089 11.9737 2.3691 2.1599 2.2938 2.7808 
2.8483 2.7239 2.3164 11.9418 11.4289 2.4640 12.0553 11.3827 2.9171 35.4250 2.6170 27.2060 12.0132 2.0160 11.5408 11.5259 2.5916 2.0495 2.8282 
2.0266 2.0879 2.3355 2.1288 2.1289 11.3673 11.4457 2.6436 2.2305 35.4205 2.4418 2.5691 11.6761 11.2693 2.4032 2.0469 2.3131 2.4691 2.6607 
2.8209 2.9319 2.7351 2.5727 2.5037 2.0680 2.9269 2.1440 2.3024 2.8864 2.1248 2.0608 2.5572 2.4973 2.2878 2.5928 2.1704 2.1030 2.2287 
2.6000 2.5009 2.1708 2.3253 2.0367 2.2529 2.6996 2.1057 2.1363 2.1206 2.3348 2.6088 2.6861 2.1936 2.2758 2.5727 2.6322 2.1742 2.6671 
2.6092 2.4403 2.4940 2.3558 2.8720 2.8669 2.0329 2.8271 2.6552 2.7223 2.4900 2.6989 2.3185 2.1167 2.0496 2.7478 2.5353 2.2854 2.2366 
2.8809 2.3221 2.8869 2.9051 2.0664 2.4109 2.0794 2.2906 2.2280 2.9041 2.3206 2.6748 2.6877 2.2650 2.3470 2.4561 2.8396 2.7781 2.5648 
2.7958 2.0337 2.9369 2.7597 2.8557 2.5467 2.1891 2.0682 2.4800 30.3262 2.4032 2.1218 2.4801 2.1895 2.5971 2.9227 2.1202 2.5670 2.1230 
2.7720 2.2241 2.1739 2.6883 2.0225 2.7129 2.4147 10.1915 16.9277 30.3852 16.4639 8.4488 2.1673 2.5464 2.6959 2.7272 2.9274 2.0196 2.4046 
2.6170 2.3371 2.8407 2.4931 2.6459 2.7400 16.8481 16.3583 16.9626 2.3774 16.1420 8.9107 2.7119 2.3155 2.0701 2.3667 2.8303 2.4011 2.3075 
2.0404 2.5622 2.8041 2.0416 10.4059 16.8337 2.5775 2.5241 16.7487 2.8832 16.4006 2.5444 2.4275 2.5448 2.7972 2.5543 2.2173 2.4056 2.8240 
2.3987 2.2369 2.1407 2.1999 2.2348 16.3181 8.7580 2.5228 16.7775 2.6879 16.3396 2.8980 8.3979 2.3513 2.2671 2.4276 2.6589 2.0156 2.5421 
2.6449 2.1095 2.4625 2.7585 2.5953 2.8489 16.4593 16.5230 2.8289 8.5717 2.1991 16.1122 16.2434 2.7134 2.5188 2.9091 2.2654 2.8443 2.4109 
2.8874 2.9346 2.6204 2.4836 2.3513 10.3435 10.3641 2.6685 2.4857 8.8874 8.2847 2.2729 15.8313 8.2542 2.6204 2.5543 2.8175 2.9198 2.2756 
2.2173 2.7821 2.8667 2.6013 2.2616 2.7406 10.7007 2.4563 2.1801 2.0093 8.4321 2.2085 16.2669 2.5291 2.0534 2.4699 2.4330 2.1372 2.0763 
2.6698 2.7296 2.5004 2.7955 2.0910 2.0272 10.5247 2.7743 2.1489 8.5725 2.1032 2.7091 16.6771 2.1666 2.4789 2.2409 2.1292 2.0809 2.7943 
2.2806 2.6637 2.2999 2.2533 2.0576 2.1672 10.3191 10.9632 10.5974 8.2522 22.4144 16.4754 10.3351 2.6284 2.7811 2.3155 2.0794 2.4892 2.8171 
2.0335 2.1125 2.4664 2.1321 2.0478 2.3163 2.5718 2.7960 10.6749 2.8757 22.5747 2.7647 2.8982 2.1526 2.8407 2.1266 2.0578 2.8286 2.7145 
2.8281 2.2144 2.0616 2.6534 2.2312 2.5411 2.4258 2.1727 10.9107 2.1330 21.6937 2.3741 2.5662 2.7862 2.3345 2.1886 2.3731 2.2693 2.0327 
2.4095 2.6759 2.3637 2.5916 2.5978 2.8251 2.3868 2.2357 10.5561 1.9889 22.5219 9.6379 2.6339 1.9989 2.5072 2.7515 2.7412 2.7773 2.7436 
2.9333 2.6538 2.0220 2.4229 2.6926 2.1584 2.8560 2.5361 2.3355 29.7898 2.6730 2.7078 2.7829 2.1529 2.1367 2.7512 2.8648 2.2258 2.8665 
2.7950 2.5781 2.1966 2.5066 2.5474 2.5408 2.6370 2.2070 2.3383 29.9673 2.8816 2.7530 2.4984 2.1424 2.1677 2.9060 2.6820 2.1788 2.8794 
2.9388 2.3311 2.2008 2.8702 2.5915 2.5296 2.1611 2.3227 2.3314 10.5341 2.3691 2.0028 2.7494 2.1367 2.2101 2.6479 2.0083 2.5266 2.0914 
2.4114 2.8343 2.7740 2.0077 2.8480 2.5103 2.4112 1.9911 2.0695 2.4523 2.7007 2.9089 2.0381 2.4698 2.8757 2.0946 2.8553 2.2709 2.5009 
48
3
1 1 13 9 0 1 9
2 1 11 1 0 0 10
3 0 8 11 0 0 10
14
6 0 12 10 20 0 33 0 0 0
9 1 7 6 30 0 29 0 0 1
10 0 14 10 20 0 24 0 0 0
11 1 4 10 20 0 24 0 0 0
12 0 14 11 20 0 20 0 0 0
13 1 3 8 30 0 20 0 0 1
14 0 5 0 20 0 15 0 0 0
15 1 5 8 20 0 15 0 0 0
16 0 8 12 20 0 11 0 0 0
17 1 8 10 30 0 11 0 0 1
18 0 6 8 20 0 6 0 0 0
19 1 11 11 20 0 6 0 0 0
20 0 3 10 20 0 2 0 1 0
21 1 14 10 20 0 2 0 1 0
27 55
46 46 0 0 0 0
2
0 0 0 21
0 0 0 0
0
2.0992 2.3746 2.7116 2.4729 2.5964 2.0958 2.5476 2.1851 2.5740 2.1991 1.9800 2.3769 2.0091 2.6711 1.9604 2.6580 2.2489 2.8152 2.3333 
2.2202 2.5112 2.4143 2.4049 2.1903 2.4411 2.3135 2.7756 2.0546 2.7502 2.1252 2.4471 2.5816 2.7341 2.1381 1.9683 1.9698 2.8306 2.2017 
2.2798 2.1240 2.5319 2.6212 2.2815 2.2647 2.1365 2.3684 1.9997 34.0006 2.2877 2.8398 2.3575 2.5500 1.9510 2.2862 2.0005 2.0638 1.9711 
2.4707 2.2769 2.6052 2.8079 2.0587 2.1195 2.5151 2.4849 8.4751 34.5336 28.4222 2.5276 2.2515 2.2231 2.4087 2.5544 1.9435 2.3566 2.8164 
2.0789 2.7318 2.7754 2.1853 1.9581 2.2177 8.2252 8.3006 2.5695 2.0908 28.3639 2.0302 2.2896 2.2461 2.3115 2.3617 1.9541 2.7987 2.4762 
2.8453 2.7358 2.4903 1.9704 2.6373 8.1206 2.8331 2.0786 2.8200 2.0491 27.7472 2.6284 2.6060 2.3921 2.3904 2.0564 2.6479 1.9406 2.5378 
2.6627 2.0958 2.7649 2.0767 2.8327 8.6304 8.2308 2.7313 10.3752 1.9847 27.8134 2.0105 2.0876 2.0485 2.3338 2.1380 2.6954 2.6754 1.9705 
2.6256 2.3442 2.5112 2.8146 2.6891 2.3763 16.3820 10.8427 2.0650 28.1652 2.5444 1.9583 2.2663 2.3117 1.9354 2.3973 2.3650 2.3260 1.9891 
2.3472 2.3301 2.4883 2.0087 2.5861 7.9572 16.7926 2.7160 10.7884 19.9265 11.1468 1.9314 2.3683 2.1043 2.6280 2.0395 2.0616 2.0804 2.3511 
2.1155 2.6883 2.3927 2.4383 2.3430 1.9360 16.2156 2.6472 10.8582 2.8050 11.1604 2.6380 2.8223 2.6698 2.3310 2.0335 2.6828 2.1083 2.2615 
2.8077 2.2022 1.9806 2.4787 2.3557 7.9480 16.6729 2.2640 1.9322 19.9767 2.2321 2.8209 1.9438 1.9786 2.2754 2.3310 2.4954 1.9716 2.3490 
2.0901 2.1818 2.5184 2.2991 2.2814 2.1455 17.1224 25.2337 24.8284 26.3369 26.2096 2.0943 2.8160 2.5780 2.3921 2.6331 2.3700 2.2816 2.0794 
2.4940 2.0657 2.7586 2.0086 11.2514 10.9366 2.0334 2.2151 10.3075 2.7759 26.1564 2.0644 2.8341 2.8209 2.1693 2.5289 1.9754 2.3522 2.0438 
2.3284 2.4574 2.2195 2.3817 11.0606 2.0117 2.5467 2.5642 10.5139 1.9877 26.0497 2.2173 11.1619 10.8065 10.8810 2.3567 2.6902 2.7535 2.2603 
2.3871 2.3067 2.0915 2.4179 10.9822 2.0877 2.7692 10.3076 19.1099 2.0663 26.0303 26.1112 2.2815 1.9516 11.6175 2.3010 2.0981 2.2280 2.7004 
2.7659 2.6452 2.2499 11.5865 11.0890 2.3931 11.6966 11.0442 2.8326 34.3653 2.5415 26.3928 11.6558 1.9585 11.1976 11.1831 2.5169 1.9910 2.7464 
1.9688 2.0283 2.2684 2.0679 2.0680 11.0293 11.1053 2.5673 2.1666 34.3609 2.3715 2.4950 11.3288 10.9342 2.3341 1.9885 2.2467 2.3980 2.5839 
2.7393 2.8469 2.6560 2.4985 2.4316 2.0090 2.8421 2.0827 2.2363 2.8028 2.0641 2.0020 2.4835 2.4254 2.2222 2.5180 2.1083 2.0429 2.1648 
2.5250 2.4289 2.1087 2.2585 1.9786 2.1883 2.6216 2.0455 2.0752 2.0600 2.2678 2.5335 2.6085 2.1308 2.2105 2.4985 2.5562 2.1120 2.5901 
2.5339 2.3701 2.4222 2.2881 2.7888 2.7839 1.9749 2.7453 2.5785 2.6436 2.4183 2.6209 2.2519 2.0562 1.9911 2.6684 2.4622 2.2198 2.1725 
2.7975 2.2554 2.8033 2.8209 2.0074 2.3416 2.0200 2.2249 2.1642 2.8200 2.2540 2.5976 2.6101 2.2001 2.2796 2.3854 2.7574 2.6978 2.4909 
2.7149 1.9757 2.8518 2.6799 2.7730 2.4733 2.1264 2.0092 2.4086 29.4194 2.3341 2.0611 2.4087 2.1268 2.5222 2.8380 2.0596 2.4930 2.0623 
2.6918 2.1604 2.1117 2.6107 1.9648 2.6345 2.3453 9.8888 16.4229 29.4766 15.9730 8.1983 2.1053 2.4730 2.6180 2.6484 2.8426 1.9620 2.3355 
2.5415 2.2700 2.7585 2.4213 2.5695 2.6608 16.3457 15.8706 16.4567 2.3091 15.6607 8.6464 2.6335 2.2490 2.0110 2.2987 2.7484 2.3321 2.2413 
1.9822 2.4883 2.7230 1.9834 10.0967 16.3317 2.5032 2.4514 16.2492 2.7997 15.9116 2.4711 2.3577 2.4715 2.7163 2.4807 2.1538 2.3364 2.7423 
2.3297 2.1728 2.0795 2.1369 2.1708 15.8316 8.4983 2.4501 16.2772 2.6103 15.8524 2.8141 8.1490 2.2838 2.2021 2.3578 2.5821 1.9581 2.4688 
2.5686 2.0492 2.3916 2.6787 2.5204 2.7664 15.9685 16.0303 2.7470 8.3175 2.1361 15.6318 15.7591 2.6350 2.4462 2.8248 2.2004 2.7620 2.3416 
2.8038 2.8496 2.5448 2.4121 2.2838 10.0362 10.0562 2.5914 2.4141 8.6238 8.0392 2.2077 15.3594 8.0096 2.5448 2.4807 2.7360 2.8352 2.2103 
2.1538 2.7016 2.7837 2.5263 2.1968 2.6614 10.3827 2.3856 2.1177 1.9520 8.1821 2.1452 15.7819 2.4562 1.9948 2.3988 2.3630 2.0761 2.0170 
2.5927 2.6507 2.4284 2.7146 2.0313 1.9694 10.2120 2.6941 2.0874 8.3183 2.0431 2.6308 16.1798 2.1046 2.4075 2.1767 2.0683 2.0215 2.7135 
2.2152 2.5868 2.2339 2.1887 1.9989 2.1052 10.0125 10.6373 10.2825 8.0076 21.7450 15.9841 10.0280 2.5525 2.7007 2.2490 2.0200 2.4175 2.7356 
1.9755 2.0521 2.3954 2.0711 1.9894 2.2498 2.4976 2.7151 10.3577 2.7924 21.9005 2.6848 2.8143 2.0910 2.7585 2.0658 1.9991 2.7467 2.6361 
2.7463 2.1510 2.0028 2.5768 2.1673 2.4679 2.3560 2.1105 10.5864 2.0720 21.0459 2.3059 2.4922 2.7056 2.2675 2.1259 2.3049 2.2042 1.9747 
2.3402 2.5986 2.2958 2.5169 2.5229 2.7433 2.3182 2.1716 10.2424 1.9322 21.8492 9.3518 2.5579 1.9419 2.4350 2.6720 2.6620 2.6970 2.6643 
2.8483 2.5772 1.9643 2.3532 2.6148 2.0966 2.7733 2.4630 2.2684 28.8991 2.5958 2.6296 2.7024 2.0913 2.0756 2.6717 2.7819 2.1620 2.7835 
2.7142 2.5038 2.1337 2.4344 2.4740 2.4676 2.5609 2.1438 2.2712 29.0713 2.7982 2.6734 2.4264 2.0811 2.1057 2.8218 2.6045 2.1164 2.7960 
2.8536 2.2642 2.1378 2.7871 2.5168 2.4567 2.0993 2.2560 2.2645 10.2211 2.3010 1.9457 2.6699 2.0756 2.1468 2.5715 1.9511 2.4538 2.0317 
2.3421 2.7523 2.6938 1.9505 2.7656 2.4380 2.3419 1.9344 2.0104 2.3817 2.6227 2.8246 1.9800 2.3987 2.7924 2.0348 2.7726 2.2058 2.4289 
49
3
1 1 13 9 0 2 9
2 1 11 1 0 0 10
3 0 8 11 0 2 5
14
6 0 13 10 15 0 34 0 0 0
9 1 8 5 30 0 30 0 0 1
10 0 14 11 20 0 25 0 0 0
11 1 3 10 20 0 25 0 0 0
12 0 15 11 20 0 21 0 0 0
13 1 3 9 30 0 21 0 0 1
14 0 6 0 20 0 16 0 0 0
15 1 4 8 20 0 16 0 0 0
16 0 9 12 20 0 12 0 0 0
17 1 8 10 30 0 12 0 0 1
18 0 7 9 20 0 7 0 0 0
19 1 10 12 20 0 7 0 0 0
20 0 4 10 20 0 3 0 1 0
21 1 13 10 20 0 3 0 1 0
27 55
46 46 0 0 0 0
2
0 0 0 20
0 0 0 0
0
2.0392 2.3064 2.6333 2.4017 2.5215 2.0359 2.4742 2.1225 2.4998 2.1361 1.9236 2.3086 1.9518 2.5940 1.9046 2.5813 2.1844 2.7337 2.2663 
2.1566 2.4389 2.3449 2.3358 2.1276 2.3709 2.2471 2.6953 1.9960 2.6707 2.0644 2.3767 2.5072 2.6551 2.0770 1.9123 1.9137 2.7487 2.1386 
2.2144 2.0633 2.4589 2.5456 2.2161 2.1998 2.0754 2.3003 1.9427 32.9836 2.2221 2.7576 2.2898 2.4765 1.8955 2.2206 1.9435 2.0049 1.9150 
2.3996 2.2116 2.5300 2.7267 1.9999 2.0589 2.4426 2.4134 8.2238 33.5006 27.5725 2.4548 2.1870 2.1594 2.3394 2.4808 1.8882 2.2889 2.7349 
2.0195 2.6528 2.6951 2.1227 1.9024 2.1542 7.9814 8.0546 2.4954 2.0311 27.5160 1.9723 2.2239 2.1817 2.2452 2.2938 1.8985 2.7177 2.4049 
2.7629 2.6567 2.4186 1.9143 2.5612 7.8800 2.7511 2.0192 2.7384 1.9906 26.9178 2.5525 2.5308 2.3233 2.3217 1.9977 2.5715 1.8854 2.4647 
2.5858 2.0359 2.6850 2.0174 2.7507 8.3745 7.9869 2.6524 10.0669 1.9282 26.9820 1.9532 2.0280 1.9900 2.2668 2.0769 2.6175 2.5981 1.9144 
2.5498 2.2769 2.4389 2.7332 2.6114 2.3080 15.8935 10.5204 2.0061 27.3232 2.4711 1.9026 2.2013 2.2453 1.8803 2.3284 2.2971 2.2592 1.9324 
2.2798 2.2632 2.4167 1.9514 2.5115 7.7215 16.2918 2.6375 10.4677 19.3317 10.8154 1.8765 2.3003 2.0442 2.5522 1.9813 2.0028 2.0210 2.2836 
2.0550 2.6107 2.3239 2.3682 2.2757 1.8809 15.7321 2.5708 10.5355 2.7239 10.8286 2.5619 2.7406 2.5927 2.2641 1.9755 2.6053 2.0481 2.1967 
2.7265 2.1391 1.9242 2.4073 2.2880 7.7126 16.1757 2.1991 1.8772 19.3804 2.1681 2.7393 1.8885 1.9222 2.2101 2.2641 2.4235 1.9155 2.2815 
2.0304 2.1193 2.4458 2.2331 2.2160 2.0841 16.6117 24.4797 24.0865 25.5498 25.4263 2.0345 2.7345 2.5037 2.3233 2.5571 2.3019 2.2162 2.0200 
2.4222 2.0067 2.6788 1.9513 10.9169 10.6115 1.9754 2.1516 10.0013 2.6956 25.3747 2.0055 2.7521 2.7393 2.1072 2.4560 1.9191 2.2846 1.9855 
2.2615 2.3867 2.1559 2.3132 10.7318 1.9543 2.4733 2.4903 10.2015 1.9311 25.2712 2.1538 10.8300 10.4853 10.5576 2.2890 2.6125 2.6739 2.1955 
2.3185 2.2405 2.0318 2.3484 10.6557 2.0281 2.6891 10.0014 18.5396 2.0073 25.2524 25.3309 2.2161 1.8961 11.2720 2.2350 2.0382 2.1642 2.6224 
2.6859 2.5688 2.1854 11.2419 10.7593 2.3243 11.3487 10.7159 2.7506 33.3373 2.4683 25.6040 11.3091 1.9027 10.8647 10.8506 2.4444 1.9343 2.6670 
1.9127 1.9705 2.2033 2.0089 2.0090 10.7014 10.7751 2.4933 2.1046 33.3331 2.3034 2.4232 10.9919 10.6092 2.2671 1.9318 2.1823 2.3291 2.5094 
2.6601 2.7645 2.5793 2.4265 2.3617 1.9517 2.7598 2.0232 2.1722 2.7217 2.0052 1.9449 2.4120 2.3556 2.1585 2.4455 2.0481 1.9846 2.1029 
2.4523 2.3590 2.0484 2.1937 1.9222 2.1257 2.5460 1.9871 2.0159 2.0012 2.2028 2.4605 2.5332 2.0699 2.1472 2.4265 2.4825 2.0516 2.5154 
2.4609 2.3020 2.3525 2.2225 2.7081 2.7034 1.9187 2.6659 2.5041 2.5673 2.3488 2.5453 2.1873 1.9975 1.9344 2.5913 2.3913 2.1562 2.1103 
2.7166 2.1907 2.7222 2.7393 1.9502 2.2744 1.9624 2.1612 2.1023 2.7384 2.1894 2.5227 2.5348 2.1371 2.2142 2.3168 2.6777 2.6199 2.4192 
2.6365 1.9194 2.7692 2.6025 2.6928 2.4021 2.0656 1.9519 2.3393 28.5398 2.2671 2.0023 2.3394 2.0660 2.4495 2.7559 2.0008 2.4212 2.0034 
2.6140 2.0986 2.0513 2.5354 1.9089 2.5585 2.2779 9.5951 15.9332 28.5953 15.4968 7.9554 2.0451 2.4018 2.5425 2.5719 2.7603 1.9061 2.2684 
2.4683 2.2049 2.6787 2.3517 2.4954 2.5840 15.8583 15.3975 15.9660 2.2428 15.1939 8.3900 2.5575 2.1845 1.9537 2.2327 2.6689 2.2651 2.1771 
1.9257 2.4167 2.6443 1.9269 9.7968 15.8447 2.4311 2.3809 15.7647 2.7187 15.4373 2.4000 2.2900 2.4004 2.6378 2.4093 2.0922 2.2693 2.6630 
2.2628 2.1106 2.0201 2.0758 2.1087 15.3597 8.2464 2.3796 15.7919 2.5350 15.3798 2.7327 7.9075 2.2183 2.1390 2.2901 2.5076 1.9024 2.3977 
2.4945 1.9907 2.3229 2.6013 2.4478 2.6864 15.4924 15.5524 2.6676 8.0710 2.0750 15.1658 15.2893 2.5590 2.3758 2.7431 2.1374 2.6821 2.2744 
2.7227 2.7671 2.4715 2.3427 2.2183 9.7381 9.7575 2.5167 2.3447 8.3681 7.8010 2.1445 14.9016 7.7723 2.4715 2.4093 2.6569 2.7531 2.1470 
2.0922 2.6236 2.7032 2.4535 2.1339 2.5846 10.0742 2.3170 2.0572 1.8964 7.9396 2.0838 15.3114 2.3855 1.9380 2.3298 2.2951 2.0168 1.9595 
2.5179 2.5742 2.3585 2.6362 1.9734 1.9133 9.9086 2.6163 2.0278 8.0718 1.9848 2.5549 15.6974 2.0445 2.3383 2.1144 2.0093 1.9639 2.6351 
2.1517 2.5122 2.1699 2.1260 1.9419 2.0450 9.7151 10.3212 9.9770 7.7704 21.0957 15.5076 9.7302 2.4789 2.6227 2.1845 1.9624 2.3480 2.6565 
1.9192 1.9935 2.3265 2.0120 1.9327 2.1853 2.4257 2.6366 10.0500 2.7116 21.2465 2.6073 2.7329 2.0313 2.6787 2.0068 1.9421 2.6673 2.5600 
2.6669 2.0895 1.9457 2.5025 2.1053 2.3969 2.2883 2.0502 10.2718 2.0128 20.4175 2.2397 2.4204 2.6274 2.2025 2.0651 2.2388 2.1411 1.9185 
2.2730 2.5236 2.2299 2.4444 2.4502 2.6640 2.2517 2.1095 9.9381 1.8772 21.1967 9.0742 2.4842 1.8866 2.3650 2.5948 2.5851 2.6191 2.5874 
2.7659 2.5029 1.9084 2.2856 2.5394 2.0367 2.6931 2.3921 2.2033 28.0351 2.5209 2.5537 2.6243 2.0316 2.0163 2.5945 2.7014 2.1001 2.7030 
2.6358 2.4317 2.0727 2.3644 2.4028 2.3966 2.4871 2.0825 2.2061 28.2022 2.7173 2.5962 2.3566 2.0217 2.0455 2.7401 2.5294 2.0559 2.7151 
2.7710 2.1993 2.0767 2.7065 2.4443 2.3860 2.0393 2.1913 2.1996 9.9175 2.2350 1.8903 2.5928 2.0163 2.0854 2.4974 1.8956 2.3832 1.9737 
2.2748 2.6727 2.6160 1.8950 2.6856 2.3679 2.2746 1.8794 1.9531 2.3132 2.5470 2.7429 1.9236 2.3297 2.7116 1.9768 2.6924 2.1426 2.3590 
50
2
1 1 13 9 0 1 9
2 1 11 1 0 0 10
14
6 0 14 11 15 0 35 0 0 0
9 1 8 6 30 0 31 0 0 1
10 0 13 10 20 0 26 0 0 0
11 1 3 11 20 0 26 0 0 0
12 0 17 9 20 0 22 0 0 0
13 1 3 10 30 0 22 0 0 1
14 0 7 0 20 0 17 0 0 0
15 1 4 7 20 0 17 0 0 0
16 0 10 12 20 0 13 0 0 0
17 1 8 10 30 0 13 0 0 1
18 0 8 9 20 0 8 0 0 0
19 1 9 12 20 0 8 0 0 0
20 0 5 10 20 0 4 0 1 0
21 1 12 10 20 0 4 0 1 0
30 58
46 46 0 0 0 0
2
0 0 0 19
0 0 0 0
0
1.9810 2.2402 2.5573 2.3326 2.4489 1.9778 2.4030 2.0618 2.4278 2.0750 1.8689 2.2423 1.8962 2.5192 1.8505 2.5069 2.1219 2.6547 2.2013 
2.0949 2.3687 2.2776 2.2687 2.0668 2.3028 2.1827 2.6174 1.9391 2.5936 2.0055 2.3084 2.4350 2.5784 2.0177 1.8579 1.8593 2.6692 2.0774 
2.1510 2.0044 2.3881 2.4722 2.1526 2.1368 2.0161 2.2343 1.8874 31.9971 2.1584 2.6779 2.2241 2.4052 1.8416 2.1570 1.8882 1.9478 1.8606 
2.3306 2.1483 2.4571 2.6479 1.9429 2.0001 2.3723 2.3440 7.9801 32.4986 26.7483 2.3842 2.1244 2.0976 2.2722 2.4094 1.8346 2.2232 2.6559 
1.9619 2.5762 2.6172 2.0620 1.8483 2.0926 7.7450 7.8160 2.4235 1.9732 26.6935 1.9161 2.1602 2.1192 2.1808 2.2280 1.8445 2.6392 2.3358 
2.6830 2.5800 2.3490 1.8599 2.4874 7.6466 2.6716 1.9616 2.6592 1.9339 26.1133 2.4789 2.4579 2.2566 2.2550 1.9408 2.4974 1.8318 2.3938 
2.5112 1.9778 2.6075 1.9599 2.6712 8.1263 7.7503 2.5758 9.7679 1.8734 26.1755 1.8976 1.9702 1.9333 2.2018 2.0176 2.5420 2.5232 1.8600 
2.4763 2.2116 2.3687 2.6542 2.5361 2.2418 15.4197 10.2078 1.9489 26.5065 2.4000 1.8485 2.1383 2.1809 1.8269 2.2615 2.2312 2.1944 1.8774 
2.2144 2.1983 2.3472 1.8959 2.4392 7.4929 15.8060 2.5614 10.1567 18.7547 10.4939 1.8232 2.2343 1.9859 2.4786 1.9249 1.9457 1.9634 2.2181 
1.9964 2.5354 2.2572 2.3002 2.2104 1.8275 15.2631 2.4967 10.2224 2.6452 10.5067 2.4880 2.6614 2.5179 2.1992 1.9192 2.5301 1.9897 2.1338 
2.6477 2.0779 1.8695 2.3381 2.2224 7.4842 15.6934 2.1361 1.8239 18.8020 2.1061 2.6601 1.8348 1.8675 2.1468 2.1992 2.3538 1.8610 2.2161 
1.9725 2.0587 2.3754 2.1691 2.1525 2.0246 16.1163 23.7483 23.3669 24.7863 24.6665 1.9765 2.6555 2.4316 2.2566 2.4834 2.2358 2.1527 1.9624 
2.3525 1.9495 2.6014 1.8958 10.5924 10.2962 1.9191 2.0901 9.7043 2.6177 24.6165 1.9483 2.6725 2.6601 2.0470 2.3853 1.8645 2.2191 1.9289 
2.1967 2.3181 2.0942 2.2468 10.4128 1.8987 2.4021 2.4186 9.8985 1.8762 24.5161 2.0922 10.5081 10.1737 10.2439 2.2233 2.5371 2.5967 2.1326 
2.2519 2.1763 1.9738 2.2809 10.3390 1.9703 2.6114 9.7044 17.9864 1.9501 24.4978 24.5740 2.1526 1.8422 10.9368 2.1710 1.9801 2.1023 2.5467 
2.6083 2.4947 2.1228 10.9076 10.4395 2.2576 11.0112 10.3974 2.6711 32.3402 2.3973 24.8389 10.9728 1.8486 10.5418 10.5281 2.3741 1.8793 2.5900 
1.8583 1.9144 2.1402 1.9516 1.9517 10.3834 10.4548 2.4215 2.0445 32.3361 2.2373 2.3535 10.6651 10.2939 2.2021 1.8768 2.1198 2.2622 2.4371 
2.5833 2.6846 2.5049 2.3567 2.2938 1.8961 2.6800 1.9655 2.1100 2.6430 1.9480 1.8896 2.3426 2.2879 2.0967 2.3751 1.9897 1.9281 2.0428 
2.3817 2.2912 1.9899 2.1309 1.8675 2.0649 2.4726 1.9305 1.9584 1.9442 2.1397 2.3897 2.4602 2.0108 2.0858 2.3567 2.4110 1.9931 2.4429 
2.3901 2.2359 2.2849 2.1588 2.6299 2.6253 1.8641 2.5889 2.4320 2.4933 2.2813 2.4719 2.1247 1.9406 1.8794 2.5166 2.3226 2.0945 2.0500 
2.6381 2.1280 2.6435 2.6601 1.8947 2.2092 1.9065 2.0994 2.0422 2.6592 2.1267 2.4500 2.4618 2.0760 2.1508 2.2503 2.6004 2.5443 2.3496 
2.5604 1.8648 2.6891 2.5274 2.6150 2.3330 2.0066 1.8963 2.2721 27.6866 2.2021 1.9452 2.2722 2.0070 2.3790 2.6762 1.9438 2.3516 1.9463 
2.5386 2.0386 1.9928 2.4623 1.8546 2.4847 2.2126 9.3102 15.4582 27.7404 15.0349 7.7197 1.9867 2.3327 2.4692 2.4977 2.6805 1.8519 2.2033 
2.3973 2.1418 2.6013 2.2841 2.4235 2.5095 15.3856 14.9386 15.4900 2.1785 14.7411 8.1413 2.4838 2.1220 1.8981 2.1687 2.5918 2.2001 2.1148 
1.8709 2.3472 2.5680 1.8721 9.5059 15.3724 2.3612 2.3125 15.2948 2.6401 14.9772 2.3310 2.2243 2.3314 2.5617 2.3400 2.0324 2.2042 2.5861 
2.1979 2.0503 1.9625 2.0165 2.0484 14.9019 8.0020 2.3112 15.3211 2.4620 14.9214 2.6537 7.6733 2.1548 2.0778 2.2244 2.4354 1.8483 2.3288 
2.4227 1.9340 2.2562 2.5263 2.3774 2.6088 15.0306 15.0888 2.5906 7.8319 2.0158 14.7138 14.8336 2.4852 2.3075 2.6638 2.0763 2.6046 2.2092 
2.6440 2.6871 2.4004 2.2754 2.1548 9.4490 9.4678 2.4442 2.2774 8.1201 7.5700 2.0832 14.4576 7.5421 2.4004 2.3400 2.5802 2.6735 2.0856 
2.0324 2.5479 2.6251 2.3829 2.0729 2.5101 9.7750 2.2505 1.9985 1.8425 7.7044 2.0243 14.8551 2.3169 1.8829 2.2629 2.2292 1.9593 1.9037 
2.4454 2.5000 2.2907 2.5601 1.9172 1.8589 9.6143 2.5408 1.9700 7.8326 1.9283 2.4813 15.2295 1.9862 2.2712 2.0540 1.9520 1.9080 2.5590 
2.0901 2.4398 2.1078 2.0652 1.8866 1.9867 9.4266 10.0146 9.6807 7.5403 20.4658 15.0454 9.4413 2.4075 2.5470 2.1220 1.9065 2.2806 2.5798 
1.8646 1.9367 2.2597 1.9546 1.8777 2.1227 2.3559 2.5605 9.7515 2.6333 20.6121 2.5321 2.6539 1.9734 2.6013 1.9496 1.8868 2.5903 2.4862 
2.5899 2.0298 1.8903 2.4304 2.0451 2.3280 2.2227 1.9917 9.9666 1.9554 19.8080 2.1755 2.3508 2.5516 2.1394 2.0061 2.1746 2.0799 1.8639 
2.2078 2.4509 2.1660 2.3741 2.3797 2.5871 2.1871 2.0492 9.6430 1.8239 20.5638 8.8050 2.4127 1.8330 2.2971 2.5200 2.5105 2.5435 2.5128 
2.6859 2.4308 1.8541 2.2200 2.4662 1.9786 2.6153 2.3233 2.1402 27.1970 2.4483 2.4801 2.5486 1.9737 1.9588 2.5197 2.6234 2.0401 2.6249 
2.5597 2.3617 2.0135 2.2965 2.3337 2.3277 2.4155 2.0230 2.1429 27.3591 2.6388 2.5213 2.2889 1.9640 1.9871 2.6609 2.4565 1.9972 2.6366 
2.6909 2.1363 2.0174 2.6283 2.3740 2.3174 1.9811 2.1286 2.1366 9.6230 2.1710 1.8366 2.5180 1.9588 2.0258 2.4255 1.8417 2.3147 1.9175 
2.2096 2.5955 2.5405 1.8412 2.6080 2.2999 2.2094 1.8260 1.8975 2.2468 2.4736 2.6636 1.8689 2.2628 2.6333 1.9205 2.6146 2.0813 2.2912 
51
2
1 1 13 9 0 2 9
2 1 11 1 0 0 10
16
6 0 14 10 15 0 36 0 0 0
9 1 7 6 30 0 32 0 0 1
10 0 14 10 20 0 27 0 4 0
11 1 4 11 20 0 27 0 0 0
12 0 17 10 20 0 23 0 0 0
13 1 4 11 30 0 23 0 0 1
14 0 8 1 20 0 18 0 0 0
15 1 3 8 20 0 18 0 0 0
16 0 11 12 20 0 14 0 0 0
17 1 8 9 30 0 14 0 0 1
18 0 8 8 20 0 9 0 0 0
19 1 8 12 20 0 9 0 0 0
20 0 6 10 20 0 5 0 0 0
21 1 11 10 20 0 5 0 0 0
22 0 2 9 20 0 0 0 2 0
23 1 16 9 20 0 0 0 1 0
30 58
46 46 0 0 0 0
2
0 0 0 18
0 0 0 0
0
1.9246 2.1760 2.4836 2.2656 2.3784 1.9215 2.3339 2.0029 2.3580 2.0158 1.8158 2.1780 1.8423 2.4466 1.7980 2.4347 2.0612 2.5781 2.1383 
2.0351 2.3006 2.2123 2.2036 2.0078 2.2367 2.1202 2.5419 1.8839 2.5188 1.9483 2.2421 2.3650 2.5040 1.9602 1.8052 1.8065 2.5921 2.0181 
2.0895 1.9473 2.3195 2.4010 2.0910 2.0757 1.9586 2.1703 1.8338 31.0402 2.0966 2.6006 2.1604 2.3360 1.7894 2.0953 1.8346 1.8924 1.8078 
2.2637 2.0869 2.3864 2.5715 1.8876 1.9431 2.3041 2.2767 7.7437 31.5266 25.9489 2.3157 2.0637 2.0377 2.2070 2.3401 1.7826 2.1595 2.5792 
1.9060 2.5019 2.5417 2.0031 1.7959 2.0328 7.5157 7.5845 2.3538 1.9170 25.8957 1.8616 2.0984 2.0586 2.1184 2.1642 1.7922 2.5630 2.2687 
2.6055 2.5056 2.2815 1.8071 2.4158 7.4202 2.5945 1.9058 2.5824 1.8789 25.3329 2.4075 2.3872 2.1919 2.1904 1.8856 2.4255 1.7798 2.3250 
2.4389 1.9215 2.5323 1.9041 2.5941 7.8855 7.5208 2.5015 9.4779 1.8202 25.3932 1.8437 1.9141 1.8783 2.1387 1.9601 2.4687 2.4505 1.8072 
2.4050 2.1483 2.3006 2.5776 2.4630 2.1775 14.9601 9.9046 1.8934 25.7143 2.3310 1.7960 2.0772 2.1185 1.7751 2.1967 2.1673 2.1316 1.8241 
2.1510 2.1354 2.2798 1.8420 2.3690 7.2711 15.3348 2.4876 9.8550 18.1951 10.1821 1.7715 2.1703 1.9293 2.4072 1.8702 1.8903 1.9075 2.1546 
1.9395 2.4623 2.1925 2.2342 2.1471 1.7757 14.8082 2.4248 9.9187 2.5688 10.1945 2.4164 2.5846 2.4454 2.1362 1.8646 2.4572 1.9330 2.0728 
2.5713 2.0186 1.8164 2.2710 2.1587 7.2627 15.2256 2.0750 1.7722 18.2409 2.0459 2.5833 1.7828 1.8145 2.0854 2.1362 2.2862 1.8082 2.1526 
1.9163 1.9999 2.3071 2.1070 2.0909 1.9669 15.6358 23.0389 22.6689 24.0457 23.9295 1.9202 2.5788 2.3617 2.1919 2.4119 2.1717 2.0911 1.9065 
2.2849 1.8940 2.5264 1.8419 10.2776 9.9903 1.8645 2.0304 9.4162 2.5422 23.8810 1.8929 2.5953 2.5833 1.9886 2.3167 1.8116 2.1555 1.8740 
2.1338 2.2516 2.0344 2.1824 10.1034 1.8447 2.3330 2.3490 9.6045 1.8229 23.7836 2.0324 10.1959 9.8715 9.9396 2.1596 2.4640 2.5218 2.0716 
2.1873 2.1140 1.9176 2.2155 10.0318 1.9142 2.5361 9.4163 17.4498 1.8946 23.7659 23.8398 2.0910 1.7899 10.6117 2.1089 1.9237 2.0422 2.4733 
2.5331 2.4229 2.0621 10.5834 10.1293 2.1929 10.6839 10.0885 2.5940 31.3730 2.3284 24.0967 10.6466 1.7961 10.2285 10.2153 2.3059 1.8259 2.5153 
1.8056 1.8600 2.0790 1.8961 1.8961 10.0749 10.1442 2.3519 1.9862 31.3690 2.1732 2.2859 10.3481 9.9881 2.1390 1.8235 2.0592 2.1973 2.3670 
2.5088 2.6071 2.4328 2.2890 2.2280 1.8422 2.6026 1.9095 2.0497 2.5667 1.8926 1.8359 2.2753 2.2223 2.0368 2.3068 1.9330 1.8733 1.9845 
2.3132 2.2255 1.9332 2.0700 1.8145 2.0060 2.4014 1.8756 1.9026 1.8889 2.0785 2.3210 2.3894 1.9535 2.0262 2.2890 2.3417 1.9363 2.3726 
2.3214 2.1718 2.2194 2.0970 2.5540 2.5495 1.8112 2.5142 2.3620 2.4215 2.2159 2.4007 2.0640 1.8854 1.8260 2.4441 2.2559 2.0347 1.9915 
2.5620 2.0672 2.5672 2.5833 1.8409 2.1459 1.8523 2.0394 1.9839 2.5824 2.0659 2.3795 2.3909 2.0167 2.0893 2.1858 2.5254 2.4710 2.2821 
2.4866 1.8119 2.6114 2.4546 2.5396 2.2660 1.9494 1.8424 2.2069 26.8590 2.1390 1.8898 2.2070 1.9498 2.3106 2.5989 1.8885 2.2841 1.8909 
2.4654 1.9804 1.9360 2.3914 1.8020 2.4132 2.1492 9.0339 14.9975 26.9112 14.5869 7.4911 1.9301 2.2657 2.3981 2.4258 2.6031 1.7993 2.1402 
2.3284 2.0805 2.5263 2.2186 2.3538 2.4372 14.9270 14.4934 15.0283 2.1161 14.3019 7.9001 2.4123 2.0613 1.8442 2.1066 2.5170 2.1371 2.0544 
1.8178 2.2798 2.4940 1.8189 9.2237 14.9142 2.2934 2.2461 14.8390 2.5639 14.5309 2.2641 2.1606 2.2645 2.4878 2.2728 1.9744 2.1411 2.5115 
2.1350 1.9918 1.9066 1.9590 1.9899 14.4578 7.7649 2.2449 14.8645 2.3911 14.4768 2.5771 7.4461 2.0932 2.0185 2.1607 2.3653 1.7959 2.2619 
2.3530 1.8790 2.1915 2.4535 2.3091 2.5335 14.5827 14.6391 2.5159 7.5999 1.9583 14.2754 14.3916 2.4136 2.2413 2.5869 2.0170 2.5295 2.1459 
2.5677 2.6095 2.3314 2.2101 2.0932 9.1685 9.1868 2.3739 2.2121 7.8795 7.3459 2.0237 14.0269 7.3188 2.3314 2.2728 2.5058 2.5963 2.0260 
1.9744 2.4745 2.5493 2.3144 2.0137 2.4378 9.4848 2.1860 1.9415 1.7902 7.4763 1.9666 14.4124 2.2504 1.8294 2.1980 2.1653 1.9035 1.8496 
2.3750 2.4280 2.2250 2.4863 1.8627 1.8061 9.3289 2.4676 1.9139 7.6006 1.8735 2.4099 14.7756 1.9296 2.2061 1.9954 1.8964 1.8538 2.4852 
2.0304 2.3696 2.0476 2.0062 1.8330 1.9301 9.1468 9.7172 9.3933 7.3171 19.8548 14.5970 9.1611 2.3383 2.4736 2.0613 1.8523 2.2152 2.5054 
1.8117 1.8816 2.1949 1.8990 1.8244 2.0620 2.2882 2.4867 9.4620 2.5573 19.9967 2.4591 2.5773 1.9172 2.5263 1.8941 1.8332 2.5156 2.4146 
2.5152 1.9719 1.8366 2.3605 1.9867 2.2612 2.1590 1.9349 9.6706 1.8997 19.2168 2.1132 2.2833 2.4781 2.0782 1.9489 2.1124 2.0205 1.8110 
2.1446 2.3804 2.1040 2.3059 2.3113 2.5125 2.1245 1.9907 9.3567 1.7722 19.9499 8.5439 2.3433 1.7810 2.2312 2.4474 2.4382 2.4702 2.4404 
2.6083 2.3609 1.8015 2.1564 2.3952 1.9222 2.5398 2.2566 2.0790 26.3841 2.3779 2.4087 2.4751 1.9175 1.9030 2.4471 2.5477 1.9819 2.5492 
2.4859 2.2938 1.9561 2.2306 2.2667 2.2609 2.3460 1.9653 2.0816 26.5413 2.5626 2.4487 2.2232 1.9081 1.9305 2.5841 2.3858 1.9403 2.5605 
2.6132 2.0752 1.9599 2.5525 2.3058 2.2509 1.9247 2.0677 2.0755 9.3373 2.1089 1.7845 2.4455 1.9030 1.9680 2.3557 1.7894 2.2483 1.8630 
2.1463 2.5206 2.4673 1.7890 2.5328 2.2339 2.1461 1.7742 1.8436 2.1824 2.4024 2.5867 1.8158 2.1979 2.5573 1.8659 2.5392 2.0219 2.2255 
52
2
1 1 13 9 0 1 9
2 1 11 1 0 0 10
16
6 0 15 9 15 0 37 0 0 0
9 1 7 7 30 0 33 0 0 1
10 0 15 9 20 0 28 0 4 0
11 1 4 10 20 0 28 0 0 0
12 0 17 11 20 0 24 0 0 0
13 1 4 10 30 0 24 0 0 1
14 0 8 0 20 0 19 0 0 0
15 1 3 9 20 0 19 0 0 0
16 0 12 13 20 0 15 0 0 0
17 1 7 9 30 0 15 0 0 1
18 0 9 8 20 0 10 0 0 0
19 1 7 12 20 0 10 0 0 0
20 0 7 9 20 0 6 0 0 0
21 1 11 9 20 0 6 0 0 0
22 0 3 9 20 0 1 0 2 0
23 1 15 9 20 0 1 0 1 0
33 61
46 46 0 0 0 0
2
0 0 0 17
0 0 0 0
0
1.8699 2.1137 2.4121 2.2006 2.3100 1.8669 2.2669 1.9458 2.2903 1.9583 1.7643 2.1157 1.7900 2.3762 1.7471 2.3647 2.0024 2.5038 2.0772 
1.9770 2.2346 2.1489 2.1405 1.9506 2.1726 2.0596 2.4686 1.8304 2.4462 1.8929 2.1778 2.2971 2.4319 1.9044 1.7540 1.7553 2.5173 1.9606 
2.0298 1.8919 2.2529 2.3320 2.0313 2.0164 1.9028 2.1082 1.7818 30.1120 2.0367 2.5256 2.0986 2.2689 1.7387 2.0354 1.7826 1.8386 1.7566 
2.1988 2.0273 2.3178 2.4974 1.8340 1.8878 2.2380 2.2114 7.5144 30.5838 25.1734 2.2492 2.0048 1.9796 2.1438 2.2729 1.7321 2.0977 2.5048 
1.8518 2.4298 2.4684 1.9460 1.7450 1.9748 7.2932 7.3600 2.2862 1.8625 25.1218 1.8088 2.0384 1.9998 2.0578 2.1023 1.7414 2.4891 2.2036 
2.5303 2.4334 2.2161 1.7559 2.3463 7.2006 2.5197 1.8516 2.5079 1.8255 24.5759 2.3383 2.3186 2.1291 2.1277 1.8320 2.3557 1.7294 2.2583 
2.3687 1.8669 2.4593 1.8500 2.5193 7.6519 7.2982 2.4295 9.1966 1.7686 24.6344 1.7914 1.8597 1.8250 2.0775 1.9043 2.3976 2.3800 1.7560 
2.3359 2.0869 2.2346 2.5033 2.3921 2.1152 14.5143 9.6105 1.8396 24.9459 2.2641 1.7451 2.0179 2.0579 1.7248 2.1338 2.1053 2.0707 1.7724 
2.0895 2.0743 2.2144 1.7897 2.3009 7.0560 14.8778 2.4160 9.5624 17.6522 9.8796 1.7214 2.1082 1.8744 2.3380 1.8171 1.8366 1.8533 2.0930 
1.8843 2.3914 2.1297 2.1702 2.0857 1.7254 14.3670 2.3551 9.6241 2.4947 9.8917 2.3469 2.5101 2.3750 2.0751 1.8117 2.3865 1.8780 2.0136 
2.4972 1.9610 1.7649 2.2059 2.0969 7.0478 14.7718 2.0158 1.7220 17.6967 1.9875 2.5088 1.7323 1.7631 2.0258 2.0751 2.2206 1.7570 2.0910 
1.8618 1.9429 2.2409 2.0468 2.0312 1.9109 15.1697 22.3507 21.9918 23.3273 23.2146 1.8656 2.5044 2.2938 2.1291 2.3425 2.1095 2.0314 1.8523 
2.2194 1.8402 2.4536 1.7896 9.9723 9.6936 1.8116 1.9725 9.1367 2.4689 23.1676 1.8391 2.5204 2.5088 1.9319 2.2502 1.7603 2.0938 1.8208 
2.0728 2.1871 1.9764 2.1199 9.8033 1.7924 2.2660 2.2815 9.3194 1.7712 23.0731 1.9744 9.8930 9.5784 9.6444 2.0978 2.3931 2.4491 2.0125 
2.1247 2.0536 1.8631 2.1520 9.7338 1.8598 2.4630 9.1368 16.9293 1.8408 23.0559 23.1276 2.0313 1.7392 10.2963 2.0486 1.8690 1.9839 2.4021 
2.4601 2.3532 2.0032 10.2689 9.8284 2.1301 10.3664 9.7888 2.5192 30.4348 2.2615 23.3768 10.3302 1.7452 9.9246 9.9118 2.2397 1.7741 2.4428 
1.7544 1.8072 2.0196 1.8422 1.8422 9.7757 9.8429 2.2843 1.9296 30.4309 2.1110 2.2203 10.0407 9.6915 2.0778 1.7718 2.0004 2.1344 2.2990 
2.4365 2.5319 2.3628 2.2233 2.1642 1.7899 2.5275 1.8552 1.9912 2.4927 1.8388 1.7838 2.2100 2.1586 1.9787 2.2406 1.8780 1.8201 1.9280 
2.2468 2.1617 1.8782 2.0109 1.7631 1.9488 2.3324 1.8223 1.8485 1.8352 2.0191 2.2544 2.3207 1.8979 1.9684 2.2233 2.2744 1.8812 2.3044 
2.2548 2.1096 2.1558 2.0371 2.4804 2.4760 1.7599 2.4418 2.2941 2.3519 2.1524 2.3317 2.0051 1.8318 1.7742 2.3738 2.1912 1.9767 1.9348 
2.4881 2.0082 2.4932 2.5088 1.7887 2.0845 1.7997 1.9812 1.9274 2.5079 2.0069 2.3111 2.3222 1.9592 2.0296 2.1232 2.4526 2.3999 2.2166 
2.4150 1.7605 2.5361 2.3840 2.4664 2.2010 1.8939 1.7901 2.1437 26.0562 2.0778 1.8361 2.1438 1.8943 2.2443 2.5239 1.8348 2.2186 1.8372 
2.3944 1.9240 1.8809 2.3227 1.7509 2.3438 2.0877 8.7659 14.5506 26.1069 14.1523 7.2694 1.8752 2.2007 2.3292 2.3560 2.5280 1.7483 2.0790 
2.2615 2.0211 2.4535 2.1550 2.2862 2.3671 14.4822 14.0616 14.5805 2.0556 13.8758 7.6661 2.3429 2.0025 1.7919 2.0464 2.4445 2.0760 1.9958 
1.7663 2.2144 2.4222 1.7673 8.9500 14.4698 2.2276 2.1817 14.3968 2.4900 14.0980 2.1992 2.0988 2.1996 2.4162 2.2076 1.9182 2.0799 2.4392 
2.0740 1.9350 1.8524 1.9032 1.9332 14.0271 7.5350 2.1806 14.4216 2.3224 14.0455 2.5028 7.2257 2.0334 1.9609 2.0989 2.2973 1.7450 2.1970 
2.2854 1.8256 2.1288 2.3829 2.2428 2.4605 14.1482 14.2029 2.4434 7.3749 1.9026 13.8501 13.9629 2.3442 2.1771 2.5123 1.9595 2.4566 2.0845 
2.4937 2.5342 2.2645 2.1468 2.0334 8.8964 8.9142 2.3057 2.1487 7.6461 7.1285 1.9660 13.6091 7.1022 2.2645 2.2076 2.4336 2.5214 1.9682 
1.9182 2.4033 2.4758 2.2480 1.9563 2.3677 9.2033 2.1234 1.8863 1.7395 7.2550 1.9106 13.9830 2.1859 1.7775 2.1351 2.1033 1.8494 1.7971 
2.3068 2.3582 2.1613 2.4147 1.8098 1.7549 9.0520 2.3966 1.8595 7.3756 1.8203 2.3406 14.3353 1.8747 2.1429 1.9385 1.8425 1.8012 2.4136 
1.9725 2.3015 1.9892 1.9490 1.7810 1.8752 8.8754 9.4287 9.1145 7.1006 19.2622 14.1621 8.8893 2.2712 2.4024 2.0025 1.7997 2.1517 2.4332 
1.7603 1.8282 2.1321 1.8450 1.7727 2.0031 2.2226 2.4151 9.1811 2.4836 19.3998 2.3883 2.5030 1.8627 2.4535 1.8403 1.7812 2.4431 2.3452 
2.4427 1.9157 1.7845 2.2927 1.9301 2.1964 2.0972 1.8799 9.3835 1.8457 18.6433 2.0528 2.2178 2.4068 2.0189 1.8934 2.0520 1.9629 1.7597 
2.0833 2.3120 2.0439 2.2397 2.2450 2.4401 2.0638 1.9340 9.0790 1.7220 19.3544 8.2906 2.2760 1.7306 2.1673 2.3770 2.3681 2.3991 2.3702 
2.5331 2.2931 1.7505 2.0947 2.3263 1.8675 2.4666 2.1919 2.0196 25.5956 2.3096 2.3394 2.4038 1.8630 1.8489 2.3767 2.4743 1.9254 2.4757 
2.4143 2.2280 1.9004 2.1667 2.2017 2.1961 2.2786 1.9093 2.0222 25.7481 2.4887 2.3782 2.1595 1.8539 1.8756 2.5096 2.3172 1.8851 2.4867 
2.5378 2.0159 1.9041 2.4789 2.2396 2.1864 1.8700 2.0087 2.0162 9.0602 2.0486 1.7340 2.3751 1.8489 1.9120 2.2880 1.7387 2.1839 1.8101 
2.0849 2.4480 2.3963 1.7383 2.4598 2.1699 2.0847 1.7240 1.7913 2.1199 2.3333 2.5121 1.7643 2.1350 2.4836 1.8129 2.4660 1.9642 2.1617 
53
2
1 1 13 9 0 0 9
2 1 11 1 0 0 10
16
6 0 16 9 15 0 38 1 0 0
9 1 6 8 30 0 34 0 0 1
10 0 16 9 20 0 29 1 4 0
11 1 3 10 20 0 29 0 0 0
12 0 16 12 20 0 25 0 0 0
13 1 3 10 30 0 25 0 0 1
14 0 7 0 20 0 20 0 0 0
15 1 2 9 20 0 20 1 0 0
16 0 12 14 20 0 16 0 0 0
17 1 6 8 30 0 16 0 0 1
18 0 10 9 20 0 11 0 0 0
19 1 7 11 20 0 11 0 0 0
20 0 8 9 20 0 7 0 0 0
21 1 10 9 20 0 7 0 0 0
22 0 2 9 20 0 2 0 2 0
23 1 14 10 20 0 2 0 1 0
53 71
45 44 0 0 0 0
2
0 0 0 16
0 0 0 0
0
1.8168 2.0533 2.3427 2.1376 2.2437 1.8139 2.2019 1.8904 12.2246 1.9026 1.7144 2.0552 1.7393 2.3079 1.6977 2.2968 1.9453 2.4317 2.0179 
1.9207 2.1706 2.0874 2.0793 1.8951 2.1104 12.0008 12.3975 1.7785 12.3758 1.8391 2.1155 2.2312 2.3619 1.8503 1.7044 1.7056 2.4448 1.9048 
1.9719 1.8381 2.1883 2.2650 1.9734 11.9589 11.8487 2.0480 1.7313 49.2116 1.9786 2.4528 2.0386 2.2038 1.6895 1.9773 1.7321 1.7864 1.7069 
2.1358 1.9695 2.2513 2.4255 1.7820 1.8342 2.1739 12.1481 17.2920 39.6693 34.4212 2.1847 1.9477 1.9232 2.0825 2.2077 1.6831 2.0378 2.4327 
1.7992 2.3599 2.3973 1.8906 1.6957 1.9186 17.0774 27.1422 12.2206 1.8096 34.3711 1.7575 1.9802 1.9428 1.9991 2.0422 1.6922 2.4174 2.1405 
2.4574 2.3634 2.1526 1.7062 2.2789 16.9876 2.4471 1.7991 12.4357 1.7737 33.8416 2.2712 2.2520 2.0682 2.0669 1.7800 2.2880 1.6805 2.1936 
2.3006 1.8139 2.3885 1.7975 2.4467 17.4253 17.0823 2.3596 18.9237 1.7185 33.8984 1.7407 1.8069 1.7733 2.0182 1.8502 2.3287 2.3116 1.7063 
2.2688 2.0273 2.1706 2.4312 2.3233 2.0547 24.0819 9.3252 1.7874 34.2005 2.1992 1.6957 1.9604 1.9992 1.6761 2.0728 2.0451 2.0116 1.7222 
2.0298 2.0151 2.1510 1.7390 2.2349 16.8473 24.4345 2.3465 19.2785 27.1256 9.5862 1.6728 2.0480 1.8212 2.2709 1.7656 1.7845 1.8007 2.0332 
1.8308 2.3227 2.0688 2.1081 2.0261 1.6766 23.9390 2.2874 19.3384 2.4229 9.5979 2.2795 2.4378 2.3068 2.0158 1.7603 2.3179 1.8247 1.9562 
2.4253 1.9052 1.7150 2.1427 2.0370 6.8394 24.3316 1.9583 1.6733 27.1688 1.9309 2.4365 1.6833 1.7132 1.9680 2.0158 2.1570 1.7073 2.0313 
1.8089 1.8876 2.1767 1.9884 1.9733 1.8566 14.7176 31.6832 31.3350 42.6305 42.5212 1.8126 2.4323 2.2280 2.0682 2.2752 2.0492 1.9735 1.7997 
2.1558 1.7880 2.3830 1.7389 9.6761 9.4058 1.7603 1.9163 8.8656 2.3978 42.4756 1.7869 2.4478 2.4365 1.8769 2.1857 1.7105 2.0340 1.7692 
2.0136 2.1245 1.9201 2.0593 9.5122 1.7416 2.2010 2.2161 9.0428 1.7211 42.3839 1.9182 9.5992 9.2940 9.3581 2.0379 2.3243 2.3786 1.9551 
2.0640 1.9950 1.8102 2.0904 9.4448 1.8070 2.3921 8.8657 16.4244 1.7886 42.3672 42.4368 1.9734 1.6900 9.9904 1.9901 1.8159 1.9274 2.3330 
2.3893 2.2856 1.9461 9.9638 9.5365 2.0692 10.0584 9.4981 2.4466 49.5248 2.1967 22.6785 10.0233 1.6958 9.6299 9.6174 2.1755 1.7239 2.3725 
1.7048 1.7560 1.9620 1.7899 1.7899 9.4854 9.5506 2.2188 1.8747 49.5210 2.0507 2.1567 9.7425 9.4038 2.0185 1.7216 1.9434 2.0734 2.2330 
2.3664 2.4589 2.2949 2.1596 2.1023 1.7392 2.4547 1.8025 1.9345 2.4209 1.7866 1.7333 2.1467 2.0968 1.9223 2.1764 1.8247 1.7685 1.8732 
2.1824 2.0998 1.8249 1.9536 1.7132 1.8933 2.2654 1.7706 1.7960 1.7831 1.9615 2.1898 2.2541 1.8440 1.9123 2.1596 2.2092 1.8278 2.2383 
2.1902 2.0493 2.0941 1.9790 2.4090 2.4047 1.7101 2.3715 2.2283 2.2843 2.0908 2.2647 1.9479 1.7798 1.7240 2.3056 2.1285 1.9204 1.8798 
2.4165 1.9510 2.4214 2.4365 1.7380 2.0250 1.7487 1.9248 1.8726 2.4357 1.9497 2.2448 2.2555 1.9034 1.9717 2.0625 2.3820 2.3309 2.1531 
2.3456 1.7107 2.4630 2.3155 2.3954 2.1380 1.8401 1.7394 2.0824 35.2775 2.0185 1.7840 2.0825 1.8405 2.1800 2.4512 1.7828 2.1550 1.7851 
2.3256 1.8693 1.8275 2.2560 1.7014 2.2765 2.0281 8.5059 24.1171 35.3267 13.7307 7.0543 1.8219 2.1377 2.2623 2.2883 2.4552 1.6989 2.0196 
2.1967 1.9635 2.3829 2.0934 2.2206 2.2991 14.0507 23.6428 24.1461 1.9969 13.4625 7.4391 2.2756 1.9454 1.7411 1.9880 2.3742 2.0167 1.9389 
1.7163 2.1510 2.3525 1.7173 8.6845 14.0387 2.1638 2.1192 23.9679 2.4183 13.6781 2.1362 2.0388 2.1366 2.3467 2.1444 1.8637 2.0205 2.3690 
2.0148 1.8800 1.7998 1.8491 1.8782 13.6093 7.3120 2.1182 23.9920 2.2557 23.6271 2.4307 7.0119 1.9754 1.9051 2.0389 2.2314 1.6957 2.1341 
2.2198 1.7738 2.0679 2.3144 2.1785 2.3897 13.7268 13.7798 2.3731 17.1567 1.8485 23.4376 23.5470 2.2769 2.1148 2.4399 1.9037 2.3859 2.0250 
2.4219 2.4612 2.1996 2.0854 1.9754 8.6325 8.6498 2.2395 2.0872 7.4197 6.9176 1.9100 23.2038 6.8921 2.1996 2.1444 2.3636 2.4488 1.9122 
1.8637 2.3342 2.4045 2.1836 1.9006 2.2997 8.9302 2.0627 1.8327 1.6903 7.0404 1.8563 23.5665 2.1233 1.7272 2.0740 2.0432 1.7969 1.7462 
2.2406 2.2905 2.0995 2.3453 1.7585 1.7053 8.7834 2.3277 1.8067 7.1573 1.7687 2.2734 23.9082 1.8215 2.0816 1.8833 1.7902 1.7502 2.3442 
1.9163 2.2355 1.9325 1.8935 1.7306 1.8219 8.6121 9.1488 8.8441 6.8906 28.6873 23.7402 8.6256 2.2061 2.3333 1.9454 1.7487 2.0901 2.3632 
1.7105 1.7764 2.0711 1.7927 1.7225 1.9460 2.1589 2.3456 8.9087 2.4121 28.8208 2.3197 2.4309 1.8098 2.3829 1.7881 1.7308 2.3728 2.2778 
2.3724 1.8612 1.7340 2.2269 1.8752 2.1335 2.0373 1.8265 9.1050 1.7933 28.0870 1.9942 2.1543 2.3376 1.9613 1.8396 1.9934 1.9070 1.7099 
2.0238 2.2456 1.9856 2.1755 2.1807 2.3699 2.0049 1.8790 8.8096 1.6733 28.7768 8.0449 2.2107 1.6817 2.1053 2.3087 2.3001 2.3301 2.3021 
2.4601 2.2273 1.7010 2.0349 2.2595 1.8145 2.3956 2.1291 1.9620 34.8307 2.2433 2.2722 2.3347 1.8101 1.7964 2.3084 2.4031 1.8706 2.4044 
2.3449 2.1642 1.8464 2.1047 2.1386 2.1332 2.2132 1.8550 1.9645 34.9787 2.4170 2.3099 2.0977 1.8013 1.8223 2.4373 2.2507 1.8315 2.4151 
2.4647 1.9584 1.8500 2.4075 2.1754 2.1238 1.8169 1.9514 1.9587 8.7914 1.9901 1.6850 2.3068 1.7964 1.8576 2.2224 1.6895 2.1214 1.7588 
2.0254 2.3776 2.3274 1.6892 2.3890 2.1078 2.0252 1.6753 1.7406 2.0593 2.2663 2.4397 1.7144 2.0740 2.4121 1.7615 2.3950 1.9083 2.0998 
54
2
1 1 13 9 0 0 9
2 1 11 1 0 0 10
13
9 1 5 8 30 0 35 0 0 1
11 1 3 9 20 0 30 0 0 0
12 0 15 12 20 0 26 0 0 0
13 1 3 9 30 0 26 0 0 1
14 0 8 1 20 0 21 0 0 0
16 0 13 13 20 0 17 0 0 0
17 1 5 8 30 0 17 0 0 1
18 0 11 9 20 0 12 0 0 0
19 1 6 10 20 0 12 0 0 0
20 0 8 8 20 0 8 0 0 0
21 1 9 10 20 0 8 0 0 0
22 0 3 9 20 0 3 0 2 0
23 1 13 10 20 0 3 0 1 0
56 14
45 44 0 0 0 0
2
0 0 0 15
0 0 0 24
0
1.7653 1.9947 2.2754 2.0765 2.1794 1.7625 2.1388 1.8367 11.8609 1.8485 1.6660 1.9965 1.6901 2.2417 1.6498 2.2309 1.8899 2.3617 1.9604 
1.8661 2.1085 2.0278 2.0199 1.8412 2.0501 11.6438 12.0286 1.7281 12.0075 1.7869 2.0550 2.1673 2.2940 1.7978 1.6563 1.6574 2.3745 1.8507 
1.9157 1.7860 2.1257 2.2001 1.9172 11.6031 11.4962 1.9896 1.6824 47.7383 1.9222 2.3822 1.9804 2.1407 1.6418 1.9210 1.6831 1.7358 1.6587 
2.0747 1.9134 2.1868 2.3557 1.7315 1.7822 2.1117 11.7867 16.7762 38.4822 33.3916 2.1222 1.8923 1.8685 2.0230 2.1445 1.6356 1.9797 2.3627 
1.7482 2.2921 2.3284 1.8369 1.6478 1.8640 16.5681 26.3309 11.8570 1.7583 33.3430 1.7078 1.9238 1.8875 1.9421 1.9839 1.6444 2.3479 2.0793 
2.3867 2.2955 2.0910 1.6580 2.2135 16.4810 2.3767 1.7481 12.0656 1.7235 32.8294 2.2061 2.1874 2.0092 2.0079 1.7296 2.2224 1.6331 2.1308 
2.2346 1.7625 2.3198 1.7466 2.3763 16.9055 16.5728 2.2918 18.3590 1.6699 32.8844 1.6915 1.7557 1.7231 1.9607 1.7977 2.2618 2.2453 1.6581 
2.2037 1.9695 2.1085 2.3613 2.2566 1.9961 23.3624 9.0484 1.7368 33.1775 2.1362 1.6478 1.9046 1.9422 1.6288 2.0136 1.9867 1.9543 1.6735 
1.9719 1.9576 2.0895 1.6898 2.1709 16.3449 23.7045 2.2791 18.7031 26.3148 9.3016 1.6256 1.9896 1.7696 2.2058 1.7156 1.7340 1.7497 1.9752 
1.7789 2.2560 2.0097 2.0479 1.9683 1.6293 23.2238 2.2218 18.7612 2.3532 9.3130 2.2141 2.3677 2.2406 1.9583 1.7105 2.2514 1.7730 1.9005 
2.3555 1.8510 1.6666 2.0814 1.9789 6.6372 23.6047 1.9026 1.6261 26.3567 1.8760 2.3664 1.6358 1.6648 1.9120 1.9583 2.0953 1.6591 1.9734 
1.7576 1.8340 2.1144 1.9317 1.9171 1.8039 14.2791 30.7357 30.3980 41.3546 41.2486 1.7612 2.3623 2.1642 2.0092 2.2099 1.9907 1.9173 1.7487 
2.0941 1.7374 2.3145 1.6897 9.3888 9.1266 1.7105 1.8618 8.6026 2.3289 41.2043 1.7363 2.3774 2.3664 1.8236 2.1231 1.6622 1.9760 1.7191 
1.9562 2.0638 1.8655 2.0005 9.2298 1.6924 2.1380 2.1526 8.7745 1.6725 41.1154 1.8637 9.3142 9.0182 9.0804 1.9798 2.2576 2.3102 1.8994 
2.0051 1.9382 1.7589 2.0307 9.1645 1.7558 2.3233 8.6027 15.9347 1.7379 41.0992 41.1667 1.9172 1.6423 9.6937 1.9334 1.7644 1.8726 2.2660 
2.3206 2.2200 1.8907 9.6679 9.2534 2.0101 9.7596 9.2162 2.3762 48.0421 2.1338 22.0011 9.7256 1.6479 9.3440 9.3319 2.1132 1.6752 2.3043 
1.6567 1.7063 1.9061 1.7392 1.7392 9.2038 9.2671 2.1552 1.8215 48.0384 1.9922 2.0950 9.4532 9.1247 1.9609 1.6730 1.8881 2.0142 2.1690 
2.2984 2.3881 2.2291 2.0978 2.0422 1.6900 2.3841 1.7514 1.8795 2.3513 1.7360 1.6843 2.0853 2.0369 1.8676 2.1141 1.7730 1.7184 1.8200 
2.1199 2.0398 1.7732 1.8980 1.6648 1.8395 2.2004 1.7205 1.7451 1.7326 1.9057 2.1271 2.1895 1.7917 1.8579 2.0978 2.1459 1.7760 2.1742 
2.1275 1.9908 2.0343 1.9226 2.3397 2.3356 1.6618 2.3034 2.1645 2.2188 2.0311 2.1998 1.8925 1.7294 1.6753 2.2394 2.0676 1.8658 1.8264 
2.3470 1.8955 2.3518 2.3664 1.6889 1.9673 1.6992 1.8701 1.8194 2.3656 1.8942 2.1805 2.1908 1.8493 1.9155 2.0036 2.3135 2.2640 2.0915 
2.2782 1.6624 2.3921 2.2490 2.3265 2.0769 1.7879 1.6902 2.0229 34.2222 1.9609 1.7335 2.0230 1.7883 2.1176 2.3807 1.7323 2.0934 1.7345 
2.2588 1.8162 1.7757 2.1913 1.6534 2.2112 1.9703 8.2537 23.3966 34.2699 13.3218 6.8457 1.7702 2.0766 2.1974 2.2227 2.3845 1.6509 1.9620 
2.1338 1.9076 2.3144 2.0336 2.1570 2.2331 13.6322 22.9365 23.4247 1.9400 13.0616 7.2189 2.2103 1.8900 1.6919 1.9314 2.3060 1.9592 1.8837 
1.6678 2.0895 2.2849 1.6688 8.4270 13.6205 2.1019 2.0586 23.2519 2.3488 13.2708 2.0751 1.9806 2.0755 2.2793 2.0831 1.8108 1.9629 2.3009 
1.9574 1.8266 1.7488 1.7966 1.8249 13.2040 7.0956 2.0577 23.2752 2.1910 22.9213 2.3608 6.8045 1.9191 1.8509 1.9807 2.1675 1.6478 2.0731 
2.1562 1.7236 2.0089 2.2480 2.1161 2.3210 13.3180 13.3694 2.3049 16.6450 1.7960 22.7375 22.8436 2.2116 2.0544 2.3697 1.8496 2.3173 1.9673 
2.3522 2.3904 2.1366 2.0258 1.9191 8.3765 8.3933 2.1753 2.0276 7.2001 6.7131 1.8557 22.5107 6.6883 2.1366 2.0831 2.2957 2.3783 1.8578 
1.8108 2.2672 2.3354 2.1211 1.8466 2.2337 8.6653 2.0038 1.7807 1.6426 6.8322 1.8036 22.8625 2.0626 1.6784 2.0148 1.9849 1.7460 1.6968 
2.1764 2.2248 2.0395 2.2779 1.7087 1.6571 8.5229 2.2609 1.7555 6.9456 1.7186 2.2082 23.1940 1.7699 2.0222 1.8298 1.7395 1.7007 2.2769 
1.8618 2.1714 1.8775 1.8397 1.6817 1.7702 8.3567 8.8773 8.5818 6.6869 27.8297 23.0310 8.3698 2.1429 2.2663 1.8900 1.6992 2.0304 2.2953 
1.6622 1.7261 2.0120 1.7419 1.6738 1.8906 2.0971 2.2782 8.6444 2.3427 27.9592 2.2531 2.3610 1.7585 2.3144 1.7375 1.6819 2.3046 2.2125 
2.3042 1.8084 1.6850 2.1631 1.8219 2.0725 1.9792 1.7747 8.8349 1.7425 27.2474 1.9374 2.0927 2.2705 1.9055 1.7874 1.9366 1.8528 1.6616 
1.9661 2.1812 1.9290 2.1132 2.1183 2.3018 1.9478 1.8256 8.5483 1.6261 27.9165 7.8066 2.1474 1.6342 2.0451 2.2424 2.2341 2.2632 2.2360 
2.3893 2.1635 1.6530 1.9769 2.1947 1.7631 2.3267 2.0682 1.9061 33.7888 2.1790 2.2070 2.2677 1.7588 1.7455 2.2421 2.3340 1.8175 2.3353 
2.2776 2.1023 1.7940 2.0446 2.0774 2.0722 2.1498 1.8024 1.9086 33.9323 2.3475 2.2436 2.0378 1.7503 1.7706 2.3672 2.1862 1.7796 2.3456 
2.3938 1.9026 1.7975 2.3383 2.1131 2.0631 1.7654 1.8959 1.9029 8.5307 1.9334 1.6375 2.2406 1.7455 1.8049 2.1587 1.6418 2.0608 1.7090 
1.9676 2.3093 2.2606 1.6415 2.3203 2.0476 1.9674 1.6280 1.6914 2.0005 2.2013 2.3695 1.6660 2.0148 2.3427 1.7117 2.3262 1.8541 2.0398 
55
2
1 1 13 9 0 0 9
2 1 11 1 0 0 10
15
9 1 4 8 30 0 36 0 0 1
11 1 2 9 20 0 31 1 0 0
12 0 15 11 20 0 27 0 0 0
13 1 2 9 30 0 27 1 0 1
14 0 7 2 20 0 22 0 0 0
16 0 13 12 20 0 18 0 0 0
17 1 4 8 30 0 18 0 0 1
18 0 11 10 20 0 13 0 0 0
19 1 5 10 20 0 13 0 0 0
20 0 9 8 20 0 9 0 0 0
21 1 8 10 20 0 9 0 0 0
22 0 3 10 20 0 4 0 2 0
23 1 12 10 20 0 4 0 1 0
24 0 2 9 30 0 0 0 0 1
25 1 16 9 20 0 0 0 1 0
56 34
43 44 0 0 0 0
2
0 0 0 14
0 0 0 23
0
1.7153 1.9379 2.2101 2.0172 2.1170 1.7126 2.0776 1.7846 11.5081 1.7960 1.6190 1.9396 1.6424 2.1774 1.6033 2.1670 1.8362 2.2938 1.9046 
1.8131 2.0482 1.9700 1.9623 1.7890 1.9916 11.2975 11.6707 1.6793 11.6503 1.7363 1.9964 2.1053 2.2282 1.7469 1.6096 1.6107 2.3063 1.7982 
1.8612 1.7354 2.0649 2.1371 1.8627 11.2580 11.1543 1.9329 1.6349 46.3092 1.8675 2.3137 1.9240 2.0795 1.5955 1.8664 1.6356 1.6867 1.6119 
2.0155 1.8590 2.1242 2.2880 1.6826 1.7317 2.0513 11.4361 16.2759 37.3307 32.3929 2.0615 1.8385 1.8154 1.9653 2.0832 1.5895 1.9233 2.2948 
1.6988 2.2263 2.2615 1.7848 1.6014 1.8111 16.0741 25.5440 11.5043 1.7086 32.3457 1.6596 1.8691 1.8339 1.8868 1.9274 1.5981 2.2805 2.0199 
2.3181 2.2296 2.0313 1.6113 2.1501 15.9896 2.3084 1.6987 11.7066 1.6748 31.8475 2.1429 2.1248 1.9519 1.9507 1.6807 2.1587 1.5871 2.0699 
2.1706 1.7126 2.2532 1.6972 2.3080 16.4013 16.0786 2.2260 17.8112 1.6228 31.9009 1.6438 1.7060 1.6744 1.9049 1.7468 2.1969 2.1809 1.6114 
2.1406 1.9134 2.0482 2.2935 2.1919 1.9392 22.6645 8.7799 1.6877 32.1852 2.0751 1.6014 1.8505 1.8869 1.5829 1.9562 1.9301 1.8987 1.6263 
1.9157 1.9019 2.0298 1.6421 2.1088 15.8576 22.9964 2.2137 18.1450 25.5284 9.0256 1.5798 1.9329 1.7195 2.1426 1.6671 1.6850 1.7002 1.9189 
1.7285 2.1913 1.9524 1.9895 1.9123 1.5834 22.5301 2.1581 18.2014 2.2856 9.0366 2.1507 2.2997 2.1764 1.9026 1.6622 2.1869 1.7228 1.8465 
2.2878 1.7985 1.6196 2.0220 1.9225 6.4411 22.8996 1.8485 1.5803 25.5690 1.8227 2.2984 1.5897 1.6179 1.8576 1.9026 2.0354 1.6123 1.9172 
1.7079 1.7820 2.0540 1.8767 1.8626 1.7528 13.8537 29.8166 29.4891 40.1170 40.0141 1.7114 2.2944 2.1023 1.9519 2.1466 1.9340 1.8628 1.6992 
2.0343 1.6883 2.2481 1.6420 9.1101 8.8558 1.6622 1.8089 8.3475 2.2620 39.9712 1.6872 2.3091 2.2984 1.7719 2.0624 1.6153 1.9197 1.6705 
1.9005 2.0049 1.8125 1.9435 8.9559 1.6446 2.0769 2.0910 8.5143 1.6253 39.8849 1.8108 9.0378 8.7507 8.8110 1.9234 2.1929 2.2439 1.8454 
1.9479 1.8831 1.7091 1.9728 8.8926 1.7061 2.2566 8.3476 15.4597 1.6888 39.8692 39.9347 1.8627 1.5960 9.4059 1.8784 1.7145 1.8194 2.2010 
2.2540 2.1564 1.8370 9.3809 8.9788 1.9528 9.4698 8.9427 2.3079 46.6038 2.0728 21.3441 9.4368 1.6015 9.0667 9.0549 2.0528 1.6279 2.2382 
1.6100 1.6581 1.8519 1.6900 1.6900 8.9307 8.9921 2.0935 1.7699 46.6002 1.9354 2.0352 9.1726 8.8540 1.9051 1.6258 1.8345 1.9568 2.1069 
2.2324 2.3195 2.1652 2.0379 1.9839 1.6423 2.3156 1.7019 1.8261 2.2838 1.6869 1.6368 2.0257 1.9788 1.8146 2.0537 1.7228 1.6698 1.7684 
2.0593 1.9816 1.7230 1.8441 1.6179 1.7873 2.1374 1.6719 1.6957 1.6836 1.8515 2.0663 2.1268 1.7409 1.8052 2.0379 2.0845 1.7257 2.1120 
2.0667 1.9341 1.9763 1.8679 2.2725 2.2685 1.6149 2.2373 2.1026 2.1552 1.9732 2.1368 1.8387 1.6805 1.6280 2.1752 2.0086 1.8128 1.7746 
2.2796 1.8416 2.2842 2.2984 1.6412 1.9113 1.6512 1.8170 1.7678 2.2976 1.8404 2.1181 2.1281 1.7968 1.8610 1.9465 2.2471 2.1991 2.0318 
2.2129 1.6155 2.3233 2.1845 2.2597 2.0176 1.7373 1.6425 1.9652 53.1985 1.9051 1.6845 1.9653 1.7377 2.0571 2.3123 1.6833 2.0336 1.6855 
2.1940 1.7647 1.7254 2.1286 1.6068 2.1479 1.9142 8.0091 32.6977 53.2448 32.9251 16.6433 1.7201 2.0173 2.1345 2.1590 2.3160 1.6044 1.9061 
2.0728 1.8534 2.2480 1.9756 2.0953 2.1691 23.2262 32.2514 32.7250 1.8848 32.6728 27.0053 2.1470 1.8363 1.6441 1.8765 2.2398 1.9034 1.8302 
1.6208 2.0298 2.2194 1.6217 18.1772 23.2149 2.0418 1.9998 22.5573 2.2813 22.8757 2.0158 1.9242 2.0162 2.2139 2.0236 1.7595 1.9070 2.2349 
1.9017 1.7748 1.6993 11.7457 1.7732 12.8109 6.8857 1.9990 22.5799 2.1283 32.2367 2.2930 6.6034 1.8645 1.7984 1.9243 2.1055 1.6014 2.0139 
2.0945 1.6749 11.9516 12.1836 2.0556 2.2544 12.9215 12.9713 2.2388 26.1487 1.7451 22.0584 22.1613 2.1483 1.9958 2.3016 1.7971 2.2508 1.9113 
2.2846 2.3217 2.0755 11.9680 1.8645 8.1282 8.1445 2.1130 11.9698 16.9871 6.5147 1.8030 21.8384 6.4907 2.0755 2.0236 2.2298 2.3100 1.8051 
1.7595 2.2022 2.2683 12.0605 1.7942 2.1697 8.4083 1.9467 11.7303 1.5963 6.6302 1.7525 22.1796 2.0037 1.6310 1.9574 1.9284 1.6966 1.6489 
2.1141 2.1611 1.9813 12.2126 11.6604 11.6104 18.2702 2.1961 1.7058 16.7402 1.6700 2.1450 22.5012 1.7198 1.9645 1.7779 1.6903 1.6527 2.2116 
1.8089 2.1093 1.8242 1.7875 1.6342 1.7201 28.1090 18.6140 18.3273 16.4893 26.9978 22.3431 8.1217 2.0816 2.2013 1.8363 1.6512 1.9725 2.2294 
1.6153 1.6773 1.9546 1.6926 1.6266 21.8369 2.0372 2.2129 18.3881 2.2754 27.1234 2.1885 2.2932 1.7087 2.2480 1.6884 1.6344 2.2385 2.1491 
2.2381 1.7571 1.6375 2.1012 1.7702 22.0133 21.9228 1.7245 28.5729 1.6932 26.4330 1.8823 2.0329 2.2054 1.8513 1.7368 1.8815 1.8002 1.6148 
1.9101 2.1188 1.8741 2.0528 2.0578 2.2357 1.8924 21.7738 28.2949 1.5803 27.0820 7.5754 2.0860 1.5882 1.9867 2.1781 2.1701 2.1983 2.1719 
2.3206 2.1016 1.6064 1.9206 2.1319 1.7132 2.2599 2.0092 1.8519 52.7781 2.1166 2.1438 2.2027 1.7090 1.6961 2.1778 2.2670 1.7660 2.2682 
2.2123 2.0422 1.7432 1.9863 2.0181 2.0130 2.0883 1.7513 1.8543 52.9173 2.2801 2.1793 1.9797 1.7008 1.7205 2.2992 2.1236 1.7292 2.2782 
2.3250 1.8485 1.7466 2.2712 2.0527 2.0042 1.7154 1.8420 1.8488 8.2778 1.8784 1.5914 2.1764 1.6961 1.7538 2.0969 1.5955 2.0020 1.6607 
1.9116 2.2430 2.1958 1.5953 2.2537 1.9892 1.9114 1.5822 1.6437 1.9435 2.1383 2.3014 1.6190 1.9574 2.2754 1.6633 2.2594 1.8015 1.9816 
56
2
1 1 13 9 0 0 9
2 1 11 1 0 0 10
13
9 1 3 8 30 0 37 0 0 1
12 0 14 10 20 0 28 0 0 0
14 0 7 3 20 0 23 0 0 0
16 0 14 11 20 0 19 0 0 0
17 1 3 8 30 0 19 0 0 1
18 0 12 10 20 0 14 0 0 0
19 1 4 10 20 0 14 0 0 0
20 0 10 9 20 0 10 0 0 0
21 1 8 9 20 0 10 0 0 0
22 0 4 10 20 0 5 0 0 0
23 1 11 10 20 0 5 0 0 0
24 0 1 9 30 0 1 0 0 1
25 1 15 9 20 0 1 0 1 0
59 37
43 44 0 0 0 0
2
0 0 0 13
0 0 0 22
0
1.6668 1.8828 2.1468 1.9597 2.0565 1.6642 2.0183 1.7341 11.1659 1.7451 1.5734 1.8844 1.5961 2.1151 1.5582 2.1050 1.7841 2.2280 1.8505 
1.7617 1.9898 1.9139 1.9064 1.7383 1.9349 10.9616 11.3236 1.6319 11.3038 1.6872 1.9395 2.0451 2.1644 1.6975 1.5643 1.5654 2.2401 1.7473 
1.8084 1.6863 2.0060 2.0760 1.8098 10.9233 10.8227 1.8779 1.5889 44.9229 1.8145 2.2473 1.8693 2.0201 1.5506 1.8134 1.5895 1.6391 1.5665 
1.9580 1.8062 2.0635 2.2224 1.6351 1.6827 1.9928 11.0960 15.7906 36.2138 31.4241 2.0027 1.7863 1.7639 1.9093 2.0237 1.5448 1.8686 2.2290 
1.6508 2.1625 2.1967 1.7343 1.5564 1.7598 15.5949 24.7807 11.1622 1.6603 31.3783 1.6128 1.8160 1.7819 1.8332 1.8726 1.5532 2.2151 1.9623 
2.2516 2.1657 1.9734 1.5660 2.0886 15.5129 2.2421 1.6507 11.3584 1.6276 30.8951 2.0816 2.0641 1.8963 1.8952 1.6333 2.0969 1.5425 2.0108 
2.1085 1.6642 2.1886 1.6493 2.2418 15.9123 15.5992 2.1622 17.2799 1.5771 30.9469 1.5975 1.6578 1.6272 1.8508 1.6974 2.1340 2.1185 1.5661 
2.0794 1.8590 1.9898 2.2277 2.1291 1.8840 21.9876 8.5195 1.6401 31.2226 2.0158 1.5564 1.7980 1.8333 1.5384 1.9005 1.8752 1.8447 1.5805 
1.8612 1.8478 1.9719 1.5958 2.0485 15.3849 22.3095 2.1503 17.6037 24.7655 8.7578 1.5354 1.8779 1.6709 2.0813 1.6201 1.6375 1.6522 1.8643 
1.6796 2.1286 1.8968 1.9328 1.8579 1.5389 21.8572 2.0964 17.6584 2.2200 8.7685 2.0892 2.2337 2.1141 1.8485 1.6153 2.1243 1.6741 1.7941 
2.2222 1.7475 1.5740 1.9643 1.8678 6.2509 22.2156 1.7960 1.5359 24.8049 1.7710 2.2324 1.5450 1.5724 1.8049 1.8485 1.9773 1.5669 1.8627 
1.6597 1.7315 1.9954 1.8234 1.8097 1.7032 13.4411 28.9251 28.6074 38.9165 38.8167 1.6631 2.2286 2.0422 1.8963 2.0852 1.8790 1.8099 1.6512 
1.9763 1.6407 2.1837 1.5957 8.8398 8.5931 1.6153 1.7576 8.1001 2.1971 38.7751 1.6396 2.2428 2.2324 1.7217 2.0035 1.5698 1.8651 1.6234 
1.8465 1.9478 1.7611 1.8882 8.6902 1.5983 2.0176 2.0313 8.2619 1.5795 38.6914 1.7595 8.7697 8.4912 8.5497 1.8687 2.1301 2.1796 1.7930 
1.8925 1.8296 1.6608 1.9166 8.6288 1.6579 2.1919 8.1002 14.9989 1.6411 38.6761 38.7397 1.8098 1.5511 9.1267 1.8250 1.6661 1.7678 2.1380 
2.1894 2.0947 1.7849 9.1025 8.7124 1.8972 9.1887 8.6774 2.2417 45.2087 2.0136 20.7068 9.1567 1.5565 8.7977 8.7863 1.9942 1.5821 2.1741 
1.5647 1.6114 1.7993 1.6423 1.6423 8.6658 8.7253 2.0337 1.7198 45.2052 1.8803 1.9771 8.9004 8.5914 1.8509 1.5800 1.7825 1.9011 2.0467 
2.1684 2.2529 2.1032 1.9798 1.9274 1.5960 2.2491 1.6538 1.7743 2.2183 1.6393 1.5907 1.9679 1.9224 1.7632 1.9951 1.6741 1.6227 1.7183 
2.0005 1.9252 1.6743 1.7918 1.5724 1.7367 2.0763 1.6247 1.6478 1.6361 1.7990 2.0073 2.0660 1.6917 1.7540 1.9798 2.0250 1.6769 2.0516 
2.0077 1.8791 1.9200 1.8149 2.2073 2.2034 1.5695 2.1732 2.0425 2.0935 1.9170 2.0757 1.7865 1.6331 1.5822 2.1129 1.9513 1.7614 1.7244 
2.2142 1.7894 2.2187 2.2324 1.5950 1.8570 1.6047 1.7655 1.7178 2.2317 1.7882 2.0576 2.0673 1.7459 1.8082 1.8911 2.1827 2.1361 1.9738 
2.1495 1.5700 2.2566 2.1220 2.1949 1.9601 1.6882 1.5962 1.9092 51.6055 1.8509 1.6370 1.9093 1.6886 1.9984 2.2459 1.6358 1.9756 1.6379 
2.1312 1.7148 1.6766 2.0677 1.5616 2.0865 1.8598 7.7718 31.7198 51.6505 31.9403 16.1470 1.6715 1.9598 2.0735 2.0972 2.2495 1.5593 1.8519 
2.0136 1.8008 2.1836 1.9193 2.0354 2.1070 22.5324 31.2869 31.7463 1.8313 31.6956 26.1981 2.0856 1.7842 1.5978 1.8232 2.1756 1.8493 1.7783 
1.5752 1.9719 2.1558 1.5760 17.6349 22.5215 1.9835 1.9428 21.8836 2.2159 22.1924 1.9583 1.8695 1.9587 2.1505 1.9659 1.7097 1.8528 2.1709 
1.8476 1.7246 1.6513 11.3963 1.7230 12.4296 6.6821 1.9420 21.9055 2.0675 31.2726 2.2272 6.4083 1.8116 1.7474 1.8696 2.0453 1.5564 1.9565 
2.0347 1.6277 11.5961 11.8211 1.9969 2.1898 12.5369 12.5852 2.1746 25.3672 1.6957 21.3996 21.4995 2.0869 1.9389 2.2356 1.7462 2.1863 1.8570 
2.2191 2.2550 2.0162 11.6120 1.8116 7.8874 7.9032 2.0526 11.6137 16.4805 6.3223 1.7519 21.1862 6.2990 2.0162 1.9659 2.1659 2.2437 1.7539 
1.7097 2.1391 2.2033 11.7017 1.7434 2.1076 8.1591 1.8913 11.3814 1.5514 6.4343 1.7029 21.5172 1.9466 1.5851 1.9017 1.8735 1.6487 1.6024 
2.0537 2.0993 1.9249 11.8492 11.3136 11.2651 17.7251 2.1332 1.6576 16.2410 1.6229 2.0837 21.8292 1.6712 1.9086 1.7276 1.6426 1.6061 2.1483 
1.7576 2.0490 1.7725 1.7369 1.5882 1.6715 27.2687 18.0586 17.7805 15.9976 26.1909 21.6758 7.8810 2.0222 2.1383 1.7842 1.6047 1.9163 2.1655 
1.5698 1.6300 1.8990 1.6448 1.5808 21.1848 1.9791 2.1495 17.8395 2.2101 26.3127 2.1258 2.2274 1.6604 2.1836 1.6407 1.5884 2.1743 2.0876 
2.1740 1.7074 1.5914 2.0412 1.7201 21.3559 21.2681 1.6758 27.7187 1.6454 25.6430 1.8288 1.9749 2.1422 1.7988 1.6877 1.8281 1.7492 1.5694 
1.8558 2.0582 1.8209 1.9942 1.9991 2.1716 1.8386 21.1236 27.4491 1.5359 26.2725 7.3511 2.0264 1.5436 1.9301 2.1158 2.1080 2.1354 2.1097 
2.2540 2.0416 1.5612 1.8660 2.0709 1.6648 2.1951 1.9519 1.7993 51.1978 2.0561 2.0825 2.1396 1.6607 1.6482 2.1155 2.2020 1.7160 2.2032 
2.1489 1.9839 1.6939 1.9297 1.9606 1.9556 2.0287 1.7018 1.8017 51.3328 2.2147 2.1169 1.9233 1.6528 1.6719 2.2332 2.0629 1.6803 2.2129 
2.2583 1.7960 1.6972 2.2061 1.9941 1.9471 1.6669 1.7897 1.7963 8.0325 1.8250 1.5467 2.1141 1.6482 1.7042 2.0370 1.5506 1.9449 1.6139 
1.8573 2.1787 2.1329 1.5504 2.1891 1.9325 1.8571 1.5377 1.5974 1.8882 2.0772 2.2354 1.5734 1.9017 2.2101 1.6164 2.1946 1.7505 1.9252 
57
2
1 1 13 9 0 2 9
2 1 11 1 0 0 10
13
9 1 3 9 30 0 38 0 0 1
12 0 15 9 20 0 29 0 0 0
14 0 6 3 20 0 24 0 0 0
16 0 14 10 20 0 20 0 0 0
17 1 3 9 30 0 20 0 0 1
18 0 13 10 15 0 15 0 0 0
19 1 3 10 20 0 15 0 0 0
20 0 11 9 20 0 11 0 0 0
21 1 7 9 20 0 11 0 0 0
22 0 5 10 20 0 6 0 0 0
23 1 11 11 20 0 6 0 0 0
24 0 0 8 30 0 2 0 0 1
25 1 14 8 20 0 2 0 1 0
59 37
43 44 0 0 0 0
2
0 0 0 12
0 0 0 21
0
1.6198 1.8293 2.0854 1.9039 1.9978 1.6173 1.9608 1.6851 10.8339 1.6957 1.5292 1.8309 1.5512 2.0546 1.5145 2.0449 1.7336 2.1642 1.7980 
1.7118 1.9331 1.8595 1.8522 1.6892 1.8799 10.6358 10.9869 1.5859 10.9677 1.6396 1.8843 1.9867 2.1025 1.6496 1.5204 1.5214 2.1759 1.6979 
1.7571 1.6387 1.9488 2.0167 1.7585 10.5986 10.5010 1.8246 1.5442 43.5782 1.7631 2.1829 1.8162 1.9625 1.5071 1.7620 1.5448 1.5929 1.5225 
1.9023 1.7550 2.0046 2.1587 1.5890 1.6352 1.9360 10.7661 15.3199 35.1304 30.4844 1.9456 1.7357 1.7140 1.8550 1.9660 1.5015 1.8155 2.1651 
1.6043 2.1006 2.1338 1.6853 1.5127 1.7100 15.1301 24.0403 10.8303 1.6135 30.4400 1.5674 1.7645 1.7314 1.7812 1.8194 1.5096 2.1516 1.9064 
2.1871 2.1037 1.9172 1.5220 2.0289 15.0505 2.1778 1.6042 11.0206 1.5818 29.9712 2.0222 2.0052 1.8424 1.8413 1.5873 2.0370 1.4992 1.9535 
2.0482 1.6173 2.1259 1.6028 2.1775 15.4379 15.1342 2.1003 16.7645 1.5328 30.0215 1.5526 1.6111 1.5814 1.7983 1.6495 2.0730 2.0579 1.5221 
2.0200 1.8062 1.9331 2.1639 2.0682 1.8305 21.3310 8.2669 1.5939 30.2889 1.9583 1.5127 1.7471 1.7813 1.4952 1.8465 1.8219 1.7924 1.5361 
1.8084 1.7954 1.9157 1.5509 1.9900 14.9264 21.6432 2.0888 17.0786 24.0255 8.4981 1.4923 1.8246 1.6238 2.0219 1.5745 1.5914 1.6056 1.8114 
1.6322 2.0677 1.8429 1.8778 1.8052 1.4957 21.2045 2.0365 17.1316 2.1564 8.5084 2.0295 2.1697 2.0537 1.7960 1.5698 2.0636 1.6269 1.7433 
2.1585 1.6981 1.5298 1.9084 1.8148 6.0664 21.5521 1.7451 1.4928 24.0638 1.7209 2.1684 1.5017 1.5282 1.7538 1.7960 1.9210 1.5229 1.8098 
1.6129 1.6826 1.9385 1.7717 1.7584 1.6551 13.0409 28.0603 27.7522 37.7520 37.6552 1.6162 2.1647 1.9839 1.8424 2.0256 1.8256 1.7586 1.6047 
1.9200 1.5945 2.1212 1.5508 8.5776 8.3383 1.5698 1.7079 7.8601 2.1342 37.6148 1.5934 2.1785 2.1684 1.6730 1.9464 1.5257 1.8121 1.5777 
1.7941 1.8924 1.7113 1.8346 8.4325 1.5534 1.9601 1.9734 8.0170 1.5351 37.5337 1.7097 8.5096 8.2395 8.2962 1.8156 2.0692 2.1172 1.7422 
1.8387 1.7777 1.6140 1.8621 8.3729 1.6112 2.1291 7.8602 14.5519 1.5949 37.5188 37.5805 1.7585 1.5076 8.8559 1.7733 1.6191 1.7178 2.0769 
2.1267 2.0349 1.7344 8.8324 8.4540 1.8433 8.9160 8.4201 2.1774 43.8554 1.9562 20.0886 8.8850 1.5128 8.5368 8.5257 1.9374 1.5376 2.1119 
1.5208 1.5661 1.7483 1.5960 1.5960 8.4088 8.4665 1.9757 1.6712 43.8520 1.8269 1.9208 8.6364 8.3367 1.7984 1.5356 1.7320 1.8471 1.9883 
2.1063 2.1883 2.0431 1.9234 1.8726 1.5511 2.1846 1.6072 1.7241 2.1548 1.5931 1.5460 1.9119 1.8677 1.7133 1.9382 1.6269 1.5770 1.6698 
1.9435 1.8704 1.6271 1.7410 1.5282 1.6876 2.0170 1.5790 1.6014 1.5900 1.7480 1.9501 2.0070 1.6439 1.7044 1.9234 1.9673 1.6296 1.9931 
1.9505 1.8257 1.8654 1.7635 2.1441 2.1403 1.5254 2.1110 1.9842 2.0337 1.8625 2.0164 1.7359 1.5871 1.5377 2.0525 1.8958 1.7116 1.6757 
2.1508 1.7387 2.1551 2.1684 1.5502 1.8043 1.5596 1.7155 1.6693 2.1677 1.7376 1.9989 2.0083 1.6965 1.7570 1.8374 2.1202 2.0750 1.9176 
2.0880 1.5259 2.1919 2.0613 2.1321 1.9043 1.6406 1.5513 1.8549 50.0603 1.7984 1.5909 1.8550 1.6409 1.9414 2.1815 1.5897 1.9193 1.5918 
2.0703 1.6664 1.6293 2.0087 1.5178 2.0269 1.8070 7.5416 30.7712 50.1040 30.9851 15.6656 1.6244 1.9040 2.0143 2.0373 2.1850 1.5155 1.7993 
1.9562 1.7498 2.1211 1.8647 1.9773 2.0468 21.8594 30.3513 30.7969 1.7794 30.7477 25.4152 2.0260 1.7337 1.5529 1.7715 2.1133 1.7968 1.7280 
1.5309 1.9157 2.0941 1.5317 17.1089 21.8489 1.9270 1.8875 21.2301 2.1524 21.5296 1.9026 1.8164 1.9029 2.0890 1.9099 1.6614 1.8002 2.1088 
1.7952 1.6759 1.6048 11.0574 1.6743 12.0597 6.4846 1.8867 21.2513 2.0085 30.3374 2.1634 6.2191 1.7603 1.6980 1.8165 1.9869 1.5127 1.9008 
1.9767 1.5819 11.2512 11.4695 1.9400 2.1271 12.1638 12.2106 2.1124 24.6092 1.6478 20.7606 20.8575 2.0273 1.8837 2.1715 1.6968 2.1237 1.8043 
2.1555 2.1904 1.9587 11.2666 1.7603 7.6538 7.6691 1.9940 11.2683 15.9891 6.1356 1.7023 20.5536 6.1130 1.9587 1.9099 2.1039 2.1794 1.7043 
1.6614 2.0779 2.1402 11.3536 1.6941 2.0474 7.9173 1.8376 11.0430 1.5079 6.2443 1.6548 20.8747 1.8912 1.5405 1.8476 1.8203 1.6022 1.5573 
1.9951 2.0393 1.8702 11.4967 10.9772 10.9301 17.1963 2.0722 1.6109 15.7568 1.5772 2.0242 21.1773 1.6241 1.8543 1.6788 1.5963 1.5609 2.0869 
1.7079 1.9905 1.7223 1.6878 1.5436 1.6244 26.4536 17.5198 17.2501 15.5207 25.4082 21.0285 7.6476 1.9645 2.0772 1.7337 1.5596 1.8618 2.1035 
1.5257 1.5841 1.8450 1.5985 1.5364 20.5523 1.9227 2.0880 17.3073 2.1468 25.5263 2.0650 2.1636 1.6136 2.1211 1.5945 1.5437 2.1121 2.0280 
2.1118 1.6592 1.5467 1.9830 1.6715 20.7182 20.6331 1.6285 26.8901 1.5990 24.8767 1.7769 1.9187 2.0809 1.7478 1.6401 1.7763 1.6997 1.5253 
1.8031 1.9995 1.7693 1.9374 1.9421 2.1095 1.7864 20.4929 26.6286 1.4928 25.4873 7.1336 1.9686 1.5003 1.8752 2.0553 2.0478 2.0743 2.0494 
2.1894 1.9834 1.5174 1.8130 2.0118 1.6179 2.1322 1.8963 1.7483 49.6649 1.9974 2.0230 2.0784 1.6139 1.6018 2.0550 2.1389 1.6675 2.1401 
2.0874 1.9274 1.6461 1.8748 1.9048 1.8999 1.9708 1.6537 1.7506 49.7958 2.1513 2.0564 1.8686 1.6062 1.6247 2.1692 2.0040 1.6329 2.1495 
2.1936 1.7451 1.6493 2.1429 1.9373 1.8917 1.6199 1.7390 1.7454 7.7945 1.7733 1.5033 2.0537 1.6018 1.6561 1.9789 1.5071 1.8896 1.5685 
1.8046 2.1163 2.0719 1.5069 2.1264 1.8775 1.8044 1.4946 1.5525 1.8346 2.0179 2.1713 1.5292 1.8476 2.1468 1.5709 2.1318 1.7010 1.8704 
58
2
1 1 13 9 0 1 9
2 1 11 1 0 0 10
13
9 1 2 9 30 0 39 1 0 1
12 0 16 9 20 0 30 1 0 0
14 0 5 2 20 0 25 0 0 0
16 0 15 9 20 0 21 0 0 0
17 1 2 9 30 0 21 1 0 1
18 0 14 10 15 0 16 0 0 0
19 1 3 9 20 0 16 0 0 0
20 0 11 10 20 0 12 0 0 0
21 1 6 10 20 0 12 0 0 0
22 0 6 10 20 0 7 0 0 0
23 1 10 12 20 0 7 0 0 0
24 0 1 7 30 0 3 0 0 1
25 1 13 8 20 0 3 0 1 0
72 60
41 43 0 0 0 0
2
0 0 0 11
0 0 0 20
0
1.5742 1.7774 2.0258 1.8498 1.9409 1.5718 1.9050 1.6375 10.5119 1.6478 1.4863 1.7790 1.5077 1.9960 1.4721 1.9866 1.6846 2.1023 1.7471 
1.6634 1.8781 1.8067 1.7996 1.6415 1.8265 10.3197 10.6603 1.5413 10.6417 1.5934 1.8308 1.9301 2.0424 1.6031 1.4778 1.4788 2.1136 1.6500 
1.7074 1.5925 1.8933 1.9592 1.7087 10.2836 10.1890 1.7729 1.5009 52.2739 1.7132 2.1204 1.7647 1.9066 1.4649 1.7121 1.5015 1.5481 1.4798 
1.8482 1.7054 1.9475 2.0969 1.5443 1.5891 1.8809 10.4461 14.8633 44.0795 39.5729 11.8902 1.6866 1.6656 1.8024 1.9100 1.4595 1.7640 2.1031 
1.5592 2.0406 2.0728 1.6377 1.4703 1.6617 14.6792 23.3221 10.5084 1.5681 29.5298 11.5234 11.7146 1.6825 1.7308 1.7678 1.4673 2.0901 1.8522 
2.1245 2.0436 1.8627 1.4793 1.9710 14.6020 2.1155 1.5591 10.6930 1.5373 29.0751 1.9645 1.9480 11.7901 1.7891 1.5427 1.9789 1.4572 1.8979 
1.9898 1.5718 2.0651 1.5577 2.1152 14.9778 14.6832 2.0403 16.2646 1.4898 29.1239 1.5090 11.5658 11.5370 1.7474 1.6030 2.0138 1.9992 1.4794 
1.9624 1.7550 1.8781 2.1020 2.0092 1.7786 20.6941 8.0219 1.5491 29.3832 1.9026 1.4703 11.6977 1.7309 1.4533 1.7941 1.7702 1.7416 1.4930 
1.7571 1.7445 1.8612 1.5074 1.9333 14.4816 20.9969 2.0291 16.5692 23.3077 8.2462 1.4505 11.7729 1.5781 1.9642 1.5303 1.5467 1.5604 1.7601 
1.5862 2.0087 1.7906 1.8245 1.7540 1.4538 20.5714 1.9784 16.6207 2.0947 8.2561 1.9716 12.1076 1.9951 1.7451 1.5257 2.0047 1.5811 1.6940 
2.0967 1.6502 1.4869 1.8541 1.7634 5.8874 20.9085 1.6957 1.4510 23.3449 1.6723 2.1063 11.4596 1.4854 1.7042 1.7451 1.8664 1.4802 1.7585 
1.5675 1.6351 1.8833 1.7215 1.7086 1.6084 12.6527 27.2215 26.9226 36.6224 36.5285 1.5707 12.1028 1.9274 1.7901 1.9678 1.7738 1.7088 1.5596 
1.8654 1.5497 2.0606 1.5073 8.3233 8.0912 1.5257 1.6597 7.6273 2.0732 36.4894 1.5486 2.1161 12.1063 11.6258 1.8910 1.4829 1.7607 1.5334 
1.7433 1.8386 1.6630 1.7826 8.1825 1.5098 1.9043 1.9172 7.7795 1.4920 36.4107 1.6614 18.2573 17.9953 18.0503 1.7641 2.0101 2.0567 1.6929 
1.7865 1.7274 1.5686 1.8092 8.1247 1.5659 2.0682 7.6274 14.1183 1.5501 46.3962 46.4561 1.7087 1.4654 8.5932 1.7231 1.5735 1.6693 2.0176 
2.0659 1.9769 1.6854 8.5704 8.2034 1.7910 8.6515 8.1705 2.1151 52.5427 1.9005 29.4889 18.6215 1.4704 8.2837 8.2729 1.8823 1.4945 2.0515 
1.4782 1.5221 1.6989 1.5511 1.5511 8.1595 8.2155 1.9194 1.6241 52.5394 1.7751 1.8662 18.3803 8.0896 1.7474 1.4925 1.6830 1.7947 1.9317 
2.0461 2.1257 1.9848 1.8687 1.8194 1.5076 2.1221 1.5620 1.6754 12.0932 11.5483 11.5026 1.8575 1.8147 1.6649 1.8831 1.5811 1.5327 1.6227 
1.8882 1.8173 1.5813 1.6918 1.4854 1.6400 1.9595 1.5346 1.5564 1.5453 1.6986 1.8946 1.9498 1.5976 1.6563 1.8687 1.9113 1.5837 1.9363 
1.8950 1.7739 1.8124 1.7136 2.0828 2.0791 1.4826 2.0507 1.9277 1.9757 1.8096 1.9589 1.6868 1.5425 1.4946 1.9939 1.8419 1.6633 1.6284 
2.0893 1.6895 2.0934 2.1063 1.5067 1.7532 1.5158 1.6670 1.6222 2.1057 1.6885 1.9419 1.9511 1.6486 1.7073 1.7853 2.0596 2.0158 1.8631 
2.0284 1.4831 2.1291 2.0025 2.0711 1.8502 1.5944 1.5078 1.8023 68.5615 1.7474 1.5462 1.8024 1.5947 1.8862 2.1191 1.5450 1.8647 1.5470 
2.0112 1.6194 1.5834 1.9514 1.4753 1.9691 1.7558 7.3184 49.8511 68.6039 40.0585 15.1986 1.5787 1.8499 1.9569 1.9792 2.1225 1.4730 1.7483 
1.9005 1.7003 2.0605 1.8118 1.9210 1.9884 21.2066 39.4438 49.8760 1.7290 39.8283 24.6557 1.9682 1.6847 1.5093 1.7214 2.0529 1.7459 1.6792 
1.4880 1.8612 2.0343 1.4887 16.5986 21.1964 1.8722 1.8339 40.5962 2.0908 30.8867 1.8485 1.7649 1.8488 2.0293 1.8556 1.6146 1.7492 2.0485 
1.7443 1.6286 1.5597 10.7287 1.6271 11.7009 6.2931 1.8331 40.6168 1.9512 39.4303 2.1015 6.0355 1.7105 1.6501 1.7650 1.9303 1.4703 1.8468 
1.9204 1.5374 10.9167 11.1284 1.8848 2.0663 21.8019 21.8473 2.0520 33.8739 1.6014 30.1408 30.2348 1.9695 1.8302 2.1094 1.6489 2.0630 1.7532 
2.0938 2.1277 1.9029 10.9316 1.7105 17.4272 17.4420 1.9372 20.9333 25.5124 15.9545 1.6542 29.9400 5.9326 1.9029 1.8556 2.0438 2.1170 1.6562 
1.6146 2.0186 2.0790 11.0160 1.6463 1.9890 7.6828 1.7855 20.7147 1.4657 6.0600 1.6082 30.2515 1.8375 1.4973 1.7952 1.7687 1.5571 1.5136 
1.9382 1.9811 1.8171 11.1548 10.6509 10.6052 16.6834 2.0130 1.5656 25.2871 1.5329 1.9665 30.5450 11.5784 1.8017 1.6314 1.5514 1.5171 2.0273 
1.6597 1.9338 1.6736 1.6402 1.5003 1.5787 25.6630 16.9972 16.7356 25.0581 44.6490 30.4006 7.4212 1.9086 2.0179 1.6847 1.5158 1.8089 2.0434 
1.4829 1.5396 1.7927 1.5535 1.4933 19.9387 1.8680 2.0284 16.7911 2.0854 44.7635 2.0061 2.1017 1.5682 2.0605 1.5497 1.5004 2.0517 1.9702 
2.0514 1.6124 1.5033 1.9265 1.6244 20.0997 20.0171 1.5826 26.0864 1.5540 44.1334 1.7266 1.8641 2.0215 1.6984 1.5939 1.7260 1.6517 1.4825 
1.7520 1.9425 1.7192 1.8823 1.8868 2.0492 1.7358 19.8811 25.8327 1.4510 44.7257 16.9226 1.9125 1.4583 1.8219 1.9966 1.9894 2.0151 1.9909 
2.1267 1.9269 1.4749 1.7616 1.9544 1.5724 2.0712 1.8424 1.6989 68.1780 1.9405 1.9653 2.0190 1.5685 1.5567 1.9964 2.0777 1.6205 2.0789 
2.0278 1.8726 1.5997 1.8216 1.8507 1.8459 1.9147 1.6071 1.7011 68.3049 2.0898 1.9977 1.8155 1.5610 1.5790 2.1071 1.9469 1.5869 2.0880 
2.1308 1.6957 1.6028 2.0816 1.8822 1.8379 1.5743 1.6898 1.6960 7.5637 1.7231 1.4612 1.9951 1.5567 1.6094 1.9225 1.4649 1.8359 1.5244 
1.7535 2.0558 2.0127 1.4647 2.0656 1.8242 1.7533 1.4528 1.5089 1.7826 1.9604 2.1092 1.4863 1.7952 2.0854 1.5268 2.0708 1.6530 1.8173 
59
2
1 1 13 9 0 0 9
2 1 11 1 0 0 10
10
14 0 5 1 20 0 26 0 0 0
16 0 16 9 20 0 22 1 0 0
18 0 15 9 15 0 17 0 0 0
19 1 2 9 20 0 17 1 0 0
20 0 12 10 20 0 13 0 0 0
21 1 5 10 20 0 13 0 0 0
22 0 7 11 20 0 8 0 0 0
23 1 9 12 20 0 8 0 0 0
24 0 1 6 30 0 4 0 0 1
25 1 12 8 20 0 4 0 1 0
22 70
40 42 0 0 0 0
2
0 0 24 10
0 0 0 19
1
3 0 18 11 9
1.5300 1.7271 1.9680 1.7973 1.8857 1.5276 1.8509 1.5914 10.1995 1.6014 1.4447 1.7286 1.4655 1.9391 1.4309 1.9300 1.6371 2.0422 1.6977 
1.6165 1.8248 1.7555 1.7486 1.5953 1.7747 10.0131 10.3435 1.4981 10.3254 1.5486 1.7789 1.8752 1.9841 1.5580 1.4365 1.4374 2.0532 1.6035 
1.6592 1.5477 1.8395 1.9034 1.6604 9.9781 9.8863 1.7227 1.4589 60.7087 1.6648 2.0598 1.7148 1.8524 1.4240 1.6637 1.4595 1.5047 1.4384 
1.7958 1.6572 1.8921 2.0370 1.5010 1.5444 1.8275 10.1357 14.4204 52.7601 48.3887 21.5365 1.6390 1.6186 1.7513 1.8557 1.4187 1.7141 2.0430 
1.5154 1.9824 2.0136 1.5916 1.4292 1.6148 14.2418 22.6254 10.1961 1.5241 28.6469 21.1807 21.3662 1.6350 1.6819 1.7178 1.4263 2.0304 1.7996 
2.0638 1.9853 1.8098 1.4379 1.9149 14.1669 2.0550 1.5153 10.3752 1.4942 28.2058 1.9086 1.8926 21.4394 1.7384 1.4994 1.9225 1.4165 1.8440 
1.9331 1.5276 2.0061 1.5140 2.0547 14.5315 14.2457 1.9821 15.7797 1.4481 28.2532 1.4667 21.2218 21.1939 1.6980 1.5579 1.9564 1.9422 1.4380 
1.9065 1.7054 1.8248 2.0419 1.9519 1.7282 20.0763 7.7842 1.5056 28.5047 1.8485 1.4292 21.3498 1.6820 1.4127 1.7433 1.7201 1.6924 1.4512 
1.7074 1.6952 1.8084 1.4652 1.8783 14.0502 20.3700 1.9712 16.0751 22.6115 8.0018 1.4100 21.4227 11.5338 1.9083 1.4874 1.5033 1.5166 1.7103 
1.5416 1.9514 1.7399 1.7728 1.7044 1.4132 19.9573 1.9220 16.1251 2.0349 8.0114 1.9155 21.7474 1.9382 1.6957 1.4829 1.9476 1.5367 1.6462 
2.0368 1.6037 1.4453 1.8015 1.7135 5.7138 20.2842 1.6478 1.4105 22.6476 1.6251 2.0461 21.1188 1.4438 1.6561 1.6957 1.8134 1.4388 1.7087 
1.5235 1.5890 1.8298 1.6729 1.6603 1.5631 12.2761 26.4079 26.1179 35.5267 35.4356 1.5266 21.7427 1.8726 1.7394 1.9118 1.7236 1.6605 1.5158 
1.8124 1.5062 2.0018 1.4651 8.0766 7.8515 1.4829 1.6129 7.4015 2.0140 35.3977 1.5051 2.0556 21.7461 21.2800 1.8373 1.4414 1.7109 1.4904 
1.6940 1.7864 1.6161 1.7321 7.9400 1.4675 1.8502 1.8627 7.5491 1.4502 35.3214 1.6146 27.7126 27.4584 17.5118 1.7142 1.9528 1.9980 1.6451 
1.7359 1.6786 1.5245 1.7579 7.8840 1.5219 2.0092 7.4016 13.6978 1.5066 55.0073 55.0654 1.6604 1.4244 8.3384 1.6744 1.5293 1.6222 1.9601 
2.0069 1.9206 1.6378 8.3163 7.9603 1.7403 8.3950 7.9284 2.0546 60.9694 1.8465 28.6072 18.0659 1.4293 8.0382 8.0277 1.8288 1.4527 1.9930 
1.4369 1.4794 1.6509 1.5076 1.5076 7.9177 7.9720 1.8648 1.5784 60.9662 1.7248 1.8132 17.8319 7.8499 1.6980 1.4507 1.6355 1.7439 1.8767 
1.9877 2.0649 1.9283 1.8156 1.7678 1.4654 2.0614 1.5181 1.6281 11.7334 11.2049 11.1605 1.8048 1.7633 1.6180 1.8296 1.5367 1.4897 1.5770 
1.8346 1.7658 1.5369 1.6440 1.4438 1.5938 1.9037 1.4916 1.5127 1.5019 1.6506 1.8408 1.8943 1.5527 1.6096 1.8156 1.8570 1.5392 1.8812 
1.8412 1.7237 1.7610 1.6652 2.0233 2.0197 1.4411 1.9922 1.8729 1.9194 1.7583 1.9031 1.6392 1.4992 1.4528 1.9371 1.7896 1.6164 1.5825 
2.0296 1.6418 2.0336 2.0461 1.4645 1.7036 1.4733 1.6200 1.5765 2.0455 1.6408 1.8866 1.8956 1.6021 1.6591 1.7347 2.0008 1.9583 1.8102 
1.9705 1.4416 2.0682 1.9454 2.0120 1.7977 1.5496 1.4656 1.7512 76.5077 1.6980 1.5028 1.7513 1.5499 1.8326 2.0585 1.5017 1.8118 1.5036 
1.9539 1.5738 1.5389 1.8959 1.4340 1.9130 1.7061 7.1018 48.3586 76.5488 48.8597 14.7456 1.5343 1.7974 1.9012 1.9228 2.0618 1.4318 1.6989 
1.8465 1.6523 2.0017 1.7604 1.8664 1.9317 20.5734 38.2635 48.3827 1.6801 48.6365 23.9190 1.9122 1.6372 1.4670 1.6728 1.9943 1.6965 1.6318 
1.4464 1.8084 1.9763 1.4470 16.1036 20.5635 1.8190 1.7819 39.3813 2.0311 39.9631 1.7960 1.7150 1.7963 1.9714 1.8029 1.5692 1.6997 1.9900 
1.6950 1.5827 1.5159 10.4098 1.5813 11.3529 6.1073 1.7811 39.4013 1.8957 48.2504 2.0415 5.8574 1.6622 1.6036 1.7151 1.8754 1.4292 1.7944 
1.8658 1.4943 10.5922 10.7975 1.8313 2.0073 21.1508 21.1949 1.9934 32.8607 1.5564 39.2396 39.3308 1.9134 1.7783 2.0491 1.6024 2.0041 1.7036 
2.0340 2.0669 1.8488 10.6067 1.6622 16.9074 16.9217 1.8821 20.3083 24.7500 15.4789 1.6076 39.0448 5.7576 1.8488 1.8029 1.9855 2.0565 1.6095 
1.5692 1.9610 2.0196 10.6885 1.5999 1.9323 7.4553 1.7349 20.0963 1.4247 5.8812 1.5630 39.3470 1.7854 1.4554 1.7443 1.7186 1.5134 1.4712 
1.8831 1.9247 1.7656 10.8232 10.3344 10.2900 16.1859 1.9556 1.5216 24.5315 1.4899 1.9105 39.6317 11.2340 1.7506 1.5855 1.5079 1.4746 1.9695 
1.6129 1.8788 1.6264 1.5940 1.4583 1.5343 24.8961 16.4903 16.2365 24.3094 53.3125 39.4916 7.2016 1.8543 1.9604 1.6372 1.4733 1.7576 1.9851 
1.4414 1.4964 1.7419 1.5099 1.4515 19.3435 1.8150 1.9705 16.2904 2.0258 53.4236 1.9489 2.0416 1.5242 2.0017 1.5062 1.4584 1.9931 1.9141 
1.9929 1.5670 1.4612 1.8717 1.5787 19.4997 19.4196 1.5381 25.3068 1.5104 52.8124 1.6778 1.8112 1.9639 1.6504 1.5491 1.6772 1.6051 1.4410 
1.7024 1.8872 1.6706 1.8288 1.8332 1.9907 1.6867 19.2877 25.0607 1.4105 53.3869 16.4179 1.8581 1.4176 1.7702 1.9397 1.9327 1.9576 1.9342 
2.0659 1.8721 1.4337 1.7118 1.8988 1.5282 2.0121 1.7901 1.6509 76.1357 1.8853 1.9093 1.9614 1.5244 1.5130 1.9395 2.0184 1.5749 2.0195 
1.9700 1.8194 1.5547 1.7700 1.7982 1.7935 1.8603 1.5619 1.6531 76.2588 2.0301 1.9408 1.7640 1.5172 1.5346 2.0469 1.8915 1.5423 2.0284 
2.0699 1.6478 1.5577 2.0222 1.8287 1.7858 1.5301 1.6421 1.6481 7.3398 1.6744 1.4204 1.9382 1.5130 1.5641 1.8678 1.4240 1.7838 1.4817 
1.7039 1.9971 1.9553 1.4238 2.0066 1.7725 1.7037 1.4122 1.4666 1.7321 1.9046 2.0489 1.4447 1.7443 2.0258 1.4840 2.0117 1.6064 1.7658 
60
2
1 1 13 9 0 2 9
2 1 11 1 0 0 10
10
14 0 4 1 20 0 27 0 0 0
18 0 17 11 15 0 18 0 0 0
20 0 13 10 15 0 14 0 0 0
21 1 4 10 20 0 14 0 0 0
22 0 7 12 20 0 9 0 0 0
23 1 8 12 20 0 9 0 0 0
24 0 2 6 30 0 5 0 0 1
25 1 11 8 20 0 5 0 0 0
26 0 2 9 20 0 0 0 0 0
27 1 16 9 20 0 0 0 1 0
25 73
40 42 0 0 0 0
2
0 0 23 9
0 0 0 18
1
3 0 18 11 8
1.4871 1.6783 1.9120 1.7464 1.8321 1.4848 1.7984 1.5467 9.8965 1.5564 1.4044 1.6797 1.4245 1.8839 1.3910 1.8751 1.5910 1.9839 1.6498 
1.5710 1.7731 1.7058 1.6991 1.5504 1.7245 9.7157 10.0362 1.4562 10.0186 1.5051 1.7285 1.8219 1.9276 1.5143 1.3964 1.3973 1.9946 1.5584 
1.6124 1.5043 1.7873 1.8493 1.6136 9.6818 9.5927 1.6740 1.4181 58.8904 1.6179 2.0010 1.6664 1.7998 1.3843 1.6168 1.4187 1.4626 1.3982 
1.7449 1.6105 1.8383 1.9789 1.4590 1.5011 1.7757 9.8346 13.9908 51.1803 46.9400 20.8934 1.5928 1.5730 1.7018 1.8030 1.3791 1.6657 1.9847 
1.4729 1.9259 1.9562 1.5469 1.3893 1.5694 13.8175 21.9496 9.8932 1.4814 27.7905 20.5483 20.7282 1.5890 1.6344 1.6693 1.3865 1.9725 1.7486 
2.0049 1.9287 1.7585 1.3978 1.8605 13.7449 1.9964 1.4728 10.0669 1.4524 27.3626 1.8543 1.8388 20.7992 1.6892 1.4574 1.8678 1.3770 1.7917 
1.8781 1.4848 1.9489 1.4716 1.9961 14.0986 13.8213 1.9256 15.3093 1.4077 27.4086 1.4257 20.5881 20.5611 1.6501 1.5142 1.9007 1.8869 1.3979 
1.8523 1.6572 1.7731 1.9836 1.8963 1.6794 19.4770 7.5537 1.4634 27.6526 1.7960 1.3893 20.7123 1.6345 1.3733 1.6940 1.6715 1.6446 1.4107 
1.6592 1.6473 1.7571 1.4242 1.8250 13.6317 19.7619 1.9151 15.5958 21.9362 7.7647 1.3707 20.7830 11.1908 1.8541 1.4458 1.4612 1.4741 1.6620 
1.4984 1.8959 1.6907 1.7226 1.6563 1.3738 19.3616 1.8673 15.6443 1.9769 7.7741 1.8610 21.0980 1.8831 1.6478 1.4414 1.8922 1.4936 1.5998 
1.9787 1.5586 1.4049 1.7505 1.6651 5.5454 19.6787 1.6014 1.3712 21.9712 1.5793 1.9877 20.4882 1.4035 1.6094 1.6478 1.7620 1.3986 1.6604 
1.4808 1.5443 1.7779 1.6257 1.6135 1.5192 11.9108 25.6187 25.3374 34.4639 34.3755 1.4838 21.0934 1.8194 1.6902 1.8574 1.6749 1.6137 1.4733 
1.7610 1.4640 1.9447 1.4241 7.8373 7.6190 1.4414 1.5675 7.1825 1.9566 34.3388 1.4629 1.9969 21.0967 20.6446 1.7852 1.4012 1.6626 1.4487 
1.6462 1.7358 1.5706 1.6831 7.7048 1.4265 1.7977 1.8098 7.3256 1.4097 34.2648 1.5692 26.8842 26.6376 16.9894 1.6658 1.8972 1.9411 1.5987 
1.6868 1.6312 1.4818 1.7082 7.6505 1.4792 1.9519 7.1826 13.2899 1.4644 53.3601 53.4164 1.6136 1.3847 8.0912 1.6272 1.4864 1.5765 1.9043 
1.9497 1.8660 1.5917 8.0698 7.7245 1.6911 8.1462 7.6935 1.9960 59.1433 1.7941 27.7520 17.5269 1.3894 7.8001 7.7899 1.7769 1.4121 1.9362 
1.3968 1.4380 1.6044 1.4654 1.4654 7.6832 7.7358 1.8119 1.5340 59.1402 1.6761 1.7618 17.2999 7.6174 1.6501 1.4102 1.5894 1.6946 1.8234 
1.9311 2.0060 1.8735 1.7641 1.7178 1.4244 2.0026 1.4756 1.5823 11.3844 10.8718 10.8287 1.7537 1.7134 1.5725 1.7777 1.4936 1.4480 1.5327 
1.7826 1.7158 1.4938 1.5977 1.4035 1.5490 1.8496 1.4499 1.4703 1.4598 1.6041 1.7886 1.8405 1.5091 1.5643 1.7641 1.8043 1.4960 1.8278 
1.7890 1.6750 1.7112 1.6182 1.9656 1.9621 1.4009 1.9354 1.8197 1.8648 1.7086 1.8490 1.5930 1.4572 1.4122 1.8820 1.7389 1.5709 1.5380 
1.9717 1.5955 1.9756 1.9877 1.4236 1.6555 1.4321 1.5744 1.5322 1.9871 1.5946 1.8330 1.8417 1.5570 1.6123 1.6857 1.9438 1.9026 1.7589 
1.9144 1.4014 2.0092 1.8900 1.9546 1.7468 1.5061 1.4246 1.7017 74.2155 1.6501 1.4607 1.7018 1.5064 1.7806 1.9997 1.4596 1.7604 1.4615 
1.8983 1.5296 1.4957 1.8420 1.3940 1.8586 1.6579 6.8917 46.9108 74.2553 47.3969 14.3062 1.4913 1.7465 1.8472 1.8681 2.0029 1.3918 1.6509 
1.7941 1.6057 1.9446 1.7106 1.8134 1.8767 19.9592 37.1186 46.9342 1.6327 47.1804 23.2044 1.8578 1.5911 1.4260 1.6256 1.9375 1.6486 1.5858 
1.4060 1.7571 1.9200 1.4066 15.6235 19.9496 1.7674 1.7314 38.2029 1.9732 38.7672 1.7451 1.6666 1.7454 1.9153 1.7518 1.5251 1.6517 1.9333 
1.6472 1.5382 1.4734 10.1005 1.5369 11.0153 5.9271 1.7307 38.2223 1.8418 46.8059 1.9833 5.6847 1.6153 1.5585 1.6666 1.8221 1.3893 1.7436 
1.8128 1.4525 10.2774 10.4766 1.7794 1.9501 20.5193 20.5621 1.9366 31.8779 1.5127 38.0654 38.1539 1.8590 1.7280 1.9906 1.5573 1.9470 1.6555 
1.9760 2.0079 1.7963 10.2915 1.6153 16.4032 16.4170 1.8286 19.7021 24.0105 15.0175 1.5624 37.8765 5.5879 1.7963 1.7518 1.9289 1.9978 1.5642 
1.5251 1.9052 1.9620 10.3708 1.5549 1.8773 7.2346 1.6859 19.4964 1.3850 5.7078 1.5191 38.1696 1.7348 1.4147 1.6950 1.6700 1.4710 1.4301 
1.8296 1.8700 1.7156 10.5015 10.0274 9.9843 15.7033 1.8999 1.4790 23.7986 1.4482 1.8562 38.4457 10.9000 1.7011 1.5409 1.4657 1.4334 1.9134 
1.5675 1.8254 1.5806 1.5492 1.4176 1.4913 24.1522 15.9986 15.7524 23.5831 51.7161 38.3099 6.9886 1.8017 1.9046 1.5911 1.4321 1.7079 1.9285 
1.4012 1.4545 1.6926 1.4676 1.4110 18.7662 1.7636 1.9144 15.8047 1.9680 51.8239 1.8934 1.9834 1.4815 1.9446 1.4640 1.4176 1.9363 1.8597 
1.9361 1.5230 1.4204 1.8185 1.5343 18.9177 18.8400 1.4950 24.5506 1.4681 51.2310 1.6305 1.7599 1.9080 1.6039 1.5056 1.6299 1.5599 1.4008 
1.6543 1.8336 1.6235 1.7769 1.7812 1.9340 1.6391 18.7121 24.3119 1.3712 51.7883 15.9284 1.8054 1.3781 1.7201 1.8845 1.8777 1.9019 1.8792 
2.0069 1.8189 1.3937 1.6634 1.8448 1.4854 1.9547 1.7394 1.6044 73.8546 1.8317 1.8550 1.9056 1.4817 1.4706 1.8843 1.9608 1.5307 1.9619 
1.9139 1.7678 1.5111 1.7199 1.7473 1.7427 1.8075 1.5180 1.6065 73.9740 1.9722 1.8856 1.7141 1.4747 1.4916 1.9885 1.8378 1.4990 1.9705 
2.0108 1.6014 1.5140 1.9645 1.7768 1.7352 1.4872 1.5958 1.6017 7.1226 1.6272 1.3808 1.8831 1.4706 1.5202 1.8148 1.3843 1.7333 1.4402 
1.6558 1.9402 1.8996 1.3841 1.9494 1.7223 1.6556 1.3728 1.4256 1.6831 1.8505 1.9904 1.4044 1.6950 1.9680 1.4425 1.9543 1.5612 1.7158 
61
1
1 1 13 9 0 1 9
10
14 0 4 0 20 0 28 0 0 0
18 0 16 12 15 0 19 0 0 0
20 0 14 11 15 0 15 0 0 0
21 1 3 10 20 0 15 0 0 0
22 0 8 12 20 0 10 0 0 0
23 1 7 12 20 0 10 0 0 0
24 0 2 5 30 0 6 0 0 1
25 1 11 9 20 0 6 0 0 0
26 0 3 9 20 0 1 0 0 0
27 1 15 9 20 0 1 0 1 0
25 10
40 42 0 0 0 0
2
0 0 22 8
34 0 0 17
2
3 0 18 11 7
1 1 0 15 14
1.4455 1.6310 1.8576 1.6970 1.7801 1.4433 1.7474 1.5033 9.6026 1.5127 1.3653 1.6323 1.3848 1.8304 1.3523 1.8218 1.5463 1.9274 1.6033 
1.5269 1.7229 1.6576 1.6511 1.5069 1.6758 9.4272 9.7381 1.4155 9.7210 1.4629 1.6796 1.7702 1.8728 1.4719 1.3575 1.3584 1.9378 1.5146 
1.5670 1.4622 1.7367 1.7968 1.5682 9.3943 9.3079 1.6268 1.3786 57.1267 1.5724 1.9440 1.6194 1.7488 1.3458 1.5713 1.3791 1.4217 1.3593 
1.6956 1.5652 1.7862 1.9225 1.4182 1.4591 1.7254 9.5426 13.5741 49.6479 45.5348 20.2696 1.5480 1.5288 1.6537 1.7519 1.3407 1.6187 1.9282 
1.4317 1.8711 1.9005 1.5035 1.3506 1.5253 13.4060 21.2941 9.5994 1.4400 26.9598 19.9349 20.1094 1.5443 1.5884 1.6222 1.3479 1.9163 1.6991 
1.9478 1.8738 1.7087 1.3589 1.8077 13.3356 1.9395 1.4316 9.7679 1.4118 26.5447 1.8017 1.7866 20.1782 1.6415 1.4167 1.8148 1.3387 1.7409 
1.8248 1.4433 1.8934 1.4305 1.9392 13.6786 13.4097 1.8708 14.8530 1.3685 26.5893 1.3859 19.9735 19.9473 1.6036 1.4718 1.8467 1.8333 1.3590 
1.7997 1.6105 1.7229 1.9271 1.8424 1.6320 18.8957 7.3301 1.4225 26.8260 1.7451 1.3506 20.0939 1.5885 1.3351 1.6462 1.6244 1.5983 1.3714 
1.6124 1.6009 1.7074 1.3845 1.7733 13.2257 19.1720 1.8606 15.1309 21.2811 7.5348 1.3326 20.1625 10.8581 1.8015 1.4054 1.4204 1.4329 1.6151 
1.4564 1.8420 1.6430 1.6739 1.6096 1.3356 18.7838 1.8143 15.1780 1.9206 7.5439 1.8082 20.4681 1.8296 1.6014 1.4012 1.8384 1.4518 1.5548 
1.9223 1.5148 1.3658 1.7010 1.6181 5.3820 19.0913 1.5564 1.3331 21.3151 1.5349 1.9311 19.8766 1.3644 1.5641 1.6014 1.7121 1.3596 1.6136 
1.4394 1.5010 1.7276 1.5799 1.5681 1.4766 11.5565 24.8531 24.5803 33.4330 33.3472 1.4423 20.4636 1.7678 1.6425 1.8047 1.6277 1.5683 1.4321 
1.7112 1.4231 1.8894 1.3844 7.6052 7.3934 1.4012 1.5235 6.9700 1.9009 33.3116 1.4220 1.9400 20.4668 20.0283 1.7346 1.3622 1.6157 1.4082 
1.5998 1.6867 1.5265 1.6356 7.4767 1.3867 1.7468 1.7585 7.1088 1.3704 33.2399 1.5251 26.0807 25.8415 16.4827 1.6188 1.8433 1.8859 1.5537 
1.6392 1.5853 1.4403 1.6600 7.4240 1.4378 1.8963 6.9701 12.8942 1.4235 51.7623 51.8169 1.5682 1.3462 7.8515 1.5814 1.4448 1.5322 1.8502 
1.8942 1.8130 1.5469 7.8307 7.4958 1.6434 7.9048 7.4657 1.9391 57.3720 1.7433 26.9224 17.0041 1.3507 7.5691 7.5592 1.7266 1.3727 1.8811 
1.3579 1.3979 1.5593 1.4244 1.4244 7.4557 7.5067 1.7605 1.4910 57.3690 1.6288 1.7119 16.7839 7.3919 1.6036 1.3709 1.5447 1.6468 1.7717 
1.8762 1.9488 1.8203 1.7142 1.6693 1.3847 1.9455 1.4343 1.5378 11.0459 10.5486 10.5068 1.7041 1.6650 1.5283 1.7274 1.4518 1.4076 1.4897 
1.7321 1.6673 1.4520 1.5528 1.3644 1.5055 1.7971 1.4094 1.4292 1.4190 1.5590 1.7379 1.7883 1.4668 1.5204 1.7142 1.7532 1.4541 1.7760 
1.7383 1.6278 1.6629 1.5727 1.9096 1.9062 1.3619 1.8803 1.7681 1.8119 1.6603 1.7965 1.5482 1.4165 1.3728 1.8285 1.6897 1.5268 1.4949 
1.9155 1.5506 1.9193 1.9311 1.3839 1.6088 1.3921 1.5302 1.4892 1.9305 1.5498 1.7810 1.7894 1.5133 1.5669 1.6381 1.8885 1.8485 1.7091 
1.8600 1.3624 1.9519 1.8363 1.8990 1.6974 1.4639 1.3849 1.6536 71.9920 1.6036 1.4199 1.6537 1.4642 1.7302 1.9427 1.4188 1.7106 1.4207 
1.8444 1.4867 1.4538 1.7897 1.3552 1.8058 1.6112 6.6879 45.5065 72.0306 45.9780 13.8800 1.4496 1.6971 1.7948 1.8151 1.9458 1.3530 1.6044 
1.7433 1.5605 1.8893 1.6623 1.7620 1.8234 19.3634 36.0080 45.5292 1.5867 45.7680 22.5113 1.8051 1.5464 1.3862 1.5798 1.8824 1.6021 1.5412 
1.3668 1.7074 1.8654 1.3674 15.1578 19.3541 1.7174 1.6825 37.0598 1.9170 37.6072 1.6957 1.6196 1.6960 1.8608 1.7022 1.4823 1.6051 1.8783 
1.6008 1.4951 1.4322 9.8005 1.4938 10.6878 5.7523 1.6818 37.0786 1.7895 45.4047 1.9268 5.5172 1.5698 1.5147 1.6196 1.7704 1.3506 1.6943 
1.7614 1.4119 9.9721 10.1653 1.7290 1.8946 19.9067 19.9482 1.8815 30.9246 1.4703 36.9264 37.0123 1.8062 1.6792 1.9339 1.5136 1.8916 1.6088 
1.9197 1.9507 1.7454 9.9858 1.5698 15.9141 15.9275 1.7767 19.1140 23.2932 14.5700 1.5185 36.7432 5.4233 1.7454 1.7022 1.8740 1.9409 1.5203 
1.4823 1.8510 1.9061 10.0627 1.5113 1.8240 7.0206 1.6383 18.9145 1.3465 5.5396 1.4765 37.0275 1.6858 1.3753 1.6472 1.6229 1.4299 1.3902 
1.7777 1.8169 1.6671 10.1895 9.7296 9.6878 15.2352 1.8459 1.4376 23.0876 1.4078 1.8035 37.2953 10.5760 1.6531 1.4977 1.4247 1.3934 1.8590 
1.5235 1.7736 1.5362 1.5057 1.3781 1.4496 23.4306 15.5216 15.2828 22.8786 50.1676 37.1636 6.7819 1.7506 1.8505 1.5464 1.3921 1.6597 1.8736 
1.3622 1.4139 1.6448 1.4266 1.3717 18.2062 1.7137 1.8600 15.3336 1.9120 50.2722 1.8396 1.9269 1.4401 1.8893 1.4231 1.3781 1.8812 1.8069 
1.8810 1.4803 1.3808 1.7669 1.4913 18.3532 18.2778 1.4532 23.8171 1.4271 49.6971 1.5846 1.7101 1.8538 1.5588 1.4634 1.5840 1.5161 1.3618 
1.6077 1.7816 1.5778 1.7266 1.7308 1.8790 1.5929 18.1537 23.5855 1.3331 50.2377 15.4535 1.7542 1.3398 1.6715 1.8310 1.8244 1.8478 1.8258 
1.9497 1.7673 1.3549 1.6165 1.7925 1.4438 1.8991 1.6902 1.5593 71.6420 1.7797 1.8024 1.8514 1.4402 1.4295 1.8308 1.9050 1.4878 1.9060 
1.8595 1.7178 1.4688 1.6713 1.6979 1.6934 1.7563 1.4755 1.5613 71.7578 1.9160 1.8320 1.6657 1.4335 1.4499 1.9318 1.7857 1.4570 1.9144 
1.9535 1.5564 1.4716 1.9086 1.7265 1.6861 1.4456 1.5509 1.5566 6.9119 1.5814 1.3424 1.8296 1.4295 1.4776 1.7634 1.3458 1.6843 1.4000 
1.6091 1.8850 1.8456 1.3456 1.8939 1.6736 1.6089 1.3346 1.3858 1.6356 1.7980 1.9337 1.3653 1.6472 1.9120 1.4022 1.8987 1.5174 1.6673 
62
1
1 1 13 9 0 0 9
10
14 0 5 1 20 0 29 0 0 0
18 0 16 13 15 0 20 0 0 0
20 0 14 10 15 0 16 0 0 0
21 1 3 9 20 0 16 0 0 0
22 0 8 13 20 0 11 0 0 0
23 1 7 11 20 0 11 0 0 0
24 0 1 6 30 0 7 0 0 1
25 1 11 10 20 0 7 0 0 0
26 0 3 10 20 0 2 0 0 0
27 1 14 10 20 0 2 0 1 0
28 13
40 42 0 0 0 0
2
0 0 21 7
33 0 0 16
2
3 0 18 11 6
1 1 0 15 13
1.4051 1.5851 1.8049 1.6491 1.7297 1.4030 1.6980 1.4612 9.3175 1.4703 1.3273 1.5863 1.3463 1.7785 1.3147 1.7701 1.5029 1.8726 1.5582 
1.4841 1.6742 1.6109 1.6046 1.4647 1.6285 9.1474 9.4490 1.3760 9.4324 1.4220 1.6322 1.7201 1.8196 1.4307 1.3198 1.3206 1.8827 1.4722 
1.5230 1.4213 1.6876 1.7459 1.5242 9.1155 9.0317 1.5810 1.3402 55.4159 1.5282 1.8887 1.5738 1.6993 1.3084 1.5272 1.3407 1.3820 1.3215 
1.6477 1.5212 1.7356 1.8678 1.3787 1.4183 1.6766 9.2593 13.1699 48.1615 44.1718 19.6645 1.5046 1.4859 1.6071 1.7023 1.3035 1.5731 1.8734 
1.3917 1.8180 1.8465 1.4614 1.3131 1.4825 13.0068 20.6583 9.3144 1.3998 26.1540 19.3399 19.5091 1.5010 1.5437 1.5765 1.3105 1.8618 1.6511 
1.8924 1.8206 1.6604 1.3211 1.7565 12.9385 1.8843 1.3917 9.4779 1.3724 25.7514 1.7506 1.7360 19.5759 1.5953 1.3772 1.7634 1.3015 1.6917 
1.7731 1.4030 1.8396 1.3906 1.8840 13.2712 13.0104 1.8177 14.4104 1.3304 25.7946 1.3473 19.3773 19.3519 1.5585 1.4306 1.7943 1.7813 1.3212 
1.7487 1.5652 1.6742 1.8723 1.7901 1.5860 18.3318 7.1132 1.3828 26.0242 1.6957 1.3131 19.4941 1.5438 1.2980 1.5998 1.5787 1.5534 1.3333 
1.5670 1.5559 1.6592 1.3460 1.7231 12.8319 18.5998 1.8078 14.6800 20.6457 7.3118 1.2956 19.5606 10.5354 1.7505 1.3662 1.3808 1.3929 1.5696 
1.4157 1.7897 1.5967 1.6267 1.5643 1.2985 18.2233 1.7629 14.7257 1.8660 7.3206 1.7570 19.8571 1.7777 1.5564 1.3622 1.7862 1.4112 1.5112 
1.8676 1.4724 1.3278 1.6530 1.5726 5.2235 18.5216 1.5127 1.2961 20.6786 1.4919 1.8762 19.2833 1.3265 1.5202 1.5564 1.6637 1.3218 1.5682 
1.3992 1.4590 1.6788 1.5355 1.5241 1.4353 11.2128 24.1105 23.8459 32.4330 32.3498 1.4020 19.8527 1.7178 1.5962 1.7536 1.5819 1.5243 1.3921 
1.6629 1.3834 1.8357 1.3459 7.3800 7.1746 1.3622 1.4808 6.7639 1.8469 32.3153 1.3823 1.8848 19.8558 19.4305 1.6856 1.3243 1.5702 1.3690 
1.5548 1.6391 1.4837 1.5895 7.2554 1.3481 1.6974 1.7087 6.8985 1.3323 32.2457 1.4823 25.3013 25.0693 15.9912 1.5732 1.7910 1.8323 1.5101 
1.5930 1.5407 1.4001 1.6132 7.2043 1.3977 1.8424 6.7640 12.5104 1.3838 50.2124 50.2654 1.5242 1.3088 7.6190 1.5370 1.4045 1.4892 1.7977 
1.8404 1.7616 1.5035 7.5988 7.2739 1.5971 7.6707 7.2447 1.8839 55.6538 1.6940 26.1177 16.4970 1.3132 7.3450 7.3354 1.6778 1.3345 1.8277 
1.3202 1.3590 1.5155 1.3847 1.3847 7.2350 7.2845 1.7107 1.4493 55.6509 1.5829 1.6635 16.2834 7.1731 1.5585 1.3328 1.5014 1.6004 1.7215 
1.8229 1.8933 1.7687 1.6658 1.6222 1.3462 1.8901 1.3943 1.4947 10.7175 10.2351 10.1946 1.6560 1.6181 1.4855 1.6786 1.4112 1.3684 1.4480 
1.6831 1.6203 1.4114 1.5092 1.3265 1.4633 1.7462 1.3701 1.3893 1.3794 1.5152 1.6888 1.7377 1.4258 1.4778 1.6658 1.7036 1.4135 1.7257 
1.6892 1.5820 1.6160 1.5285 1.8553 1.8520 1.3240 1.8269 1.7181 1.7605 1.6135 1.7456 1.5048 1.3770 1.3346 1.7766 1.6420 1.4840 1.4531 
1.8610 1.5071 1.8647 1.8762 1.3454 1.5635 1.3533 1.4873 1.4475 1.8756 1.5063 1.7306 1.7387 1.4709 1.5229 1.5920 1.8348 1.7960 1.6608 
1.8072 1.3245 1.8963 1.7842 1.8450 1.6495 1.4230 1.3464 1.6070 69.8352 1.5585 1.3803 1.6071 1.4233 1.6813 1.8874 1.3792 1.6623 1.3811 
1.7921 1.4451 1.4132 1.7390 1.3175 1.7546 1.5659 6.4903 44.1443 69.8727 44.6017 13.4666 1.4091 1.6492 1.7440 1.7636 1.8904 1.3154 1.5593 
1.6940 1.5167 1.8356 1.6154 1.7121 1.7717 18.7855 34.9308 44.1663 1.5421 44.3980 21.8390 1.7539 1.5030 1.3476 1.5354 1.8289 1.5570 1.4980 
1.3288 1.6592 1.8124 1.3294 14.7061 18.7765 1.6689 1.6350 35.9510 1.8625 36.4820 1.6478 1.5740 1.6481 1.8080 1.6541 1.4408 1.5599 1.8250 
1.5558 1.4532 1.3922 9.5095 1.4520 10.3702 5.5827 1.6343 35.9692 1.7388 44.0456 1.8720 5.3547 1.5257 1.4723 1.5740 1.7203 1.3131 1.6465 
1.7116 1.3725 9.6759 9.8633 1.6801 1.8408 19.3125 19.3528 1.8281 29.9999 1.4292 35.8216 35.9049 1.7550 1.6318 1.8789 1.4712 1.8379 1.5635 
1.8651 1.8952 1.6960 9.6892 1.5257 15.4397 15.4527 1.7264 18.5436 22.5974 14.1359 1.4759 35.6439 5.2636 1.6960 1.6541 1.8208 1.8857 1.4777 
1.4408 1.7985 1.8519 9.7638 1.4690 1.7723 6.8130 1.5922 18.3501 1.3091 5.3764 1.4352 35.9197 1.6382 1.3370 1.6008 1.5772 1.3900 1.3515 
1.7274 1.7654 1.6201 9.8868 9.4407 9.4002 14.7811 1.7935 1.3975 22.3980 1.3686 1.7524 36.1794 10.2617 1.6065 1.4558 1.3850 1.3546 1.8062 
1.4808 1.7234 1.4931 1.4635 1.3398 1.4091 22.7307 15.0590 14.8273 22.1952 48.6656 36.0517 6.5814 1.7011 1.7980 1.5030 1.3533 1.6129 1.8204 
1.3243 1.3745 1.5985 1.3868 1.3335 17.6630 1.6653 1.8072 14.8766 1.8576 48.7670 1.7874 1.8721 1.3999 1.8356 1.3834 1.3398 1.8278 1.7557 
1.8276 1.4389 1.3424 1.7169 1.4496 17.8056 17.7325 1.4126 23.1056 1.3873 48.2092 1.5401 1.6618 1.8012 1.5150 1.4225 1.5395 1.4736 1.3239 
1.5625 1.7312 1.5335 1.6778 1.6819 1.8256 1.5481 17.6121 22.8809 1.2961 48.7336 14.9929 1.7046 1.3026 1.6244 1.7791 1.7727 1.7954 1.7740 
1.8942 1.7173 1.3173 1.5710 1.7417 1.4035 1.8451 1.6425 1.5155 69.4957 1.7293 1.7513 1.7989 1.4000 1.3896 1.7789 1.8509 1.4462 1.8518 
1.8067 1.6693 1.4277 1.6242 1.6500 1.6456 1.7066 1.4342 1.5175 69.6081 1.8615 1.7800 1.6187 1.3935 1.4094 1.8768 1.7351 1.4163 1.8600 
1.8979 1.5127 1.4305 1.8543 1.6777 1.6385 1.4052 1.5074 1.5129 6.7075 1.5370 1.3051 1.7777 1.3896 1.4363 1.7135 1.3084 1.6368 1.3610 
1.5638 1.8315 1.7932 1.3082 1.8401 1.6264 1.5636 1.2976 1.3472 1.5895 1.7471 1.8787 1.3273 1.6008 1.8576 1.3631 1.8447 1.4749 1.6203 
63
1
1 1 13 9 0 0 9
10
14 0 4 1 20 0 30 0 0 0
18 0 15 12 15 0 21 0 0 0
20 0 15 9 15 0 17 0 0 0
21 1 2 9 20 0 17 1 0 0
22 0 7 12 20 0 12 0 0 0
23 1 6 10 20 0 12 0 0 0
24 0 1 7 30 0 8 0 0 1
25 1 11 11 20 0 8 0 0 0
26 0 4 10 20 0 3 0 0 0
27 1 13 10 20 0 3 0 1 0
28 23
39 42 0 0 0 0
2
0 0 20 6
32 0 0 15
2
3 0 18 11 5
1 1 0 15 12
1.3659 1.5405 1.7538 1.6026 1.6808 1.3639 1.6501 1.4204 9.0410 1.4292 1.2905 1.5417 1.3089 1.7281 1.2783 1.7200 1.4608 1.8194 1.5145 
1.4426 1.6270 1.5656 1.5595 1.4238 1.5826 8.8760 9.1685 1.3377 9.1524 1.3823 1.5862 1.6715 1.7680 1.3908 1.2832 1.2840 1.8292 1.4310 
1.4803 1.3817 1.6400 1.6965 1.4815 8.8450 8.7637 1.5366 1.3030 53.7564 1.4854 1.8350 1.5296 1.6513 1.2721 1.4844 1.3035 1.3435 1.2849 
1.6013 1.4786 1.6865 1.8148 1.3403 1.3788 1.6293 8.9845 12.7778 46.7197 42.8496 19.0776 1.4625 1.4443 1.5619 1.6542 1.2674 1.5289 1.8202 
1.3529 1.7665 1.7941 1.4206 1.2767 1.4410 12.6196 20.0416 9.0380 1.3608 25.3724 18.7627 18.9268 1.4590 1.5004 1.5322 1.2742 1.8089 1.6046 
1.8386 1.7690 1.6136 1.2845 1.7068 12.5533 1.8308 1.3529 9.1966 1.3342 24.9819 1.7011 1.6869 18.9916 1.5504 1.3389 1.7135 1.2655 1.6439 
1.7229 1.3639 1.7874 1.3519 1.8305 12.8761 12.6231 1.7662 13.9811 1.2935 25.0238 1.3099 18.7990 18.7743 1.5147 1.3907 1.7435 1.7309 1.2846 
1.6992 1.5212 1.6270 1.8191 1.7394 1.5414 17.7848 6.9028 1.3443 25.2465 1.6478 1.2767 18.9123 1.5005 1.2621 1.5548 1.5343 1.5098 1.2963 
1.5230 1.5122 1.6124 1.3086 1.6744 12.4499 18.0448 1.7566 14.2426 20.0293 7.0954 1.2597 18.9768 10.2223 1.7010 1.3282 1.3424 1.3541 1.5255 
1.3762 1.7390 1.5518 1.5809 1.5204 1.2625 17.6796 1.7130 14.2869 1.8130 7.1040 1.7073 19.2644 1.7274 1.5127 1.3243 1.7356 1.3719 1.4689 
1.8146 1.4312 1.2910 1.6064 1.5284 5.0698 17.9690 1.4703 1.2602 20.0612 1.4501 1.8229 18.7078 1.2897 1.4776 1.5127 1.6168 1.2851 1.5242 
1.3602 1.4182 1.6314 1.4924 1.4814 1.3952 10.8794 23.3902 23.1335 31.4630 31.3823 1.3629 19.2601 1.6693 1.5513 1.7040 1.5374 1.4816 1.3533 
1.6160 1.3449 1.7836 1.3085 7.1616 6.9624 1.3243 1.4394 6.5640 1.7945 31.3488 1.3438 1.8313 19.2631 18.8506 1.6380 1.2876 1.5261 1.3309 
1.5112 1.5929 1.4422 1.5448 7.0407 1.3107 1.6495 1.6604 6.6945 1.2953 31.2813 1.4408 24.5453 24.3202 15.5145 1.5290 1.7403 1.7803 1.4678 
1.5482 1.4975 1.3611 1.5678 6.9912 1.3588 1.7901 6.5641 12.1381 1.3453 48.7090 48.7604 1.4815 1.2725 7.3934 1.4939 1.3654 1.4475 1.7468 
1.7882 1.7118 1.4614 7.3738 7.0587 1.5522 7.4436 7.0304 1.8304 53.9872 1.6462 25.3372 16.0051 1.2768 7.1277 7.1183 1.6305 1.2975 1.7759 
1.2836 1.3212 1.4730 1.3462 1.3462 7.0210 7.0690 1.6624 1.4088 53.9844 1.5384 1.6166 15.7979 6.9609 1.5147 1.2958 1.4594 1.5554 1.6729 
1.7712 1.8395 1.7186 1.6188 1.5765 1.3088 1.8364 1.3555 1.4529 10.3990 9.9310 9.8918 1.6093 1.5726 1.4439 1.6312 1.3719 1.3303 1.4076 
1.6356 1.5747 1.3721 1.4669 1.2897 1.4224 1.6968 1.3320 1.3506 1.3410 1.4727 1.6411 1.6886 1.3860 1.4365 1.6188 1.6555 1.3741 1.6769 
1.6415 1.5375 1.5705 1.4856 1.8026 1.7994 1.2873 1.7751 1.6696 1.7107 1.5681 1.6962 1.4627 1.3387 1.2976 1.7263 1.5957 1.4425 1.4125 
1.8082 1.4649 1.8118 1.8229 1.3080 1.5196 1.3157 1.4457 1.4071 1.8223 1.4641 1.6817 1.6895 1.4298 1.4802 1.5472 1.7828 1.7451 1.6140 
1.7560 1.2878 1.8424 1.7337 1.7927 1.6030 1.3833 1.3090 1.5618 77.7431 1.5147 1.3419 1.5619 1.3836 1.6339 1.8338 1.3408 1.6154 1.3427 
1.7413 1.4047 1.3738 1.6898 1.2810 1.7050 1.5219 6.2986 42.8230 77.7795 53.2666 13.0656 1.3698 1.6027 1.6947 1.7137 1.8367 1.2789 1.5155 
1.6462 1.4742 1.7835 1.5699 1.6637 1.7215 18.2249 33.8859 42.8443 1.4988 53.0691 21.1868 1.7043 1.4609 1.3102 1.4923 1.7770 1.5133 1.4561 
1.2919 1.6124 1.7610 1.2925 14.2679 18.2162 1.6218 1.5890 34.8755 1.8096 45.3905 1.6014 1.5298 1.6017 1.7568 1.6075 1.4006 1.5161 1.7733 
1.5121 1.4126 1.3534 9.2272 1.4114 10.0621 5.4182 1.5883 34.8931 1.6896 52.7272 1.8188 5.1971 1.4829 1.4311 1.5298 1.6717 1.2767 1.6001 
1.6633 1.3343 9.3886 9.5704 1.6327 1.7886 18.7361 18.7752 1.7763 39.1029 1.3893 34.7500 34.8308 1.7054 1.5858 1.8255 1.4301 1.7858 1.5196 
1.8121 1.8413 1.6481 9.4015 1.4829 14.9795 14.9921 1.6776 17.9903 31.9225 23.7148 1.4346 34.5776 5.1087 1.6481 1.6075 1.7692 1.8321 1.4364 
1.4006 1.7475 1.7993 9.4739 1.4279 1.7221 6.6116 1.5474 17.8026 1.2728 15.2181 1.3951 34.8451 1.5921 1.2999 1.5558 1.5329 1.3513 1.3140 
1.6786 1.7154 1.5745 9.5932 9.1605 9.1212 14.3407 1.7427 1.3586 31.7291 1.3305 1.7028 35.0970 9.9568 1.5613 1.4151 1.3465 1.3170 1.7550 
1.4394 1.6747 1.4513 1.4226 1.3026 1.3698 22.0518 14.6102 14.3855 31.5323 57.2086 34.9731 6.3870 1.6531 1.7471 1.4609 1.3157 1.5675 1.7688 
1.2876 1.3363 1.5535 1.3482 1.2965 17.1361 1.6183 1.7560 14.4333 1.8049 57.3070 1.7368 1.8189 1.3609 1.7835 1.3449 1.3026 1.7760 1.7060 
1.7758 1.3987 1.3051 1.6684 1.4091 17.2744 17.2035 1.3732 22.4154 1.3487 56.7659 1.4969 1.6149 1.7502 1.4726 1.3828 1.4963 1.4324 1.2872 
1.5186 1.6823 1.4905 1.6305 1.6344 1.7738 1.5047 17.0867 22.1975 1.2602 57.2746 14.5461 1.6565 1.2665 1.5787 1.7287 1.7225 1.7445 1.7238 
1.8404 1.6688 1.2808 1.5269 1.6924 1.3644 1.7927 1.5962 1.4730 77.4138 1.6804 1.7018 1.7479 1.3610 1.3509 1.7285 1.7984 1.4058 1.7992 
1.7555 1.6222 1.3879 1.5785 1.6035 1.5992 1.6584 1.3942 1.4750 77.5229 1.8087 1.7296 1.5731 1.3547 1.3701 1.8235 1.6860 1.3768 1.8072 
1.8440 1.4703 1.3906 1.8017 1.6304 1.5923 1.3660 1.4652 1.4705 6.5093 1.4939 1.2689 1.7274 1.3509 1.3962 1.6651 1.2721 1.5907 1.3232 
1.5199 1.7796 1.7424 1.2720 1.7879 1.5806 1.5197 1.2617 1.3098 1.5448 1.6977 1.8253 1.2905 1.5558 1.8049 1.3252 1.7924 1.4337 1.5747 
64
1
1 1 13 9 0 0 9
11
14 0 4 0 20 0 31 0 0 0
18 0 16 12 15 0 22 0 0 0
20 0 16 9 15 0 18 1 0 0
22 0 8 12 20 0 13 0 0 0
23 1 7 9 20 0 13 0 0 0
24 0 0 8 30 0 9 0 0 1
25 1 10 12 20 0 9 0 0 0
26 0 5 10 20 0 4 0 0 0
27 1 12 10 20 0 4 0 1 0
28 0 2 9 30 0 0 0 0 1
29 1 16 9 20 0 0 0 0 0
41 26
39 41 0 0 0 0
2
0 0 19 5
31 0 0 14
2
3 0 18 11 4
1 1 0 15 11
1.3279 1.4973 1.7042 1.5575 1.6334 1.3260 1.6036 1.3808 8.7728 1.3893 1.2548 1.4984 1.2726 1.6793 1.2430 1.6714 1.4200 1.7678 1.4721 
1.4023 1.5812 1.5216 1.5157 1.3841 1.5381 8.6127 8.8964 1.3006 8.8808 1.3438 1.5416 1.6244 1.7180 1.3521 1.2477 1.2485 1.7773 1.3911 
1.4389 1.3432 1.5938 1.6486 1.4401 8.5827 8.5038 1.4935 1.2669 62.1467 1.4438 1.7830 1.4867 1.6048 1.2369 1.4429 1.2674 1.3062 1.2494 
1.5563 1.4372 1.6389 1.7634 1.3031 1.3404 1.5834 8.7180 12.3975 55.3211 51.5671 18.5083 1.4216 1.4040 1.5180 1.6076 1.2324 1.4860 1.7686 
1.3153 1.7165 1.7433 1.3810 1.2414 1.4008 12.2440 19.4434 8.7699 1.3230 34.6142 18.2028 18.3620 1.4182 1.4584 1.4892 1.2390 1.7576 1.5595 
1.7864 1.7189 1.5682 1.2490 1.6586 12.1797 1.7789 1.3153 8.9237 1.2972 34.2354 1.6531 1.6393 18.4249 1.5069 1.3017 1.6651 1.2305 1.5976 
1.6742 1.3260 1.7368 1.3143 1.7786 12.4928 12.2474 1.7162 13.5647 1.2577 34.2761 1.2736 18.2380 18.2141 1.4723 1.3520 1.6942 1.6820 1.2491 
1.6512 1.4786 1.5812 1.7675 1.6902 1.4982 17.2543 6.6987 1.3070 34.4921 1.6014 1.2414 18.3479 1.4585 1.2272 1.5112 1.4913 1.4675 1.2604 
1.4803 1.4698 1.5670 1.2723 1.6272 12.0794 17.5065 1.7069 23.8183 29.4314 6.8855 1.2249 18.4105 9.9186 1.6530 1.2914 1.3051 1.3165 1.4827 
1.3379 1.6898 1.5082 1.5365 1.4778 1.2276 17.1522 1.6646 23.8613 1.7616 6.8939 1.6591 18.6895 1.6786 1.4703 1.2876 1.6865 1.3337 1.4278 
1.7632 1.3913 1.2553 1.5612 1.4855 4.9207 17.4329 1.4292 1.2254 29.4624 1.4096 1.7712 18.1496 1.2540 1.4363 1.4703 1.5713 1.2495 1.4815 
1.3224 1.3787 1.5855 1.4506 1.4400 1.3563 10.5560 22.6915 22.4425 40.5221 40.4438 1.3250 18.6853 1.6222 1.5078 1.6559 1.4943 1.4402 1.3157 
1.5705 1.3076 1.7331 1.2722 6.9498 6.7565 1.2876 1.3992 6.3701 1.7437 40.4113 1.3065 1.7794 18.6882 18.2881 1.5919 1.2520 1.4833 1.2940 
1.4689 1.5481 1.4019 1.5015 6.8325 1.2744 1.6030 1.6136 6.4967 1.2594 40.3459 1.4006 23.8119 23.5936 15.0521 1.4861 1.6911 1.7299 1.4268 
1.5048 1.4556 1.3233 1.5238 6.7845 1.3210 1.7394 6.3702 11.7770 1.3079 57.2507 57.3006 1.4401 1.2373 7.1746 1.4521 1.3274 1.4071 1.6974 
1.7376 1.6634 1.4206 7.1556 6.8499 1.5086 7.2233 6.8225 1.7785 62.3706 1.5998 24.5801 15.5279 1.2415 6.9169 6.9078 1.5846 1.2616 1.7256 
1.2481 1.2846 1.4318 1.3088 1.3088 6.8134 6.8599 1.6155 1.3695 62.3679 1.4952 1.5711 15.3270 6.7551 1.4723 1.2599 1.4186 1.5117 1.6257 
1.7211 1.7873 1.6700 1.5732 1.5322 1.2725 1.7843 1.3178 1.4123 10.0900 9.6361 9.5980 1.5640 1.5284 1.4036 1.5853 1.3337 1.2934 1.3684 
1.5895 1.5305 1.3339 1.4259 1.2540 1.3827 1.6489 1.2950 1.3131 1.3038 1.4315 1.5949 1.6409 1.3474 1.3964 1.5732 1.6088 1.3359 1.6296 
1.5953 1.4944 1.5264 1.4440 1.7515 1.7484 1.2517 1.7248 1.6225 1.6624 1.5241 1.6483 1.4218 1.3015 1.2617 1.6775 1.5508 1.4022 1.3731 
1.7570 1.4240 1.7604 1.7712 1.2718 1.4770 1.2792 1.4053 1.3679 1.7706 1.4232 1.6342 1.6418 1.3899 1.4388 1.5038 1.7323 1.6957 1.5686 
1.7063 1.2522 1.7901 1.6847 1.7419 1.5579 1.3448 1.2727 1.5179 75.4138 1.4723 1.3046 1.5180 1.3451 1.5879 1.7818 1.3036 1.5699 1.3054 
1.6921 1.3656 1.3356 1.6421 1.2456 1.6569 1.4792 6.1126 41.5413 75.4491 51.6716 12.6766 1.3317 1.5576 1.6469 1.6653 1.7846 1.2435 1.4730 
1.5998 1.4330 1.7330 1.5258 1.6168 1.6729 17.6812 32.8723 41.5620 1.4568 51.4800 20.5542 1.6562 1.4201 1.2739 1.4505 1.7267 1.4709 1.4154 
1.2561 1.5670 1.7112 1.2567 13.8429 17.6727 1.5761 1.5443 33.8322 1.7583 44.0318 1.5564 1.4869 1.5566 1.7071 1.5623 1.3616 1.4736 1.7231 
1.4697 1.3732 1.3158 8.9534 1.3721 9.7632 5.2587 1.5437 33.8493 1.6419 51.1484 1.7672 5.0442 1.4414 1.3912 1.4869 1.6245 1.2414 1.5551 
1.6164 1.2973 9.1099 9.2863 1.5867 1.7379 18.1770 18.2149 1.7260 37.9328 1.3506 33.7105 33.7889 1.6572 1.5412 1.7737 1.3902 1.7352 1.4770 
1.7607 1.7891 1.6017 9.1225 1.4414 14.5331 14.5453 1.6303 17.4536 30.9678 23.0064 1.3946 33.5433 4.9584 1.6017 1.5623 1.7191 1.7801 1.3963 
1.3616 1.6981 1.7483 9.1927 1.3881 1.6734 6.4163 1.5040 17.2715 1.2376 14.7646 1.3562 33.8027 1.5473 1.2639 1.5121 1.4899 1.3138 1.2776 
1.6312 1.6669 1.5303 9.3084 8.8887 8.8506 13.9135 1.6934 1.3208 30.7802 1.2936 1.6547 34.0471 9.6611 1.5175 1.3756 1.3091 1.2805 1.7054 
1.3992 1.6275 1.4108 1.3829 1.2665 1.3317 21.3932 14.1749 13.9569 30.5893 55.4953 33.9269 6.1984 1.6065 1.6977 1.4201 1.2792 1.5235 1.7187 
1.2520 1.2992 1.5099 1.3108 1.2606 16.6250 1.5728 1.7063 14.0033 1.7538 55.5908 1.6877 1.7673 1.3231 1.7330 1.3076 1.2665 1.7257 1.6578 
1.7255 1.3597 1.2689 1.6213 1.3698 16.7592 16.6904 1.3350 21.7459 1.3112 55.0659 1.4550 1.5695 1.7007 1.4314 1.3443 1.4544 1.3924 1.2516 
1.4760 1.6348 1.4488 1.5846 1.5884 1.7236 1.4626 16.5771 21.5346 1.2254 55.5594 14.1127 1.6098 1.2315 1.5343 1.6798 1.6738 1.6952 1.6751 
1.7882 1.6217 1.2454 1.4841 1.6446 1.3265 1.7419 1.5513 1.4318 75.0944 1.6330 1.6537 1.6985 1.3232 1.3134 1.6796 1.7474 1.3666 1.7482 
1.7058 1.5765 1.3493 1.5341 1.5584 1.5542 1.6116 1.3554 1.4338 75.2002 1.7574 1.6807 1.5289 1.3171 1.3320 1.7718 1.6384 1.3385 1.7560 
1.7917 1.4292 1.3519 1.7506 1.5845 1.5475 1.3280 1.4242 1.4294 6.3170 1.4521 1.2338 1.6786 1.3134 1.3573 1.6181 1.2369 1.5460 1.2865 
1.4773 1.7292 1.6931 1.2368 1.7373 1.5362 1.4771 1.2268 1.2735 1.5015 1.6498 1.7735 1.2548 1.5121 1.7538 1.2884 1.7416 1.3937 1.5305 
65
1
1 1 13 9 0 0 9
10
14 0 5 1 20 0 32 0 0 0
18 0 16 13 15 0 23 0 0 0
22 0 9 12 20 0 14 0 0 0
23 1 6 8 20 0 14 0 0 0
24 0 1 9 30 0 10 0 0 1
25 1 9 12 20 0 10 0 0 0
26 0 6 10 20 0 5 0 0 0
27 1 11 10 20 0 5 0 0 0
28 0 3 9 30 0 1 0 0 1
29 1 15 9 20 0 1 0 0 0
41 26
39 41 0 0 0 0
2
0 0 18 4
30 0 0 13
2
3 0 18 11 3
1 1 0 15 10
1.2911 1.4554 1.6561 1.5138 1.5874 1.2892 1.5585 1.3424 8.5126 1.3506 1.2202 1.4564 1.2374 1.6319 1.2087 1.6243 1.3804 1.7178 1.4309 
1.3632 1.5368 1.4790 1.4732 1.3456 1.4950 8.3573 8.6325 1.2646 8.6174 1.3065 1.4984 1.5787 1.6695 1.3145 1.2133 1.2140 1.7270 1.3524 
1.3987 1.3059 1.5490 1.6021 1.3999 8.3282 8.2517 1.4517 1.2319 60.2853 1.4035 1.7325 1.4451 1.5597 1.2028 1.4026 1.2324 1.2700 1.2149 
1.5126 1.3971 1.5927 1.7135 1.2670 1.3032 1.5389 8.4595 12.0286 53.6645 50.0231 17.9561 1.3820 1.3649 1.4755 1.5624 1.1984 1.4444 1.7185 
1.2788 1.6680 1.6940 1.3426 1.2072 1.3618 11.8797 18.8631 8.5098 1.2863 33.5788 17.6597 17.8141 1.3787 1.4176 1.4475 1.2048 1.7079 1.5157 
1.7358 1.6703 1.5242 1.2145 1.6118 11.8173 1.7285 1.2788 8.6590 1.2613 33.2113 1.6065 1.5931 17.8752 1.4647 1.2656 1.6181 1.1966 1.5527 
1.6270 1.2892 1.6877 1.2779 1.7282 12.1210 11.8830 1.6677 13.1608 1.2230 33.2508 1.2384 17.6939 17.6707 1.4311 1.3144 1.6464 1.6345 1.2146 
1.6047 1.4372 1.5368 1.7175 1.6425 1.4563 16.7397 6.5007 1.2708 33.4603 1.5564 1.2072 17.8005 1.4177 1.1934 1.4689 1.4496 1.4265 1.2256 
1.4389 1.4287 1.5230 1.2371 1.5814 11.7200 16.9843 1.6587 23.1068 28.5515 6.6819 1.1912 17.8612 9.6240 1.6064 1.2557 1.2689 1.2800 1.4412 
1.3008 1.6421 1.4660 1.4934 1.4365 1.1938 16.6406 1.6177 23.1485 1.7118 6.6901 1.6123 18.1318 1.6312 1.4292 1.2520 1.6389 1.2967 1.3880 
1.7133 1.3526 1.2206 1.5174 1.4439 4.7761 16.9129 1.3893 1.1916 28.5815 1.3703 1.7211 17.6081 1.2194 1.3962 1.4292 1.5272 1.2150 1.4401 
1.2857 1.3403 1.5409 1.4101 1.3998 1.3186 10.2423 22.0138 21.7722 39.3094 39.2335 1.2883 18.1277 1.5765 1.4656 1.6092 1.4525 1.4000 1.2792 
1.5264 1.2714 1.6841 1.2370 6.7443 6.5568 1.2520 1.3602 6.1820 1.6944 39.2020 1.2703 1.7290 18.1306 17.7425 1.5471 1.2174 1.4418 1.2582 
1.4278 1.5047 1.3628 1.4595 6.6305 1.2392 1.5579 1.5682 6.3048 1.2246 39.1385 1.3616 23.1005 22.8888 14.6035 1.4445 1.6434 1.6810 1.3870 
1.4627 1.4149 1.2866 1.4811 6.5840 1.2844 1.6902 6.1821 11.4267 1.2717 55.5362 55.5846 1.3999 1.2032 6.9624 1.4115 1.2906 1.3679 1.6495 
1.6885 1.6165 1.3810 6.9439 6.6474 1.4663 7.0096 6.6208 1.7281 60.5025 1.5548 23.8457 15.0651 1.2073 6.7124 6.7036 1.5401 1.2268 1.6768 
1.2137 1.2491 1.3918 1.2725 1.2725 6.6120 6.6571 1.5700 1.3314 60.4999 1.4533 1.5270 14.8702 6.5554 1.4311 1.2251 1.3790 1.4693 1.5799 
1.6725 1.7367 1.6229 1.5290 1.4892 1.2373 1.7338 1.2813 1.3729 9.7903 9.3500 9.3131 1.5201 1.4855 1.3645 1.5407 1.2967 1.2576 1.3303 
1.5448 1.4876 1.2969 1.3861 1.2194 1.3442 1.6024 1.2592 1.2767 1.2677 1.3916 1.5501 1.5947 1.3100 1.3575 1.5290 1.5635 1.2988 1.5837 
1.5504 1.4526 1.4836 1.4037 1.7020 1.6989 1.2171 1.6761 1.5768 1.6155 1.4814 1.6019 1.3821 1.2655 1.2268 1.6302 1.5073 1.3631 1.3349 
1.7073 1.3843 1.7106 1.7211 1.2366 1.4357 1.2438 1.3661 1.3299 1.7205 1.3835 1.5882 1.5955 1.3512 1.3986 1.4617 1.6833 1.6478 1.5245 
1.6581 1.2176 1.7394 1.6372 1.6926 1.5142 1.3075 1.2375 1.4754 73.1544 1.4311 1.2685 1.4755 1.3077 1.5433 1.7313 1.2675 1.5258 1.2692 
1.6443 1.3276 1.2985 1.5958 1.2112 1.6102 1.4378 5.9322 40.2981 73.1886 50.1245 12.2993 1.2947 1.5139 1.6005 1.6183 1.7341 1.2092 1.4318 
1.5548 1.3930 1.6840 1.4830 1.5713 1.6257 17.1538 31.8891 40.3181 1.4161 49.9386 19.9406 1.6095 1.3805 1.2387 1.4100 1.6779 1.4298 1.3759 
1.2214 1.5230 1.6629 1.2220 13.4306 17.1455 1.5318 1.5010 32.8202 1.7086 42.7138 1.5127 1.4453 1.5129 1.6589 1.5184 1.3238 1.4324 1.6744 
1.4286 1.3350 1.2793 8.6878 1.3339 9.4733 5.1039 1.5004 32.8368 1.5956 49.6169 1.7172 4.8959 1.4012 1.3525 1.4453 1.5788 1.2072 1.5114 
1.5709 1.2614 8.8396 9.0107 1.5421 1.6888 17.6347 17.6715 1.6772 36.7978 1.3131 32.7022 32.7782 1.6105 1.4980 1.7235 1.3515 1.6861 1.4357 
1.7109 1.7384 1.5566 8.8518 1.4012 14.1001 14.1119 1.5844 16.9330 30.0418 22.3192 1.3558 32.5400 4.8126 1.5566 1.5184 1.6705 1.7297 1.3574 
1.3238 1.6502 1.6989 8.9199 1.3495 1.6262 6.2268 1.4619 16.7564 1.2035 14.3247 1.3185 32.7916 1.5039 1.2290 1.4697 1.4482 1.2774 1.2423 
1.5853 1.6199 1.4874 9.0321 8.6250 8.5881 13.4991 1.6456 1.2842 29.8598 1.2578 1.6081 33.0287 9.3743 1.4750 1.3373 1.2728 1.2451 1.6572 
1.3602 1.5817 1.3715 1.3444 1.2315 1.2947 20.7544 13.7527 13.5412 29.6746 53.8334 32.9121 6.0154 1.5613 1.6498 1.3805 1.2438 1.4808 1.6701 
1.2174 1.2632 1.4676 1.2745 1.2258 16.1293 1.5286 1.6581 13.5862 1.7042 53.9261 1.6401 1.7173 1.2864 1.6840 1.2714 1.2315 1.6769 1.6111 
1.6767 1.3219 1.2338 1.5757 1.3317 16.2594 16.1927 1.2980 21.0965 1.2749 53.4169 1.4144 1.5254 1.6527 1.3915 1.3070 1.4138 1.3536 1.2171 
1.4347 1.5888 1.4083 1.5401 1.5437 1.6749 1.4217 16.0828 20.8916 1.1916 53.8956 13.6923 1.5645 1.1976 1.4913 1.6324 1.6266 1.6473 1.6278 
1.7376 1.5760 1.2110 1.4426 1.5983 1.2897 1.6926 1.5078 1.3918 72.8446 1.5870 1.6071 1.6505 1.2865 1.2770 1.6322 1.6980 1.3286 1.6988 
1.6576 1.5322 1.3118 1.4911 1.5146 1.5106 1.5663 1.3177 1.3938 72.9472 1.7077 1.6333 1.4860 1.2806 1.2950 1.7216 1.5922 1.3013 1.7063 
1.7409 1.3893 1.3143 1.7011 1.5400 1.5041 1.2912 1.3845 1.3895 6.1305 1.4115 1.1998 1.6312 1.2770 1.3196 1.5726 1.2028 1.5026 1.2509 
1.4360 1.6803 1.6453 1.2027 1.6882 1.4931 1.4358 1.1930 1.2383 1.4595 1.6033 1.7233 1.2202 1.4697 1.7042 1.2527 1.6924 1.3549 1.4876 
66
2
1 1 13 9 0 0 9
4 0 5 12 0 1 10
10
14 0 5 0 20 0 33 0 0 0
18 0 15 14 15 0 24 0 0 0
22 0 10 12 20 0 15 0 0 0
23 1 5 8 20 0 15 0 0 0
24 0 2 9 30 0 11 0 0 1
25 1 8 12 20 0 11 0 0 0
26 0 7 9 20 0 6 0 0 0
27 1 11 11 20 0 6 0 0 0
28 0 3 8 30 0 2 0 0 1
29 1 14 10 20 0 2 0 0 0
29 29
39 41 0 0 0 0
2
0 0 17 3
29 0 0 12
2
3 0 18 11 2
1 1 0 15 9
1.2554 1.4147 1.6094 1.4714 1.5428 1.2535 1.5147 1.3051 8.2602 1.3131 1.1866 1.4157 1.2033 1.5859 1.1754 1.5786 1.3420 1.6693 1.3910 
1.3253 1.4937 1.4376 1.4320 1.3082 1.4532 8.1096 8.3765 1.2297 8.3619 1.2703 1.4564 1.5343 1.6224 1.2781 1.1799 1.1806 1.6782 1.3148 
1.3597 1.2697 1.5055 1.5570 1.3609 8.0814 8.0071 1.4111 1.1979 58.4797 1.3644 1.6835 1.4047 1.5159 1.1697 1.3635 1.1984 1.2349 1.1815 
1.4702 1.3582 1.5479 1.6651 1.2320 1.2671 1.4957 8.2087 11.6707 52.0576 48.5254 17.4204 1.3435 1.3270 1.4342 1.5185 1.1654 1.4041 1.6699 
1.2434 1.6210 1.6462 1.3053 1.1740 1.3239 11.5263 18.3002 8.2575 1.2507 32.5744 17.1329 17.2827 1.3403 1.3781 1.4071 1.1717 1.6597 1.4732 
1.6867 1.6232 1.4815 1.1811 1.5664 11.4658 1.6796 1.2434 8.4022 1.2265 32.2180 1.5613 1.5483 17.3419 1.4238 1.2306 1.5726 1.1637 1.5091 
1.5812 1.2535 1.6401 1.2426 1.6794 11.7604 11.5295 1.6207 12.7690 1.1893 32.2563 1.2042 17.1661 17.1436 1.3912 1.2780 1.6000 1.5885 1.1812 
1.5596 1.3971 1.4937 1.6690 1.5962 1.4156 16.2405 6.3087 1.2357 32.4595 1.5127 1.1740 17.2695 1.3782 1.1606 1.4278 1.4091 1.3867 1.1918 
1.3987 1.3888 1.4803 1.2030 1.5370 11.3714 16.4778 1.6119 22.4166 27.6980 6.4844 1.1585 17.3284 9.3383 1.5612 1.2210 1.2338 1.2446 1.4010 
1.2648 1.5958 1.4250 1.4516 1.3964 1.1610 16.1444 1.5722 22.4570 1.6634 6.4924 1.5669 17.5908 1.5853 1.3893 1.2174 1.5927 1.2608 1.3494 
1.6649 1.3150 1.1870 1.4749 1.4036 4.6358 16.4085 1.3506 1.1589 27.7271 1.3322 1.6725 17.0829 1.1858 1.3573 1.3893 1.4844 1.1816 1.3999 
1.2501 1.3031 1.4977 1.3708 1.3608 1.2820 9.9380 21.3564 21.1220 38.1331 38.0595 1.2527 17.5869 1.5322 1.4246 1.5639 1.4119 1.3610 1.2438 
1.4836 1.2363 1.6366 1.2029 6.5450 6.3631 1.2174 1.3224 5.9995 1.6466 38.0289 1.2352 1.6801 17.5897 17.2132 1.5037 1.1839 1.4015 1.2235 
1.3880 1.4626 1.3249 1.4187 6.4346 1.2050 1.5142 1.5242 6.1187 1.1909 37.9673 1.3238 22.4105 22.2051 14.1684 1.4042 1.5971 1.6336 1.3484 
1.4218 1.3755 1.2510 1.4397 6.3895 1.2489 1.6425 5.9996 11.0869 1.2365 53.8731 53.9201 1.3609 1.1701 6.7565 1.3722 1.2549 1.3299 1.6030 
1.6408 1.5710 1.3426 6.7386 6.4510 1.4253 6.8023 6.4252 1.6793 58.6904 1.5112 23.1333 14.6161 1.1741 6.5140 6.5055 1.4969 1.1930 1.6295 
1.1803 1.2146 1.3530 1.2373 1.2373 6.4166 6.4604 1.5259 1.2945 58.6879 1.4127 1.4842 14.4271 6.3617 1.3912 1.1913 1.3406 1.4282 1.5355 
1.6253 1.6876 1.5772 1.4861 1.4475 1.2032 1.6848 1.2459 1.3347 9.4996 9.0725 9.0367 1.4775 1.4439 1.3266 1.4975 1.2608 1.2229 1.2934 
1.5015 1.4460 1.2610 1.3475 1.1858 1.3069 1.5573 1.2244 1.2414 1.2327 1.3529 1.5066 1.5499 1.2737 1.3198 1.4861 1.5196 1.2628 1.5392 
1.5069 1.4120 1.4421 1.3646 1.6539 1.6509 1.1836 1.6288 1.5325 1.5700 1.4400 1.5568 1.3436 1.2305 1.1930 1.5843 1.4651 1.3252 1.2979 
1.6591 1.3458 1.6623 1.6725 1.2025 1.3956 1.2095 1.3281 1.2930 1.6719 1.3450 1.5436 1.5506 1.3137 1.3596 1.4208 1.6358 1.6014 1.4818 
1.6114 1.1841 1.6902 1.5911 1.6448 1.4718 1.2713 1.2034 1.4341 70.9628 1.3912 1.2334 1.4342 1.2715 1.5000 1.6824 1.2325 1.4830 1.2341 
1.5980 1.2908 1.2625 1.5509 1.1779 1.5649 1.3977 5.7572 39.0922 70.9959 48.6238 11.9333 1.2589 1.4715 1.5555 1.5728 1.6851 1.1759 1.3918 
1.5112 1.3542 1.6365 1.4415 1.5272 1.5799 16.6422 30.9354 39.1116 1.3766 48.4434 19.3454 1.5642 1.3421 1.2045 1.3707 1.6306 1.3899 1.3376 
1.1878 1.4803 1.6160 1.1883 13.0307 16.6341 1.4888 1.4590 31.8386 1.6603 41.4354 1.4703 1.4049 1.4705 1.6121 1.4758 1.2871 1.3924 1.6272 
1.3887 1.2980 1.2439 8.4302 1.2969 9.1921 4.9538 1.4584 31.8547 1.5507 48.1314 1.6687 4.7520 1.3622 1.3149 1.4049 1.5344 1.1740 1.4691 
1.5268 1.2266 8.5774 8.7434 1.4988 1.6411 17.1087 17.1444 1.6299 35.6969 1.2767 31.7241 31.7979 1.5652 1.4561 1.6748 1.3140 1.6385 1.3956 
1.6626 1.6892 1.5129 8.5892 1.3622 13.6801 13.6915 1.5399 16.4280 29.1435 21.6526 1.3181 31.5668 4.6712 1.5129 1.4758 1.6234 1.6808 1.3197 
1.2871 1.6037 1.6509 8.6553 1.3120 1.5804 6.0430 1.4210 16.2567 1.1704 13.8980 1.2819 31.8109 1.4618 1.1951 1.4286 1.4078 1.2421 1.2080 
1.5407 1.5743 1.4458 8.7641 8.3693 8.3335 13.0971 1.5992 1.2487 28.9670 1.2231 1.5629 32.0408 9.0961 1.4338 1.3002 1.2376 1.2107 1.6105 
1.3224 1.5372 1.3334 1.3071 1.1976 1.2589 20.1348 13.3431 13.1380 28.7874 52.2214 31.9277 5.8379 1.5175 1.6033 1.3421 1.2095 1.4394 1.6230 
1.1839 1.2283 1.4266 1.2393 1.1920 15.6484 1.4857 1.6114 13.1816 1.6561 52.3113 1.5939 1.6688 1.2508 1.6365 1.2363 1.1976 1.6296 1.5658 
1.6294 1.2852 1.1998 1.5314 1.2947 15.7746 15.7099 1.2621 20.4666 1.2397 51.8174 1.3750 1.4826 1.6061 1.3528 1.2708 1.3744 1.3160 1.1836 
1.3947 1.5441 1.3691 1.4969 1.5004 1.6277 1.3820 15.6033 20.2679 1.1589 52.2817 13.2845 1.5206 1.1647 1.4496 1.5864 1.5808 1.6009 1.5820 
1.6885 1.5317 1.1777 1.4023 1.5534 1.2540 1.6448 1.4656 1.3530 70.6623 1.5424 1.5619 1.6040 1.2509 1.2417 1.5862 1.6501 1.2917 1.6508 
1.6109 1.4892 1.2754 1.4494 1.4722 1.4683 1.5223 1.2812 1.3550 70.7618 1.6595 1.5873 1.4444 1.2452 1.2592 1.6730 1.5474 1.2653 1.6581 
1.6917 1.3506 1.2779 1.6531 1.4968 1.4620 1.2555 1.3460 1.3508 5.9496 1.3722 1.1668 1.5853 1.2417 1.2830 1.5284 1.1697 1.4605 1.2164 
1.3959 1.6329 1.5989 1.1696 1.6406 1.4513 1.3957 1.1602 1.2042 1.4187 1.5582 1.6746 1.1866 1.4286 1.6561 1.2181 1.6446 1.3173 1.4460 
67
2
1 1 13 9 0 0 9
4 0 5 12 0 0 10
10
14 0 6 0 20 0 34 0 0 0
18 0 14 14 15 0 25 0 4 0
22 0 11 12 20 0 16 0 0 0
23 1 4 8 20 0 16 0 0 0
24 0 3 9 30 0 12 0 0 1
25 1 7 12 20 0 12 0 0 0
26 0 8 9 20 0 7 0 0 0
27 1 10 12 20 0 7 0 0 0
28 0 4 8 30 0 3 0 0 1
29 1 13 10 20 0 3 0 0 0
29 29
39 41 0 0 0 0
2
0 0 16 2
28 0 0 11
2
3 0 18 11 1
1 1 0 15 8
1.2207 1.3753 1.5641 1.4303 1.4995 1.2189 1.4723 1.2689 8.0154 1.2767 1.1540 1.3762 1.1702 1.5413 1.1431 1.5342 1.3047 1.6222 1.3523 
1.2885 1.4519 1.3975 1.3920 1.2720 1.4126 7.8693 8.1282 1.1958 8.1140 1.2352 1.4157 1.4913 1.5767 1.2428 1.1475 1.1482 1.6309 1.2784 
1.3219 1.2346 1.4633 1.5133 1.3231 7.8420 7.7699 1.3718 1.1650 56.7283 1.3265 1.6360 1.3656 1.4734 1.1376 1.3256 1.1654 1.2009 1.1491 
1.4291 1.3205 1.5045 1.6181 1.1980 1.2321 1.4538 7.9654 11.3236 50.4989 47.0726 16.9008 1.3062 1.2902 1.3942 1.4759 1.1334 1.3650 1.6228 
1.2091 1.5754 1.5998 1.2691 1.1418 1.2872 11.1835 17.7542 8.0128 1.2162 31.6002 16.6219 16.7672 1.3031 1.3398 1.3679 1.1395 1.6129 1.4320 
1.6391 1.5775 1.4401 1.1487 1.5224 11.1248 1.6322 1.2091 8.1531 1.1927 31.2545 1.5175 1.5049 16.8246 1.3841 1.1967 1.5284 1.1318 1.4668 
1.5368 1.2189 1.5939 1.2083 1.6320 11.4106 11.1866 1.5751 12.3889 1.1566 31.2916 1.1711 16.6541 16.6323 1.3525 1.2427 1.5550 1.5438 1.1488 
1.5158 1.3582 1.4519 1.6219 1.5513 1.3761 15.7563 6.1224 1.2016 31.4887 1.4703 1.1418 16.7544 1.3399 1.1288 1.3880 1.3698 1.3481 1.1590 
1.3597 1.3501 1.4389 1.1699 1.4939 11.0333 15.9865 1.5665 21.7471 26.8701 6.2929 1.1267 16.8115 9.0612 1.5174 1.1874 1.1998 1.2103 1.3620 
1.2299 1.5509 1.3853 1.4111 1.3575 1.1292 15.6631 1.5280 21.7863 1.6165 6.3006 1.5229 17.0661 1.5407 1.3506 1.1839 1.5479 1.2260 1.3119 
1.6180 1.2786 1.1544 1.4337 1.3645 4.4997 15.9192 1.3131 1.1271 26.8983 1.2952 1.6253 16.5734 1.1532 1.3196 1.3506 1.4429 1.1492 1.3609 
1.2156 1.2670 1.4558 1.3327 1.3230 1.2465 9.6429 20.7187 20.4913 36.9921 36.9207 1.2181 17.0623 1.4892 1.3849 1.5200 1.3725 1.3232 1.2095 
1.4421 1.2022 1.5905 1.1698 6.3517 6.1752 1.1839 1.2857 5.8225 1.6002 36.8910 1.2011 1.6327 17.0650 16.6998 1.4616 1.1514 1.3625 1.1898 
1.3494 1.4217 1.2882 1.3791 6.2446 1.1719 1.4718 1.4815 5.9381 1.1582 36.8313 1.2871 21.7412 21.5419 13.7463 1.3651 1.5522 1.5876 1.3109 
1.3821 1.3372 1.2165 1.3995 6.2008 1.2144 1.5962 5.8226 10.7573 1.2024 52.2599 52.3055 1.3231 1.1380 6.5568 1.3340 1.2203 1.2930 1.5579 
1.5946 1.5269 1.3053 6.5394 6.2605 1.3855 6.6012 6.2354 1.6319 56.9327 1.4689 22.4423 14.1806 1.1419 6.3216 6.3133 1.4550 1.1602 1.5836 
1.1479 1.1812 1.3154 1.2032 1.2032 6.2271 6.2696 1.4831 1.2587 56.9303 1.3733 1.4427 13.9973 6.1738 1.3525 1.1586 1.3034 1.3884 1.4924 
1.5795 1.6400 1.5329 1.4445 1.4071 1.1701 1.6373 1.2115 1.2977 9.2176 8.8033 8.7686 1.4362 1.4036 1.2898 1.4556 1.2260 1.1892 1.2576 
1.4595 1.4056 1.2262 1.3101 1.1532 1.2707 1.5136 1.1907 1.2072 1.1987 1.3153 1.4644 1.5064 1.2385 1.2832 1.4445 1.4770 1.2279 1.4960 
1.4647 1.3726 1.4018 1.3267 1.6073 1.6044 1.1511 1.5829 1.4895 1.5259 1.3998 1.5131 1.3063 1.1966 1.1602 1.5398 1.4241 1.2884 1.2620 
1.6123 1.3084 1.6154 1.6253 1.1694 1.3567 1.1762 1.2913 1.2572 1.6247 1.3077 1.5003 1.5071 1.2773 1.3218 1.3812 1.5897 1.5564 1.4403 
1.5661 1.1516 1.6425 1.5464 1.5985 1.4306 1.2362 1.1703 1.3941 68.8369 1.3525 1.1994 1.3942 1.2364 1.4580 1.6349 1.1985 1.4415 1.2001 
1.5531 1.2551 1.2276 1.5074 1.1456 1.5210 1.3588 5.5875 37.9224 68.8690 47.1681 11.5783 1.2241 1.4304 1.5118 1.5286 1.6375 1.1436 1.3530 
1.4689 1.3166 1.5904 1.4013 1.4844 1.5355 16.1459 30.0103 37.9413 1.3383 46.9931 18.7680 1.5203 1.3048 1.1714 1.3326 1.5847 1.3512 1.3005 
1.1552 1.4389 1.5705 1.1557 12.6428 16.1381 1.4471 1.4182 30.8864 1.6135 40.1953 1.4292 1.3658 1.4294 1.5667 1.4345 1.2515 1.3536 1.5814 
1.3500 1.2621 1.2096 8.1803 1.2610 8.9193 4.8082 1.4176 30.9021 1.5072 46.6905 1.6216 4.6124 1.3243 1.2785 1.3658 1.4914 1.1418 1.4280 
1.4840 1.1928 8.3231 8.4841 1.4568 1.5949 16.5984 16.6331 1.5840 34.6290 1.2414 30.7754 30.8470 1.5212 1.4154 1.6276 1.2776 1.5923 1.3567 
1.6157 1.6415 1.4705 8.3345 1.3243 13.2727 13.2838 1.4967 15.9382 28.2722 21.0060 1.2816 30.6228 4.5341 1.4705 1.4345 1.5777 1.6334 1.2831 
1.2515 1.5586 1.6044 8.3986 1.2756 1.5360 5.8647 1.3814 15.7720 1.1383 13.4841 1.2464 30.8596 1.4209 1.1622 1.3887 1.3686 1.2078 1.1748 
1.4975 1.5301 1.4054 8.5042 8.1212 8.0865 12.7072 1.5542 1.2142 28.1010 1.1894 1.5190 31.0826 8.8262 1.3938 1.2642 1.2035 1.1774 1.5652 
1.2857 1.4941 1.2964 1.2709 1.1647 1.2241 19.5338 12.9458 12.7469 27.9268 50.6578 30.9729 5.6658 1.4750 1.5582 1.3048 1.1762 1.3992 1.5773 
1.1514 1.1945 1.3868 1.2051 1.1592 15.1819 1.4441 1.5661 12.7892 1.6094 50.7450 1.5491 1.6217 1.2163 1.5904 1.2022 1.1647 1.5837 1.5218 
1.5835 1.2496 1.1668 1.4885 1.2589 15.3044 15.2416 1.2272 19.8556 1.2055 50.2659 1.3368 1.4411 1.5609 1.3152 1.2357 1.3362 1.2795 1.1511 
1.3559 1.5008 1.3310 1.4550 1.4584 1.5819 1.3435 15.1382 19.6629 1.1271 50.7162 12.8890 1.4780 1.1328 1.4091 1.5418 1.5364 1.5559 1.5375 
1.6408 1.4887 1.1454 1.3632 1.5098 1.2194 1.5985 1.4246 1.3154 68.5454 1.4991 1.5180 1.5589 1.2164 1.2074 1.5416 1.6036 1.2559 1.6043 
1.5656 1.4475 1.2401 1.4089 1.4310 1.4273 1.4796 1.2458 1.3174 68.6419 1.6127 1.5427 1.4041 1.2108 1.2244 1.6258 1.5040 1.2303 1.6114 
1.6439 1.3131 1.2426 1.6065 1.4549 1.4211 1.2208 1.3086 1.3133 5.7741 1.3340 1.1348 1.5407 1.2074 1.2475 1.4855 1.1376 1.4197 1.1829 
1.3570 1.5869 1.5539 1.1375 1.5944 1.4108 1.3568 1.1284 1.1711 1.3791 1.5145 1.6274 1.1540 1.3887 1.6094 1.1846 1.5983 1.2808 1.4056 
68
2
1 1 13 9 0 0 9
4 0 5 12 0 0 10
10
14 0 7 0 20 0 35 0 0 0
18 0 13 14 15 0 26 0 4 0
22 0 12 13 20 0 17 0 0 0
23 1 3 8 20 0 17 0 0 0
24 0 3 10 30 0 13 0 0 1
25 1 7 11 20 0 13 0 0 0
26 0 8 8 20 0 8 0 0 0
27 1 9 12 20 0 8 0 0 0
28 0 5 8 30 0 4 0 0 1
29 1 12 10 20 0 4 0 0 0
32 32
39 41 0 0 0 0
2
0 0 15 1
27 0 0 10
1
1 1 0 15 7
1.1871 1.3370 1.5202 1.3904 1.4575 1.1853 1.4311 1.2338 7.7779 1.2414 1.1224 1.3379 1.1381 1.4981 1.1118 1.4912 1.2686 1.5765 1.3147 
1.2528 1.4113 1.3586 1.3532 1.2368 1.3732 7.6362 7.8874 1.1629 7.8736 1.2011 1.3762 1.4496 1.5324 1.2085 1.1161 1.1168 1.5850 1.2430 
1.2852 1.2006 1.4224 1.4709 1.2864 7.6097 7.5398 1.3336 1.1331 55.0295 1.2897 1.5899 1.3276 1.4322 1.1065 1.2888 1.1334 1.1679 1.1176 
1.3892 1.2839 1.4624 1.5726 1.1651 1.1981 1.4132 7.7294 10.9869 48.9869 45.6634 16.3968 1.2700 1.2545 1.3554 1.4346 1.1024 1.3271 1.5771 
1.1758 1.5311 1.5548 1.2340 1.1105 1.2516 10.8510 17.2246 7.7754 1.1827 30.6552 16.1262 16.2672 1.2670 1.3026 1.3299 1.1083 1.5675 1.3920 
1.5929 1.5332 1.3999 1.1172 1.4797 10.7941 1.5862 1.1758 7.9115 1.1599 30.3199 1.4750 1.4628 16.3229 1.3456 1.1638 1.4855 1.1008 1.4258 
1.4937 1.1853 1.5491 1.1751 1.5860 11.0713 10.8540 1.5308 12.0202 1.1249 30.3559 1.1390 16.1575 16.1363 1.3149 1.2084 1.5114 1.5005 1.1173 
1.4733 1.3205 1.4113 1.5762 1.5078 1.3378 15.2866 5.9417 1.1686 30.5470 1.4292 1.1105 16.2548 1.3027 1.0979 1.3494 1.3317 1.3107 1.1272 
1.3219 1.3126 1.3987 1.1378 1.4521 10.7053 15.5099 1.5225 21.0977 26.0670 6.1071 1.0959 16.3102 8.7924 1.4749 1.1548 1.1668 1.1770 1.3241 
1.1960 1.5074 1.3467 1.3718 1.3198 1.0983 15.1962 1.4852 21.1357 1.5710 6.1146 1.4802 16.5571 1.4975 1.3131 1.1514 1.5045 1.1922 1.2755 
1.5725 1.2432 1.1228 1.3937 1.3266 4.3677 15.4446 1.2767 1.0963 26.0944 1.2593 1.5795 16.0792 1.1216 1.2830 1.3131 1.4026 1.1177 1.3231 
1.1821 1.2320 1.4151 1.2957 1.2863 1.2121 9.3566 20.1001 19.8796 35.8853 35.8161 1.1846 16.5534 1.4475 1.3464 1.4774 1.3343 1.2865 1.1762 
1.4018 1.1691 1.5458 1.1377 6.1641 5.9929 1.1514 1.2501 5.6508 1.5552 35.7873 1.1681 1.5867 16.5561 16.2018 1.4208 1.1199 1.3246 1.1571 
1.3119 1.3820 1.2526 1.3407 6.0603 1.1397 1.4306 1.4401 5.7630 1.1265 35.7294 1.2515 21.0920 20.8986 13.3369 1.3271 1.5086 1.5430 1.2746 
1.3436 1.3001 1.1830 1.3605 6.0178 1.1810 1.5513 5.6509 10.4376 1.1693 50.6951 50.7393 1.2864 1.1069 6.3631 1.2970 1.1867 1.2572 1.5142 
1.5498 1.4841 1.2691 6.3462 6.0757 1.3469 6.4062 6.0513 1.5859 55.2277 1.4278 21.7720 13.7582 1.1106 6.1350 6.1269 1.4144 1.1284 1.5391 
1.1165 1.1488 1.2789 1.1701 1.1701 6.0433 6.0845 1.4416 1.2239 55.2254 1.3351 1.4024 13.5804 5.9916 1.3149 1.1268 1.2673 1.3497 1.4506 
1.5351 1.5938 1.4899 1.4042 1.3679 1.1380 1.5912 1.1782 1.2618 8.9441 8.5422 8.5085 1.3961 1.3645 1.2541 1.4149 1.1922 1.1565 1.2229 
1.4187 1.3664 1.1924 1.2738 1.1216 1.2356 1.4712 1.1580 1.1740 1.1657 1.2788 1.4235 1.4642 1.2043 1.2477 1.4042 1.4357 1.1941 1.4541 
1.4238 1.3344 1.3627 1.2899 1.5621 1.5593 1.1196 1.5384 1.4478 1.4831 1.3608 1.4707 1.2701 1.1637 1.1284 1.4966 1.3844 1.2527 1.2271 
1.5669 1.2721 1.5699 1.5795 1.1373 1.3190 1.1439 1.2556 1.2225 1.5790 1.2715 1.4583 1.4649 1.2420 1.2851 1.3428 1.5450 1.5127 1.4001 
1.5221 1.1201 1.5962 1.5030 1.5535 1.3907 1.2021 1.1382 1.3553 66.7748 1.3149 1.1664 1.3554 1.2023 1.4173 1.5889 1.1655 1.4013 1.1671 
1.5095 1.2204 1.1938 1.4652 1.1142 1.4784 1.3210 5.4229 36.7877 66.8059 45.7561 11.2340 1.1904 1.3905 1.4694 1.4857 1.5914 1.1123 1.3154 
1.4278 1.2801 1.5457 1.3623 1.4429 1.4924 15.6645 29.1130 36.8061 1.3012 45.5863 18.2080 1.4777 1.2687 1.1393 1.2956 1.5402 1.3137 1.2645 
1.1235 1.3987 1.5264 1.1240 12.2665 15.6570 1.4067 1.3787 29.9628 1.5681 38.9924 1.3893 1.3278 1.3895 1.5227 1.3945 1.2170 1.3160 1.5370 
1.3125 1.2272 1.1763 7.9379 1.2262 8.6547 4.6670 1.3781 29.9780 1.4650 45.2928 1.5760 4.4770 1.2876 1.2431 1.3278 1.4497 1.1105 1.3882 
1.4425 1.1600 8.0764 8.2326 1.4161 1.5501 16.1034 16.1371 1.5395 33.5931 1.2072 29.8551 29.9246 1.4786 1.3759 1.5818 1.2423 1.5475 1.3190 
1.5702 1.5953 1.4294 8.0875 1.2876 12.8775 12.8883 1.4548 15.4631 27.4270 20.3788 1.2462 29.7071 4.4011 1.4294 1.3945 1.5334 1.5874 1.2476 
1.2170 1.5148 1.5593 8.1496 1.2403 1.4929 5.6918 1.3430 15.3018 1.1072 13.0826 1.2120 29.9368 1.3813 1.1303 1.3500 1.3305 1.1746 1.1426 
1.4556 1.4872 1.3662 8.2521 7.8806 7.8469 12.3290 1.5106 1.1808 27.2610 1.1567 1.4764 30.1531 8.5644 1.3550 1.2293 1.1704 1.1451 1.5212 
1.2501 1.4523 1.2605 1.2358 1.1328 1.1904 18.9508 12.5604 12.3675 27.0920 49.1411 30.0467 5.4988 1.4338 1.5145 1.2687 1.1439 1.3602 1.5330 
1.1199 1.1617 1.3482 1.1719 1.1274 14.7294 1.4038 1.5221 12.4085 1.5641 49.2257 1.5056 1.5760 1.1828 1.5457 1.1691 1.1328 1.5392 1.4791 
1.5390 1.2151 1.1348 1.4468 1.2241 14.8483 14.7874 1.1934 19.2629 1.1723 48.7609 1.2997 1.4009 1.5171 1.2787 1.2016 1.2991 1.2441 1.1196 
1.3182 1.4588 1.2941 1.4144 1.4176 1.5374 1.3062 14.6871 19.0760 1.0963 49.1977 12.5053 1.4367 1.1018 1.3698 1.4985 1.4933 1.5122 1.4944 
1.5946 1.4470 1.1140 1.3253 1.4675 1.1858 1.5535 1.3849 1.2789 66.4920 1.4571 1.4755 1.5151 1.1829 1.1742 1.4984 1.5585 1.2212 1.5592 
1.5216 1.4071 1.2059 1.3696 1.3911 1.3875 1.4382 1.2114 1.2809 66.5856 1.5673 1.4994 1.3650 1.1775 1.1907 1.5800 1.4619 1.1964 1.5661 
1.5976 1.2767 1.2083 1.5613 1.4143 1.3815 1.1872 1.2723 1.2769 5.6039 1.2970 1.1038 1.4975 1.1742 1.2131 1.4439 1.1065 1.3801 1.1504 
1.3193 1.5423 1.5103 1.1064 1.5496 1.3715 1.3191 1.0975 1.1390 1.3407 1.4721 1.5816 1.1224 1.3500 1.5641 1.1521 1.5534 1.2454 1.3664 
69
2
1 1 13 9 0 0 9
4 0 5 12 0 0 10
12
14 0 8 0 20 0 36 0 0 0
18 0 13 13 15 0 27 0 4 0
22 0 13 13 20 0 18 0 0 0
23 1 3 9 20 0 18 0 0 0
24 0 4 10 30 0 14 0 0 1
25 1 6 10 20 0 14 0 0 0
26 0 9 8 20 0 9 0 0 0
27 1 8 12 20 0 9 0 0 0
28 0 6 8 30 0 5 0 0 1
29 1 11 10 20 0 5 0 0 0
30 0 2 9 20 0 0 0 1 0
31 1 16 9 20 0 0 0 1 0
32 32
39 41 0 0 0 0
2
0 0 14 0
26 0 0 9
1
1 1 0 15 6
1.1545 1.2999 1.4776 1.3517 1.4168 1.1527 1.3912 1.1998 7.5476 1.2072 1.0917 1.3008 1.1070 1.4562 1.0814 1.4495 1.2335 1.5322 1.2783 
1.2182 1.3720 1.3208 1.3156 1.2027 1.3350 7.4101 7.6538 1.1310 7.6404 1.1681 1.3379 1.4091 1.4894 1.1752 1.0856 1.0863 1.5405 1.2087 
1.2496 1.1676 1.3827 1.4298 1.2508 7.3844 7.3166 1.2966 1.1021 53.3816 1.2540 1.5452 1.2908 1.3922 1.0763 1.2531 1.1024 1.1359 1.0871 
1.3505 1.2484 1.4215 1.5284 1.1331 1.1652 1.3738 7.5005 10.6603 47.5203 44.2965 15.9079 1.2349 1.2199 1.3177 1.3946 1.0723 1.2903 1.5328 
1.1435 1.4882 1.5112 1.2000 1.0802 1.2171 10.5285 16.7109 7.5451 1.1502 29.7385 15.6454 15.7822 1.2320 1.2665 1.2930 1.0781 1.5235 1.3532 
1.5481 1.4902 1.3609 1.0867 1.4383 10.4733 1.5416 1.1435 7.6772 1.1281 29.4133 1.4338 1.4219 15.8362 1.3082 1.1319 1.4439 1.0708 1.3860 
1.4519 1.1527 1.5056 1.1428 1.5414 10.7422 10.5314 1.4879 11.6626 1.0942 29.4482 1.1078 15.6758 15.6552 1.2785 1.1751 1.4691 1.4585 1.0868 
1.4321 1.2839 1.3720 1.5319 1.4656 1.3007 14.8310 5.7664 1.1365 29.6336 1.3893 1.0802 15.7702 1.2666 1.0680 1.3119 1.2947 1.2744 1.0964 
1.2852 1.2762 1.3597 1.1067 1.4115 10.3871 15.0476 1.4798 20.4678 25.2880 5.9269 1.0660 15.8239 8.5316 1.4337 1.1232 1.1348 1.1447 1.2874 
1.1631 1.4652 1.3093 1.3336 1.2832 1.0684 14.7433 1.4436 20.5046 1.5269 5.9342 1.4388 16.0634 1.4556 1.2767 1.1199 1.4624 1.1594 1.2402 
1.5283 1.2089 1.0921 1.3549 1.2898 4.2397 14.9843 1.2414 1.0664 25.3146 1.2245 1.5351 15.5998 1.0910 1.2475 1.2767 1.3635 1.0872 1.2864 
1.1496 1.1980 1.3756 1.2598 1.2507 1.1787 9.0789 19.5001 19.2862 34.8117 34.7446 1.1521 16.0598 1.4071 1.3090 1.4361 1.2973 1.2509 1.1439 
1.3627 1.1370 1.5024 1.1066 5.9822 5.8161 1.1199 1.2156 5.4843 1.5115 34.7167 1.1361 1.5421 16.0624 15.7187 1.3812 1.0893 1.2879 1.1254 
1.2755 1.3435 1.2180 1.3035 5.8815 1.1085 1.3907 1.3999 5.5931 1.0957 34.6605 1.2170 20.4622 20.2746 12.9398 1.2903 1.4663 1.4997 1.2394 
1.3063 1.2641 1.1505 1.3227 5.8403 1.1486 1.5078 5.4844 10.1275 1.1372 49.1772 49.2201 1.2508 1.0767 6.1752 1.2611 1.1541 1.2225 1.4718 
1.5063 1.4426 1.2340 6.1588 5.8964 1.3095 6.2170 5.8728 1.5413 53.5739 1.3880 21.1218 13.3485 1.0803 5.9540 5.9461 1.3750 1.0975 1.4959 
1.0860 1.1173 1.2435 1.1380 1.1380 5.8650 5.9050 1.4014 1.1902 53.5716 1.2980 1.3633 13.1760 5.8149 1.2785 1.0960 1.2323 1.3122 1.4101 
1.4920 1.5490 1.4482 1.3651 1.3299 1.1069 1.5465 1.1459 1.2269 8.6788 8.2889 8.2562 1.3572 1.3266 1.2195 1.3755 1.1594 1.1248 1.1892 
1.3791 1.3284 1.1596 1.2386 1.0910 1.2015 1.4301 1.1263 1.1418 1.1337 1.2434 1.3838 1.4233 1.1712 1.2133 1.3651 1.3956 1.1613 1.4135 
1.3841 1.2974 1.3248 1.2542 1.5182 1.5155 1.0890 1.4952 1.4074 1.4416 1.3230 1.4296 1.2350 1.1318 1.0975 1.4547 1.3459 1.2181 1.1933 
1.5229 1.2369 1.5258 1.5351 1.1062 1.2824 1.1126 1.2209 1.1888 1.5346 1.2364 1.4176 1.4240 1.2077 1.2495 1.3055 1.5017 1.4703 1.3611 
1.4794 1.0895 1.5513 1.4609 1.5099 1.3520 1.1690 1.1071 1.3176 64.7746 1.2785 1.1344 1.3177 1.1692 1.3778 1.5442 1.1335 1.3623 1.1351 
1.4672 1.1868 1.1610 1.4242 1.0838 1.4370 1.2844 5.2632 35.6871 64.8047 44.3864 10.9000 1.1577 1.3518 1.4283 1.4441 1.5467 1.0819 1.2789 
1.3880 1.2447 1.5023 1.3244 1.4026 1.4506 15.1976 28.2426 35.7049 1.2652 44.2217 17.6648 1.4364 1.2336 1.1081 1.2597 1.4970 1.2773 1.2296 
1.0928 1.3597 1.4836 1.0933 11.9015 15.1903 1.3675 1.3403 29.0669 1.5241 37.8256 1.3506 1.2910 1.3508 1.4800 1.3557 1.1835 1.2795 1.4939 
1.2761 1.1934 1.1440 7.7028 1.1924 8.3981 4.5300 1.3398 29.0817 1.4241 43.9370 1.5317 4.3457 1.2520 1.2088 1.2910 1.4092 1.0802 1.3496 
1.4022 1.1282 7.8371 7.9886 1.3766 1.5066 15.6233 15.6560 1.4963 32.5883 1.1740 28.9624 29.0299 1.4372 1.3376 1.5373 1.2080 1.5041 1.2824 
1.5261 1.5504 1.3895 7.8479 1.2520 12.4942 12.5047 1.4142 15.0022 26.6072 19.7704 1.2118 28.8189 4.2721 1.3895 1.3557 1.4904 1.5428 1.2132 
1.1835 1.4724 1.5155 7.9081 1.2061 1.4511 5.5240 1.3057 14.8457 1.0770 12.6931 1.1786 29.0417 1.3429 1.0994 1.3125 1.2936 1.1424 1.1113 
1.4149 1.4456 1.3282 8.0075 7.6472 7.6145 11.9621 1.4683 1.1484 26.4462 1.1250 1.4351 29.2515 8.3105 1.3174 1.1954 1.1383 1.1137 1.4786 
1.2156 1.4117 1.2257 1.2017 1.1018 1.1577 18.3853 12.1866 11.9995 26.2822 47.6699 29.1483 5.3368 1.3938 1.4721 1.2336 1.1126 1.3224 1.4900 
1.0893 1.1298 1.3108 1.1397 1.0966 14.2905 1.3647 1.4794 12.0392 1.5202 47.7519 1.4634 1.5317 1.1503 1.5023 1.1370 1.1018 1.4960 1.4377 
1.4958 1.1816 1.1038 1.4064 1.1904 14.4059 14.3468 1.1606 18.6880 1.1401 47.3011 1.2637 1.3619 1.4746 1.2433 1.1686 1.2631 1.2098 1.0890 
1.2817 1.4180 1.2583 1.3750 1.3781 1.4943 1.2700 14.2495 18.5067 1.0664 47.7248 12.1331 1.3966 1.0717 1.3317 1.4565 1.4515 1.4698 1.4526 
1.5498 1.4066 1.0836 1.2885 1.4265 1.1532 1.5099 1.3464 1.2435 64.5002 1.4164 1.4342 1.4726 1.1504 1.1420 1.4564 1.5147 1.1876 1.5154 
1.4790 1.3679 1.1727 1.3315 1.3524 1.3489 1.3981 1.1781 1.2455 64.5910 1.5233 1.4574 1.3271 1.1452 1.1580 1.5356 1.4210 1.1635 1.5221 
1.5527 1.2414 1.1751 1.5175 1.3749 1.3431 1.1546 1.2371 1.2416 5.4388 1.2611 1.0737 1.4556 1.1420 1.1797 1.4036 1.0763 1.3417 1.1189 
1.2827 1.4990 1.4680 1.0762 1.5061 1.3334 1.2825 1.0676 1.1078 1.3035 1.4309 1.5372 1.0917 1.3125 1.5202 1.1205 1.5098 1.2110 1.3284 
70
2
1 1 13 9 0 0 9
4 0 5 12 0 0 10
12
14 0 8 1 20 0 37 0 0 0
18 0 13 12 15 0 28 0 4 0
22 0 13 12 20 0 19 0 0 0
23 1 2 9 20 0 19 1 0 0
24 0 6 12 30 0 15 0 0 1
25 1 5 10 20 0 15 0 0 0
26 0 10 9 20 0 10 0 0 0
27 1 7 12 20 0 10 0 0 0
28 0 7 9 30 0 6 0 0 1
29 1 11 9 20 0 6 0 0 0
30 0 3 9 20 0 1 0 1 0
31 1 15 9 20 0 1 0 1 0
35 45
38 41 0 0 0 0
2
0 0 13 0
25 0 0 8
1
1 1 0 15 5
1.1229 1.2639 1.4363 1.3141 1.3773 1.1211 1.3525 1.1668 7.3242 1.1740 1.0619 1.2648 1.0768 1.4155 1.0520 1.4090 1.1995 1.4892 1.2430 
1.1847 1.3338 1.2842 1.2791 1.1696 1.2980 7.1908 7.4272 1.1001 7.4142 1.1361 1.3008 1.3698 1.4477 1.1429 1.0560 1.0567 1.4973 1.1754 
1.2151 1.1356 1.3442 1.3899 1.2163 7.1659 7.1001 1.2607 1.0720 51.7832 1.2194 1.5018 1.2551 1.3534 1.0470 1.2185 1.0723 1.1048 1.0575 
1.3130 1.2139 1.3819 1.4855 1.1021 1.1332 1.3356 7.2785 10.3435 46.0977 42.9706 15.4337 1.2009 1.1863 1.2812 1.3558 1.0431 1.2546 1.4898 
1.1122 1.4466 1.4689 1.1670 1.0508 1.1836 10.2156 16.2126 7.3217 1.1187 28.8493 15.1790 15.3117 1.1980 1.2315 1.2572 1.0488 1.4808 1.3156 
1.5047 1.4485 1.3231 1.0571 1.3982 10.1621 1.4984 1.1122 7.4499 1.0973 28.5339 1.3938 1.3822 15.3641 1.2720 1.1009 1.4036 1.0417 1.3474 
1.4113 1.1211 1.4634 1.1115 1.4982 10.4229 10.2185 1.4463 11.3157 1.0644 28.5678 1.0776 15.2085 15.1885 1.2431 1.1428 1.4280 1.4177 1.0572 
1.3921 1.2484 1.3338 1.4889 1.4246 1.2647 14.3891 5.5964 1.1054 28.7476 1.3506 1.0508 15.3001 1.2316 1.0390 1.2755 1.2589 1.2392 1.0665 
1.2496 1.2409 1.3219 1.0765 1.3722 10.0785 14.5992 1.4384 19.8568 24.5324 5.7521 1.0370 15.3522 8.2787 1.3937 1.0925 1.1038 1.1134 1.2518 
1.1312 1.4242 1.2730 1.2966 1.2477 1.0393 14.3040 1.4033 19.8925 1.4841 5.7592 1.3986 15.5845 1.4149 1.2414 1.0893 1.4215 1.1276 1.2060 
1.4855 1.1756 1.0623 1.3173 1.2541 4.1155 14.5378 1.2072 1.0374 24.5582 1.1908 1.4920 15.1348 1.0613 1.2131 1.2414 1.3256 1.0576 1.2508 
1.1181 1.1651 1.3373 1.2250 1.2162 1.1463 8.8095 18.9181 18.7106 33.7703 33.7053 1.1205 15.5810 1.3679 1.2727 1.3960 1.2614 1.2164 1.1126 
1.3248 1.1059 1.4603 1.0764 5.8057 5.6446 1.0893 1.1821 5.3228 1.4692 33.6782 1.1050 1.4988 15.5835 15.2501 1.3428 1.0596 1.2523 1.0946 
1.2402 1.3062 1.1845 1.2674 5.7081 1.0782 1.3520 1.3609 5.4283 1.0658 33.6237 1.1835 19.8513 19.6694 12.5546 1.2546 1.4253 1.4577 1.2052 
1.2701 1.2292 1.1190 1.2860 5.6681 1.1171 1.4656 5.3229 9.8267 1.1061 47.7049 47.7465 1.2163 1.0474 5.9929 1.2263 1.1225 1.1888 1.4306 
1.4641 1.4023 1.2000 5.9770 5.7225 1.2732 6.0335 5.6996 1.4981 51.9697 1.3494 20.4911 12.9510 1.0509 5.7784 5.7707 1.3368 1.0676 1.4540 
1.0564 1.0868 1.2092 1.1069 1.1069 5.6921 5.7309 1.3624 1.1575 51.9675 1.2621 1.3254 12.7837 5.6435 1.2431 1.0661 1.1983 1.2758 1.3708 
1.4502 1.5055 1.4078 1.3271 1.2930 1.0767 1.5031 1.1145 1.1931 8.4214 8.0432 8.0115 1.3195 1.2898 1.1859 1.3372 1.1276 1.0941 1.1565 
1.3407 1.2915 1.1278 1.2044 1.0613 1.1685 1.3902 1.0955 1.1105 1.1027 1.2091 1.3453 1.3836 1.1391 1.1799 1.3271 1.3567 1.1295 1.3741 
1.3456 1.2615 1.2881 1.2196 1.4757 1.4730 1.0593 1.4533 1.3682 1.4014 1.2863 1.3897 1.2010 1.1008 1.0676 1.4141 1.3085 1.1846 1.1605 
1.4802 1.2028 1.4830 1.4920 1.0760 1.2469 1.0822 1.1873 1.1561 1.4916 1.2023 1.3781 1.3843 1.1745 1.2150 1.2693 1.4596 1.4292 1.3233 
1.4380 1.0598 1.5078 1.4201 1.4676 1.3144 1.1369 1.0769 1.2811 72.8344 1.2431 1.1034 1.2812 1.1371 1.3395 1.5009 1.1025 1.3244 1.1040 
1.4262 1.1542 1.1292 1.3845 1.0543 1.3969 1.2489 5.1083 44.6195 72.8636 43.0578 10.5760 1.1260 1.3142 1.3885 1.4038 1.5033 1.0524 1.2435 
1.3494 1.2104 1.4602 1.2877 1.3635 1.4101 14.7447 27.3983 44.6368 1.2302 42.8980 17.1379 1.3963 1.1996 1.0779 1.2249 1.4551 1.2420 1.1957 
1.0630 1.3219 1.4421 1.0635 11.5475 14.7376 1.3295 1.3031 38.1979 1.4814 36.6938 1.3131 1.2553 1.3133 1.4386 1.3180 1.1510 1.2441 1.4521 
1.2408 1.1606 1.1127 7.4747 1.1596 8.1492 4.3971 1.3026 38.2122 1.3844 52.6219 1.4887 4.2183 1.2174 1.1755 1.2553 1.3699 1.0508 1.3121 
1.3631 1.0974 7.6050 7.7519 1.3383 1.4644 15.1576 15.1893 1.4544 41.6137 1.1418 38.0965 38.1620 1.3971 1.3005 1.4942 1.1748 1.4620 1.2469 
1.4833 1.5069 1.3508 7.6155 1.2174 12.1224 12.1326 1.3748 14.5551 25.8120 19.1803 1.1784 37.9573 4.1469 1.3508 1.3180 1.4487 1.4995 1.1798 
1.1510 1.4312 1.4730 7.6739 1.1729 1.4106 5.3613 1.2695 14.4033 1.0477 12.3153 1.1462 38.1734 1.3056 1.0694 1.2761 1.2578 1.1111 1.0810 
1.3755 1.4052 1.2914 7.7703 7.4208 7.3891 11.6062 1.4273 1.1169 25.6558 1.0943 1.3950 38.3770 8.0642 1.2809 1.1625 1.1072 1.0833 1.4372 
1.1821 1.3723 1.1919 1.1686 1.0717 1.1260 17.8367 11.8240 11.6425 25.4967 56.2428 38.2769 5.1797 1.3550 1.4309 1.1996 1.0822 1.2857 1.4483 
1.0596 1.0989 1.2745 1.1085 1.0667 13.8648 1.3268 1.4380 11.6810 1.4776 56.3223 1.4225 1.4887 1.1188 1.4602 1.1059 1.0717 1.4541 1.3976 
1.4539 1.1492 1.0737 1.3672 1.1577 13.9767 13.9194 1.1288 18.1304 1.1089 55.8851 1.2288 1.3240 1.4334 1.2090 1.1365 1.2282 1.1765 1.0593 
1.2462 1.3785 1.2236 1.3368 1.3398 1.4525 1.2349 13.8250 17.9545 1.0374 56.2961 11.7721 1.3577 1.0425 1.2947 1.4158 1.4110 1.4287 1.4120 
1.5063 1.3674 1.0541 1.2528 1.3867 1.1216 1.4676 1.3090 1.2092 72.5682 1.3769 1.3942 1.4314 1.1189 1.1107 1.4157 1.4723 1.1550 1.4729 
1.4376 1.3299 1.1405 1.2946 1.3148 1.3114 1.3592 1.1458 1.2111 72.6563 1.4806 1.4167 1.2903 1.1138 1.1263 1.4925 1.3814 1.1316 1.4794 
1.5091 1.2072 1.1428 1.4750 1.3367 1.3058 1.1230 1.2030 1.2074 5.2786 1.2263 1.0445 1.4149 1.1107 1.1473 1.3645 1.0470 1.3044 1.0883 
1.2472 1.4570 1.4270 1.0469 1.4639 1.2964 1.2470 1.0386 1.0776 1.2674 1.3910 1.4941 1.0619 1.2761 1.4776 1.0899 1.4675 1.1777 1.2915 
71
2
1 1 13 9 0 0 9
4 0 5 12 0 0 10
11
14 0 7 2 20 0 38 0 0 0
18 0 14 11 15 0 29 0 4 0
22 0 14 11 20 0 20 0 0 0
24 0 7 12 30 0 16 0 0 1
25 1 4 10 20 0 16 0 0 0
26 0 11 9 20 0 11 0 0 0
27 1 7 11 20 0 11 0 0 0
28 0 8 9 30 0 7 0 0 1
29 1 10 9 20 0 7 0 0 0
30 0 3 10 20 0 2 0 1 0
31 1 14 10 20 0 2 0 1 0
35 45
38 41 0 0 0 0
2
0 0 12 0
24 0 0 7
1
1 1 0 15 4
1.0922 1.2290 1.3962 1.2777 1.3390 1.0905 1.3149 1.1348 7.1075 1.1418 1.0330 1.2299 1.0475 1.3760 1.0234 1.3697 1.1665 1.4475 1.2087 
1.1522 1.2968 1.2487 1.2437 1.1375 1.2621 6.9781 7.2074 1.0701 7.1948 1.1050 1.2648 1.3317 1.4073 1.1116 1.0273 1.0280 1.4554 1.1431 
1.1816 1.1045 1.3069 1.3512 1.1828 6.9539 6.8901 1.2259 1.0428 50.2327 1.1858 1.4597 1.2204 1.3158 1.0186 1.1849 1.0431 1.0747 1.0288 
1.2766 1.1805 1.3434 1.4439 1.0720 1.1022 1.2985 7.0631 10.0362 44.7178 41.6845 14.9737 1.1679 1.1537 1.2458 1.3181 1.0148 1.2200 1.4481 
1.0818 1.4062 1.4278 1.1350 1.0223 1.1511 9.9121 15.7292 7.1050 1.0881 27.9868 14.7266 14.8553 1.1651 1.1976 1.2225 1.0203 1.4394 1.2791 
1.4626 1.4080 1.2864 1.0284 1.3593 9.8602 1.4564 1.0818 7.2294 1.0674 27.6809 1.3550 1.3437 14.9062 1.2368 1.0709 1.3645 1.0134 1.3100 
1.3720 1.0905 1.4225 1.0812 1.4563 10.1132 9.9149 1.4059 10.9792 1.0355 27.7138 1.0483 14.7552 14.7358 1.2088 1.1115 1.3882 1.3782 1.0285 
1.3533 1.2139 1.2968 1.4472 1.3849 1.2298 13.9604 5.4315 1.0752 27.8882 1.3131 1.0223 14.8441 1.1977 1.0108 1.2402 1.2241 1.2050 1.0375 
1.2151 1.2067 1.2852 1.0472 1.3340 9.7791 14.1642 1.3982 19.2641 23.7994 5.5825 1.0089 14.8946 8.0333 1.3549 1.0627 1.0737 1.0830 1.2172 
1.1003 1.3845 1.2378 1.2607 1.2133 1.0111 13.8779 1.3642 19.2987 1.4426 5.5894 1.3596 15.1200 1.3755 1.2072 1.0596 1.3819 1.0968 1.1728 
1.4439 1.1433 1.0334 1.2808 1.2195 3.9950 14.1047 1.1740 1.0093 23.8245 1.1581 1.4502 14.6838 1.0325 1.1797 1.2072 1.2888 1.0289 1.2163 
1.0876 1.1331 1.3002 1.1913 1.1827 1.1149 8.5482 18.3536 18.1523 32.7602 32.6971 1.0899 15.1166 1.3299 1.2375 1.3571 1.2266 1.1829 1.0822 
1.2881 1.0757 1.4195 1.0471 5.6345 5.4783 1.0596 1.1496 5.1661 1.4281 32.6709 1.0749 1.4568 15.1190 14.7956 1.3055 1.0308 1.2177 1.0648 
1.2060 1.2700 1.1520 1.2324 5.5399 1.0489 1.3144 1.3231 5.2685 1.0368 32.6180 1.1510 19.2588 19.0823 12.1810 1.2200 1.3855 1.4170 1.1720 
1.2350 1.1953 1.0884 1.2504 5.5011 1.0866 1.4246 5.1662 9.5349 1.0759 46.2768 46.3171 1.1828 1.0190 5.8161 1.1925 1.0918 1.1561 1.3907 
1.4232 1.3632 1.1670 5.8007 5.5538 1.2380 5.8555 5.5316 1.4562 50.4136 1.3119 19.8794 12.5655 1.0224 5.6080 5.6006 1.2997 1.0386 1.4134 
1.0277 1.0572 1.1759 1.0767 1.0767 5.5243 5.5620 1.3245 1.1258 50.4115 1.2272 1.2886 12.4032 5.4772 1.2088 1.0371 1.1654 1.2405 1.3327 
1.4097 1.4633 1.3686 1.2903 1.2572 1.0474 1.4610 1.0841 1.1603 8.1718 7.8049 7.7742 1.2829 1.2541 1.1533 1.3001 1.0968 1.0643 1.1248 
1.3035 1.2558 1.0970 1.1713 1.0325 1.1364 1.3515 1.0656 1.0802 1.0726 1.1758 1.3079 1.3451 1.1079 1.1475 1.2903 1.3190 1.0986 1.3359 
1.3082 1.2267 1.2525 1.1860 1.4344 1.4318 1.0305 1.4127 1.3302 1.3624 1.2507 1.3510 1.1680 1.0708 1.0386 1.3747 1.2722 1.1521 1.1287 
1.4388 1.1697 1.4415 1.4502 1.0467 1.2125 1.0527 1.1547 1.1244 1.4499 1.1692 1.3398 1.3458 1.1423 1.1816 1.2342 1.4188 1.3893 1.2866 
1.3979 1.0310 1.4656 1.3805 1.4266 1.2780 1.1058 1.0476 1.2457 70.6524 1.2088 1.0733 1.2458 1.1060 1.3023 1.4589 1.0724 1.2877 1.0739 
1.3864 1.1226 1.0983 1.3460 1.0257 1.3580 1.2144 4.9581 43.2839 70.6807 41.7691 10.2617 1.0952 1.2778 1.3498 1.3647 1.4612 1.0238 1.2092 
1.3119 1.1771 1.4194 1.2521 1.3256 1.3708 14.3054 26.5794 43.3007 1.1963 41.6141 16.6268 1.3574 1.1666 1.0486 1.1912 1.4144 1.2077 1.1628 
1.0341 1.2852 1.4018 1.0346 11.2041 14.2985 1.2926 1.2670 37.0550 1.4400 35.5960 1.2767 1.2206 1.2769 1.3984 1.2815 1.1195 1.2098 1.4115 
1.2066 1.1288 1.0823 7.2535 1.1278 7.9077 4.2682 1.2665 37.0688 1.3459 51.0462 1.4470 4.0948 1.1839 1.1432 1.2206 1.3318 1.0223 1.2757 
1.3252 1.0675 7.3799 7.5223 1.3012 1.4235 14.7059 14.7366 1.4138 40.3683 1.1105 36.9566 37.0201 1.3582 1.2645 1.4524 1.1426 1.4211 1.2125 
1.4418 1.4647 1.3133 7.3900 1.1839 11.7617 11.7716 1.3366 14.1214 25.0406 18.6079 1.1460 36.8216 4.0255 1.3133 1.2815 1.4082 1.4575 1.1474 
1.1195 1.3913 1.4318 7.4467 1.1407 1.3713 5.2035 1.2344 13.9742 1.0193 11.9488 1.1148 37.0312 1.2694 1.0403 1.2408 1.2231 1.0808 1.0516 
1.3372 1.3660 1.2557 7.5402 7.2012 7.1704 11.2610 1.3875 1.0864 24.8891 1.0645 1.3562 37.2287 7.8253 1.2455 1.1306 1.0770 1.0538 1.3971 
1.1496 1.3341 1.1591 1.1365 1.0425 1.0952 17.3046 11.4723 11.2962 24.7348 54.5585 37.1316 5.0273 1.3174 1.3910 1.1666 1.0527 1.2501 1.4079 
1.0308 1.0689 1.2393 1.0782 1.0377 13.4519 1.2900 1.3979 11.3336 1.4363 54.6356 1.3828 1.4470 1.0882 1.4194 1.0757 1.0425 1.4135 1.3587 
1.4133 1.1177 1.0445 1.3292 1.1260 13.5604 13.5048 1.0979 17.5895 1.0786 54.2115 1.1949 1.2873 1.3934 1.1757 1.1054 1.1944 1.1442 1.0305 
1.2118 1.3401 1.1899 1.2997 1.3026 1.4119 1.2009 13.4133 17.4189 1.0093 54.6102 11.4219 1.3200 1.0142 1.2589 1.3763 1.3717 1.3888 1.3726 
1.4641 1.3294 1.0255 1.2182 1.3481 1.0910 1.4266 1.2727 1.1759 70.3942 1.3386 1.3554 1.3915 1.0883 1.0804 1.3762 1.4311 1.1234 1.4317 
1.3975 1.2930 1.1093 1.2588 1.2784 1.2751 1.3214 1.1144 1.1778 70.4796 1.4392 1.3772 1.2546 1.0834 1.0955 1.4507 1.3430 1.1007 1.4380 
1.4668 1.1740 1.1115 1.4338 1.2996 1.2696 1.0923 1.1699 1.1742 5.1232 1.1925 1.0162 1.3755 1.0804 1.1159 1.3266 1.0186 1.2683 1.0587 
1.2128 1.4163 1.3872 1.0185 1.4230 1.2605 1.2126 1.0104 1.0483 1.2324 1.3523 1.4523 1.0330 1.2408 1.4363 1.0602 1.4265 1.1454 1.2558 
72
2
1 1 13 9 0 0 9
4 0 5 12 0 0 10
11
14 0 8 3 20 0 39 0 0 0
18 0 14 10 15 0 30 0 0 0
22 0 14 10 20 0 21 0 0 0
24 0 7 11 30 0 17 0 0 1
25 1 3 10 20 0 17 0 0 0
26 0 11 10 20 0 12 0 0 0
27 1 6 10 20 0 12 0 0 0
28 0 8 8 30 0 8 0 0 1
29 1 9 8 20 0 8 0 0 0
30 0 4 10 20 0 3 0 1 0
31 1 13 10 20 0 3 0 1 0
38 48
38 41 0 0 0 0
2
0 0 11 0
23 0 0 6
1
1 1 0 15 3
1.0624 1.1951 1.3573 1.2424 1.3018 1.0608 1.2785 1.1038 6.8973 1.1105 1.0050 1.1960 1.0191 1.3377 0.9957 1.3316 1.1345 1.4071 1.1754 
1.1206 1.2609 1.2142 1.2094 1.1064 1.2272 6.7718 6.9942 1.0410 6.9820 1.0749 1.2299 1.2947 1.3681 1.0813 0.9995 1.0002 1.4147 1.1118 
1.1492 1.0744 1.2707 1.3137 1.1503 6.7483 6.6864 1.1921 1.0145 48.7287 1.1532 1.4189 1.1868 1.2793 0.9910 1.1524 1.0148 1.0455 1.0009 
1.2413 1.1481 1.3061 1.4036 1.0428 1.0721 1.2625 6.8542 9.7381 43.3793 40.4370 14.5275 1.1359 1.1221 1.2114 1.2816 0.9874 1.1864 1.4077 
1.0523 1.3670 1.3880 1.1040 0.9946 1.1196 9.6177 15.2603 6.8949 1.0585 27.1502 14.2878 14.4126 1.1331 1.1647 1.1888 0.9927 1.3992 1.2437 
1.4217 1.3688 1.2508 1.0005 1.3215 9.5674 1.4157 1.0523 7.0155 1.0384 26.8535 1.3174 1.3064 14.4620 1.2027 1.0418 1.3266 0.9860 1.2737 
1.3338 1.0608 1.3828 1.0518 1.4156 9.8128 9.6205 1.3667 10.6528 1.0074 26.8854 1.0199 14.3155 14.2967 1.1755 1.0812 1.3496 1.3399 1.0006 
1.3157 1.1805 1.2609 1.4068 1.3464 1.1959 13.5446 5.2716 1.0459 27.0546 1.2767 0.9946 14.4018 1.1648 0.9835 1.2060 1.1904 1.1719 1.0094 
1.1816 1.1735 1.2496 1.0188 1.2970 9.4887 13.7423 1.3593 18.6892 23.0884 5.4180 0.9816 14.4508 7.7953 1.3173 1.0338 1.0445 1.0535 1.1837 
1.0703 1.3460 1.2037 1.2259 1.1799 0.9838 13.4646 1.3263 18.7227 1.4023 5.4247 1.3218 14.6694 1.3372 1.1740 1.0308 1.3434 1.0669 1.1406 
1.4036 1.1120 1.0054 1.2454 1.1859 3.8782 13.6846 1.1418 0.9820 23.1128 1.1264 1.4097 14.2463 1.0045 1.1473 1.1740 1.2531 1.0010 1.1828 
1.0580 1.1021 1.2642 1.1586 1.1502 1.0845 8.2948 17.8060 17.6107 31.7804 31.7192 1.0602 14.6661 1.2930 1.2034 1.3194 1.1928 1.1504 1.0527 
1.2525 1.0464 1.3799 1.0187 5.4685 5.3170 1.0308 1.1181 5.0141 1.3883 31.6938 1.0457 1.4161 14.6684 14.3547 1.2693 1.0029 1.1842 1.0359 
1.1728 1.2349 1.1204 1.1984 5.3767 1.0204 1.2780 1.2864 5.1134 1.0087 31.6425 1.1195 18.6840 18.5128 11.8186 1.1864 1.3469 1.3775 1.1398 
1.2010 1.1624 1.0587 1.2159 5.3391 1.0570 1.3849 5.0142 9.2519 1.0466 44.8915 44.9306 1.1503 0.9914 5.6446 1.1597 1.0620 1.1244 1.3520 
1.3835 1.3253 1.1350 5.6297 5.3902 1.2039 5.6828 5.3687 1.4155 48.9042 1.2755 19.2860 12.1915 0.9947 5.4428 5.4356 1.2637 1.0104 1.3740 
0.9999 1.0285 1.1436 1.0474 1.0474 5.3616 5.3981 1.2878 1.0950 48.9022 1.1934 1.2529 12.0341 5.3159 1.1755 1.0090 1.1334 1.2063 1.2957 
1.3704 1.4224 1.3305 1.2546 1.2225 1.0190 1.4202 1.0546 1.1285 7.9296 7.5738 7.5440 1.2474 1.2195 1.1217 1.2641 1.0669 1.0354 1.0941 
1.2674 1.2211 1.0671 1.1392 1.0045 1.1053 1.3140 1.0366 1.0508 1.0434 1.1435 1.2717 1.3077 1.0777 1.1161 1.2546 1.2824 1.0686 1.2988 
1.2720 1.1929 1.2179 1.1534 1.3944 1.3918 1.0026 1.3733 1.2933 1.3245 1.2162 1.3135 1.1360 1.0417 1.0104 1.3365 1.2370 1.1205 1.0978 
1.3986 1.1376 1.4013 1.4097 1.0183 1.1791 1.0241 1.1231 1.0937 1.4094 1.1371 1.3026 1.3084 1.1110 1.1492 1.2002 1.3792 1.3506 1.2510 
1.3590 1.0031 1.4246 1.3421 1.3868 1.2427 1.0756 1.0192 1.2113 68.5358 1.1755 1.0441 1.2114 1.0758 1.2662 1.4181 1.0432 1.2521 1.0447 
1.3478 1.0919 1.0684 1.3086 0.9979 1.3203 1.1810 4.8124 41.9884 68.5633 40.5190 9.9568 1.0653 1.2425 1.3123 1.3268 1.4204 0.9961 1.1759 
1.2755 1.1448 1.3798 1.2175 1.2888 1.3327 13.8792 25.7850 42.0047 1.1634 40.3687 16.1310 1.3197 1.1346 1.0201 1.1585 1.3750 1.1745 1.1309 
1.0061 1.2496 1.3627 1.0066 10.8710 13.8725 1.2568 1.2320 35.9464 1.3998 34.5311 1.2414 1.1870 1.2416 1.3594 1.2461 1.0889 1.1765 1.3722 
1.1734 1.0979 1.0528 7.0389 1.0970 7.6735 4.1432 1.2315 35.9597 1.3085 49.5178 1.4066 3.9750 1.1514 1.1119 1.1870 1.2948 0.9946 1.2404 
1.2884 1.0385 7.1615 7.2996 1.2652 1.3838 14.2677 14.2975 1.3744 39.1603 1.0802 35.8509 35.9125 1.3205 1.2296 1.4118 1.1113 1.3815 1.1791 
1.4015 1.4238 1.2769 7.1713 1.1514 11.4118 11.4215 1.2995 13.7008 24.2924 18.0527 1.1146 35.7200 3.9077 1.2769 1.2461 1.3690 1.4168 1.1160 
1.0889 1.3526 1.3918 7.2263 1.1095 1.3332 5.0504 1.2004 13.5580 0.9917 11.5933 1.0844 35.9233 1.2343 1.0121 1.2066 1.1894 1.0514 1.0231 
1.3001 1.3280 1.2210 7.3170 6.9882 6.9583 10.9262 1.3489 1.0568 24.1454 1.0356 1.3185 36.1148 7.5935 1.2111 1.0997 1.0477 1.0252 1.3582 
1.1181 1.2971 1.1273 1.1054 1.0142 1.0653 16.7885 11.1311 10.9603 23.9958 52.9247 36.0207 4.8795 1.2809 1.3523 1.1346 1.0241 1.2156 1.3687 
1.0029 1.0398 1.2051 1.0489 1.0096 13.0513 1.2543 1.3590 10.9966 1.3962 52.9995 1.3443 1.4066 1.0586 1.3798 1.0464 1.0142 1.3741 1.3209 
1.3739 1.0872 1.0162 1.2923 1.0952 13.1566 13.1027 1.0680 17.0648 1.0492 52.5882 1.1621 1.2517 1.3546 1.1434 1.0752 1.1616 1.1129 1.0026 
1.1784 1.3029 1.1572 1.2637 1.2665 1.3725 1.1679 13.0139 16.8993 0.9820 52.9749 11.0822 1.2834 0.9868 1.2241 1.3380 1.3335 1.3501 1.3344 
1.4232 1.2925 0.9977 1.1847 1.3107 1.0613 1.3868 1.2375 1.1436 68.2854 1.3014 1.3177 1.3528 1.0587 1.0510 1.3379 1.3912 1.0927 1.3917 
1.3586 1.2572 1.0790 1.2240 1.2430 1.2398 1.2848 1.0840 1.1455 68.3682 1.3990 1.3389 1.2200 1.0539 1.0656 1.4102 1.3057 1.0707 1.3979 
1.4258 1.1418 1.0812 1.3938 1.2636 1.2345 1.0625 1.1378 1.1420 4.9725 1.1597 0.9887 1.3372 1.0510 1.0854 1.2898 0.9910 1.2333 1.0299 
1.1794 1.3768 1.3486 0.9909 1.3833 1.2257 1.1792 0.9831 1.0199 1.1984 1.3147 1.4117 1.0050 1.2066 1.3962 1.0314 1.3867 1.1140 1.2211 
73
2
1 1 13 9 0 0 9
4 0 5 12 0 0 10
13
14 0 9 3 20 0 40 0 0 0
18 0 15 9 15 0 31 0 0 0
22 0 15 9 20 0 22 0 0 0
24 0 6 12 30 0 18 0 0 1
25 1 3 9 20 0 18 0 0 0
26 0 12 10 20 0 13 0 0 0
27 1 7 9 20 0 13 0 0 0
28 0 9 8 30 0 9 0 0 1
29 1 8 8 20 0 9 0 0 0
30 0 5 10 20 0 4 0 1 0
31 1 12 10 20 0 4 0 1 0
32 0 2 9 20 0 0 0 0 0
33 1 16 9 30 0 0 0 0 1
38 48
38 41 0 0 0 0
2
0 0 10 0
22 0 0 5
1
1 1 0 15 2
1.0335 1.1622 1.3196 1.2081 1.2657 1.0320 1.2431 1.0737 6.6934 1.0802 0.9779 1.1631 0.9915 1.3006 0.9688 1.2947 1.1035 1.3679 1.1431 
1.0900 1.2261 1.1808 1.1761 1.0762 1.1934 6.5716 6.7874 1.0128 6.7755 1.0457 1.1960 1.2589 1.3301 1.0519 0.9725 0.9732 1.3753 1.0814 
1.1177 1.0452 1.2356 1.2773 1.1188 6.5489 6.4888 1.1593 0.9871 47.2698 1.1216 1.3793 1.1542 1.2439 0.9643 1.1208 0.9874 1.0171 0.9739 
1.2071 1.1167 1.2699 1.3645 1.0145 1.0429 1.2276 6.6516 9.4490 42.0809 39.2269 14.0947 1.1048 1.0914 1.1781 1.2462 0.9608 1.1538 1.3685 
1.0237 1.3290 1.3494 1.0739 0.9678 1.0890 9.3322 14.8055 6.6911 1.0297 26.3387 13.8622 13.9832 1.1021 1.1328 1.1561 0.9659 1.3602 1.2094 
1.3820 1.3307 1.2163 0.9735 1.2849 9.2834 1.3762 1.0237 6.8080 1.0102 26.0509 1.2809 1.2702 14.0311 1.1696 1.0135 1.2898 0.9594 1.2385 
1.2968 1.0320 1.3443 1.0232 1.3761 9.5214 9.3349 1.3287 10.3362 0.9802 26.0818 0.9923 13.8890 13.8708 1.1432 1.0518 1.3121 1.3027 0.9736 
1.2792 1.1481 1.2261 1.3676 1.3090 1.1630 13.1413 5.1165 1.0175 26.2460 1.2414 0.9678 13.9727 1.1329 0.9570 1.1728 1.1577 1.1397 0.9821 
1.1492 1.1413 1.2151 0.9912 1.2611 9.2070 13.3330 1.3215 18.1315 22.3987 5.2585 0.9552 14.0203 7.5644 1.2808 1.0058 1.0162 1.0249 1.1512 
1.0412 1.3086 1.1706 1.1921 1.1475 0.9573 13.0637 1.2895 18.1640 1.3632 5.2650 1.2851 14.2323 1.3001 1.1418 1.0029 1.3061 1.0379 1.1094 
1.3645 1.0816 0.9782 1.2110 1.1533 3.7649 13.2771 1.1105 0.9555 22.4224 1.0956 1.3704 13.8219 0.9774 1.1159 1.1418 1.2185 0.9740 1.1503 
1.0293 1.0720 1.2293 1.1268 1.1187 1.0550 8.0490 17.2748 17.0854 30.8300 30.7706 1.0314 14.2291 1.2572 1.1703 1.2828 1.1600 1.1189 1.0241 
1.2179 1.0180 1.3415 0.9911 5.3074 5.1605 1.0029 1.0876 4.8667 1.3497 30.7460 1.0173 1.3766 14.2313 13.9271 1.2342 0.9758 1.1517 1.0078 
1.1406 1.2009 1.0898 1.1654 5.2184 0.9928 1.2427 1.2508 4.9630 0.9814 30.6962 1.0889 18.1265 17.9604 11.4670 1.1538 1.3095 1.3392 1.1086 
1.1680 1.1305 1.0299 1.1824 5.1819 1.0283 1.3464 4.8668 8.9773 1.0182 43.5478 43.5857 1.1188 0.9647 5.4783 1.1279 1.0331 1.0937 1.3144 
1.3450 1.2885 1.1040 5.4638 5.2315 1.1708 5.5153 5.2106 1.3760 47.4401 1.2402 18.7104 11.8288 0.9679 5.2825 5.2755 1.2288 0.9831 1.3358 
0.9729 1.0006 1.1123 1.0190 1.0190 5.2038 5.2392 1.2522 1.0652 47.4381 1.1606 1.2183 11.6761 5.1594 1.1432 0.9817 1.1024 1.1731 1.2598 
1.3323 1.3827 1.2936 1.2200 1.1888 0.9914 1.3806 1.0260 1.0976 7.6947 7.3496 7.3207 1.2130 1.1859 1.0910 1.2292 1.0379 1.0073 1.0643 
1.2324 1.1875 1.0381 1.1080 0.9774 1.0751 1.2776 1.0085 1.0223 1.0151 1.1122 1.2365 1.2715 1.0484 1.0856 1.2200 1.2469 1.0395 1.2628 
1.2368 1.1601 1.1844 1.1218 1.3556 1.3530 0.9755 1.3351 1.2575 1.2878 1.1827 1.2771 1.1049 1.0134 0.9831 1.2994 1.2029 1.0899 1.0679 
1.3596 1.1065 1.3623 1.3704 0.9908 1.1467 0.9964 1.0924 1.0639 1.3701 1.1060 1.2665 1.2721 1.0807 1.1177 1.1672 1.3408 1.3131 1.2165 
1.3212 0.9760 1.3849 1.3048 1.3482 1.2084 1.0463 0.9916 1.1780 66.4827 1.1432 1.0158 1.1781 1.0465 1.2312 1.3786 1.0149 1.2175 1.0164 
1.3104 1.0621 1.0393 1.2723 0.9710 1.2837 1.1486 4.6710 40.7317 66.5094 39.3064 9.6611 1.0363 1.2082 1.2759 1.2900 1.3808 0.9692 1.1436 
1.2402 1.1135 1.3414 1.1840 1.2531 1.2957 13.4658 25.0145 40.7476 1.1315 39.1606 15.6501 1.2831 1.1036 0.9925 1.1267 1.3368 1.1423 1.1000 
0.9789 1.2151 1.3248 0.9794 10.5479 13.4593 1.2221 1.1980 34.8710 1.3608 33.4982 1.2072 1.1544 1.2074 1.3216 1.2117 1.0592 1.1442 1.3340 
1.1412 1.0680 1.0242 6.8307 1.0671 7.4463 4.0219 1.1976 34.8839 1.2722 48.0353 1.3674 3.8588 1.1199 1.0815 1.1544 1.2590 0.9678 1.2062 
1.2527 1.0103 6.9497 7.0836 1.2302 1.3453 13.8427 13.8716 1.3362 37.9885 1.0508 34.7784 34.8381 1.2839 1.1957 1.3724 1.0810 1.3431 1.1467 
1.3625 1.3841 1.2416 6.9592 1.1199 11.0724 11.0819 1.2635 13.2928 23.5666 17.5141 1.0842 34.6514 3.7935 1.2416 1.2117 1.3309 1.3773 1.0855 
1.0592 1.3150 1.3530 7.0125 1.0792 1.2962 4.9019 1.1674 13.1543 0.9649 11.2485 1.0549 34.8486 1.2003 0.9847 1.1734 1.1567 1.0229 0.9954 
1.2641 1.2912 1.1874 7.1005 6.7816 6.7526 10.6014 1.3114 1.0281 23.4240 1.0075 1.2819 35.0344 7.3687 1.1778 1.0697 1.0193 0.9974 1.3205 
1.0876 1.2612 1.0965 1.0752 0.9868 1.0363 16.2878 10.8002 10.6345 23.2789 51.3400 34.9431 4.7361 1.2455 1.3147 1.1036 0.9964 1.1821 1.3306 
0.9758 1.0116 1.1719 1.0204 0.9823 12.6628 1.2197 1.3212 10.6697 1.3573 51.4125 1.3070 1.3674 1.0298 1.3414 1.0180 0.9868 1.3359 1.2843 
1.3357 1.0576 0.9887 1.2565 1.0653 12.7649 12.7126 1.0390 16.5559 1.0207 51.0136 1.1302 1.2171 1.3170 1.1121 1.0459 1.1298 1.0825 0.9755 
1.1460 1.2668 1.1255 1.2288 1.2315 1.3343 1.1359 12.6265 16.3953 0.9555 51.3887 10.7527 1.2479 0.9602 1.1904 1.3009 1.2965 1.3126 1.2974 
1.3835 1.2567 0.9708 1.1522 1.2744 1.0325 1.3482 1.2034 1.1123 66.2398 1.2654 1.2812 1.3152 1.0299 1.0225 1.3008 1.3525 1.0629 1.3529 
1.3208 1.2225 1.0496 1.1903 1.2087 1.2056 1.2493 1.0545 1.1141 66.3202 1.3600 1.3017 1.1864 1.0253 1.0366 1.3709 1.2695 1.0416 1.3590 
1.3860 1.1105 1.0518 1.3550 1.2287 1.2005 1.0336 1.1067 1.1107 4.8263 1.1279 0.9620 1.3001 1.0225 1.0558 1.2541 0.9643 1.1993 1.0020 
1.1470 1.3385 1.3111 0.9642 1.3448 1.1919 1.1468 0.9566 0.9923 1.1654 1.2783 1.3723 0.9779 1.1734 1.3573 1.0035 1.3481 1.0836 1.1875 
74
2
1 1 13 9 0 2 9
4 0 5 12 0 0 10
13
14 0 10 3 20 0 41 0 0 0
18 0 16 9 15 0 32 1 0 0
22 0 16 9 20 0 23 1 0 0
24 0 7 12 30 0 19 0 0 1
25 1 2 9 20 0 19 1 0 0
26 0 13 10 15 0 14 0 0 0
27 1 6 8 20 0 14 0 0 0
28 0 10 9 30 0 10 0 0 1
29 1 8 9 20 0 10 0 0 0
30 0 6 10 20 0 5 0 0 0
31 1 11 10 20 0 5 0 0 0
32 0 3 9 20 0 1 0 0 0
33 1 15 9 30 0 1 0 0 1
61 61
37 39 0 0 0 0
2
0 0 9 0
21 0 0 4
1
1 1 0 15 1
1.0055 1.1303 1.2830 1.1749 1.2307 1.0040 1.2088 1.0445 6.4956 1.0508 0.9516 1.1312 0.9648 1.2646 0.9427 1.2589 1.0734 1.3299 1.1118 
1.0603 1.1923 1.1484 1.1438 1.0469 1.1606 6.3775 6.5868 0.9854 6.5752 1.0173 1.1631 1.2241 1.2932 1.0233 0.9463 0.9470 1.3370 1.0520 
1.0872 1.0168 1.2015 1.2420 1.0882 6.3554 6.2971 1.1275 0.9605 65.8547 1.0910 1.3409 1.1226 1.2096 0.9384 1.0902 0.9608 0.9896 0.9477 
1.1739 1.0862 1.2348 1.3266 0.9871 1.0146 1.1938 6.4551 19.1685 60.8215 48.0531 13.6749 1.0747 1.0617 1.1458 1.2118 0.9350 1.1222 1.3304 
0.9960 1.2921 1.3119 1.0447 0.9418 1.0593 9.0552 24.3643 16.4934 1.0018 35.5515 13.4493 13.5667 1.0720 1.1018 1.1244 0.9399 1.3224 1.1761 
1.3435 1.2938 1.1828 0.9473 1.2494 9.0079 1.3379 0.9960 16.6068 0.9829 35.2724 1.2455 1.2351 13.6132 1.1375 0.9861 1.2541 0.9336 1.2043 
1.2609 1.0040 1.3070 0.9955 1.3378 9.2388 9.0579 1.2918 20.0291 0.9538 35.3023 0.9655 13.4753 13.4577 1.1119 1.0232 1.2757 1.2666 0.9474 
1.2438 1.1167 1.1923 1.3296 1.2727 1.1311 12.7501 4.9660 0.9900 35.4616 1.2072 10.9418 23.5565 1.1019 0.9313 1.1406 1.1260 1.1085 0.9556 
1.1177 1.1101 1.1816 0.9645 1.2263 8.9338 12.9360 1.2849 27.5906 31.7297 5.1037 0.9295 23.6027 17.3405 1.2454 0.9786 0.9887 0.9972 1.1197 
1.0130 1.2723 1.1385 1.1593 1.1161 0.9316 12.6748 1.2538 27.6221 1.3253 5.1101 1.2495 23.8083 1.2641 1.1105 0.9758 1.2699 1.0098 1.0791 
1.3266 1.0522 0.9519 1.1777 1.1217 3.6550 12.8818 1.0802 0.9298 31.7527 1.0657 1.3323 23.4102 0.9511 1.0854 1.1105 1.1849 0.9478 1.1188 
1.0014 1.0428 1.1954 1.0960 1.0881 1.0264 7.8105 16.7596 16.5758 39.9081 39.8505 1.0035 23.8052 1.2225 1.1382 1.2473 1.1282 1.0883 0.9964 
1.1844 0.9905 1.3043 0.9644 5.1512 5.0087 0.9758 1.0580 4.7237 1.3122 39.8266 0.9898 1.3383 23.8074 13.5123 1.2002 0.9495 1.1201 0.9806 
1.1094 1.1679 1.0601 1.1334 5.0648 0.9660 1.2084 1.2163 4.8171 0.9550 39.7783 1.0592 37.5857 37.4246 21.1260 1.1222 1.2732 1.3020 1.0783 
1.1360 1.0996 1.0020 1.1499 5.0294 1.0005 1.3090 4.7238 8.7110 0.9907 62.2444 62.2811 1.0882 0.9388 15.3170 1.0971 1.0051 1.0639 1.2780 
1.3077 1.2528 1.0739 5.3029 5.0776 1.1387 5.3528 5.0573 1.3377 66.0199 1.2060 18.1521 21.4769 0.9419 15.1270 5.1202 1.1949 0.9566 1.2987 
0.9467 0.9736 1.0819 0.9914 0.9914 5.0507 5.0850 1.2176 1.0362 66.0180 1.1288 1.1848 21.3288 15.0076 1.1119 0.9552 1.0723 1.1409 1.2250 
1.2953 1.3442 1.2578 1.1864 1.1561 0.9647 1.3422 0.9982 1.0677 17.4669 17.1321 17.1041 1.1796 1.1533 1.0613 1.1953 1.0098 0.9801 1.0354 
1.1984 1.1549 1.0100 1.0778 0.9511 1.0458 1.2423 0.9812 0.9946 0.9876 1.0818 1.2024 1.2364 1.0199 1.0560 1.1864 1.2125 1.0113 1.2279 
1.2027 1.1283 1.1519 1.0911 1.3179 1.3154 0.9492 1.2980 1.2228 1.2522 1.1502 1.2418 1.0748 0.9860 0.9566 1.2634 1.1698 1.0602 1.0389 
1.3218 1.0763 1.3244 1.3323 0.9641 1.1153 0.9695 1.0626 1.0350 1.3320 1.0758 1.2315 1.2369 1.0513 1.0872 1.1352 1.3036 1.2767 1.1830 
1.2846 0.9497 1.3464 1.2687 1.3108 1.1751 1.0179 0.9649 1.1457 74.4912 1.1119 0.9883 1.1458 1.0181 1.1973 1.3402 0.9875 1.1840 0.9889 
1.2741 1.0332 1.0111 1.2371 0.9449 1.2482 1.1171 4.5339 39.5127 74.5171 48.1302 9.3743 1.0082 1.1750 1.2406 1.2543 1.3424 0.9431 1.1123 
1.2060 1.0831 1.3042 1.1515 1.2185 1.2598 13.0648 24.2671 39.5282 1.1006 47.9888 15.1836 1.2476 1.0735 0.9657 1.0959 1.2997 1.1110 1.0700 
0.9525 1.1816 1.2881 0.9530 10.2345 13.0585 1.1884 1.1651 33.8279 1.3230 42.4963 1.1740 1.1228 1.1742 1.2850 1.1783 1.0304 1.1129 1.2970 
1.1100 1.0390 0.9965 6.6288 1.0381 7.2259 3.9042 1.1647 33.8404 1.2370 56.5972 1.3294 3.7460 1.0893 1.0521 1.1228 1.2242 0.9418 1.1730 
1.2181 0.9830 6.7442 6.8741 1.1963 1.3079 13.4304 13.4585 1.2991 36.8518 1.0223 43.7380 43.7960 1.2484 1.1628 1.3342 1.0516 1.3058 1.1153 
1.3246 1.3456 1.2074 6.7534 1.0893 10.7432 10.7524 1.2286 12.8970 22.8626 16.9917 1.0547 43.6149 3.6827 1.2074 1.1783 1.2940 1.3390 1.0559 
1.0304 1.2786 1.3154 6.8051 1.0498 1.2603 4.7578 1.1354 12.7627 0.9390 10.9140 1.0263 43.8061 1.1673 0.9582 1.1412 1.1250 0.9952 0.9685 
1.2292 1.2555 1.1548 6.8905 6.5812 6.5530 10.2864 1.2751 1.0003 22.7243 0.9803 1.2464 43.9864 7.1506 1.1455 1.0406 0.9917 0.9705 1.2839 
1.0580 1.2264 1.0666 1.0459 0.9602 1.0082 15.8022 10.4792 20.3185 32.5835 59.8028 43.8978 4.5970 1.2111 1.2783 1.0735 0.9695 1.1496 1.2937 
0.9495 0.9843 1.1397 0.9928 0.9558 12.2859 1.1861 1.2846 20.3526 1.3196 49.8731 1.2708 1.3294 1.0019 1.3042 0.9905 0.9602 1.2988 1.2488 
1.2986 1.0289 0.9620 1.2218 1.0363 12.3850 12.3342 1.0108 26.0622 0.9931 49.4862 1.0993 1.1836 1.2805 1.0817 1.0175 1.0989 1.0530 0.9492 
1.1146 1.2318 1.0947 1.1949 1.1976 1.2973 1.1048 12.2507 25.9064 0.9298 49.8500 10.4331 1.2135 0.9344 1.1577 1.2649 1.2606 1.2762 1.2615 
1.3450 1.2220 0.9447 1.1206 1.2392 1.0045 1.3108 1.1703 1.0819 74.2556 1.2304 1.2458 1.2787 1.0020 0.9948 1.2648 1.3149 1.0340 1.3153 
1.2842 1.1888 1.0211 1.1576 1.1754 1.1724 1.2148 1.0259 1.0837 74.3336 1.3222 1.2656 1.1538 0.9975 1.0085 1.3328 1.2344 1.0134 1.3212 
1.3474 1.0802 1.0232 1.3174 1.1948 1.1675 1.0056 1.0765 1.0804 4.6845 1.0971 0.9361 1.2641 0.9948 1.0271 1.2195 0.9384 1.1663 0.9749 
1.1156 1.3013 1.2748 0.9383 1.3075 1.1591 1.1154 0.9309 0.9655 1.1334 1.2430 1.3341 0.9516 1.1412 1.3196 0.9764 1.3107 1.0541 1.1549 
75
2
1 1 13 9 0 1 9
4 0 5 12 0 0 10
10
14 0 11 3 20 0 42 0 0 0
24 0 8 12 30 0 20 0 0 1
26 0 14 10 15 0 15 0 0 0
27 1 5 8 20 0 15 0 0 0
28 0 11 9 30 0 11 0 0 1
29 1 7 9 20 0 11 0 0 0
30 0 7 9 20 0 6 0 0 0
31 1 11 11 20 0 6 0 0 0
32 0 3 10 20 0 2 0 0 0
33 1 14 10 30 0 2 0 0 1
1 61
37 39 0 0 0 0
2
0 0 8 24
20 0 0 3
0
0.9783 1.0994 1.2475 1.1427 1.1968 0.9769 1.1755 1.0162 6.3037 1.0223 0.9261 1.1003 0.9389 1.2297 0.9174 1.2241 1.0442 1.2930 1.0814 
1.0315 1.1595 1.1169 1.1125 1.0185 1.1288 6.1892 6.3922 0.9588 6.3809 0.9898 1.1312 1.1904 1.2574 0.9956 0.9209 0.9216 1.2999 1.0234 
1.0576 0.9893 1.1685 1.2077 1.0586 6.1677 6.1112 1.0967 0.9347 63.8821 1.0613 1.3037 1.0919 1.1763 0.9132 1.0605 0.9350 0.9629 0.9223 
1.1417 1.0566 1.2008 1.2898 0.9605 0.9872 1.1610 6.2644 18.5964 58.9999 46.6145 13.2677 1.0455 1.0328 1.1144 1.1784 0.9100 1.0915 1.2935 
0.9691 1.2563 1.2755 1.0164 0.9165 1.0305 8.7865 23.6364 16.0016 0.9747 34.4880 13.0488 13.1627 1.0428 1.0717 1.0937 0.9147 1.2857 1.1438 
1.3062 1.2580 1.1503 0.9219 1.2149 8.7407 1.3008 0.9691 16.1116 0.9564 34.2172 1.2111 1.2010 13.2078 1.1064 0.9595 1.2195 0.9086 1.1712 
1.2261 0.9769 1.2708 0.9686 1.3007 8.9646 8.7892 1.2560 19.4312 0.9282 34.2462 0.9395 13.0740 13.0570 1.0815 0.9955 1.2404 1.2316 0.9220 
1.2095 1.0862 1.1595 1.2927 1.2375 1.1002 12.3706 4.8200 0.9633 34.4008 1.1740 10.6165 22.8528 1.0718 0.9064 1.1094 1.0952 1.0782 0.9299 
1.0872 1.0798 1.1492 0.9386 1.1925 8.6688 12.5509 1.2494 26.7659 30.7808 4.9536 0.9046 22.8976 16.8233 1.2110 0.9522 0.9620 0.9703 1.0891 
0.9856 1.2371 1.1073 1.1275 1.0856 0.9067 12.2976 1.2192 26.7964 1.2885 4.9598 1.2150 23.0971 1.2292 1.0802 0.9495 1.2348 0.9825 1.0497 
1.2898 1.0236 0.9263 1.1454 1.0910 3.5484 12.4983 1.0508 0.9049 30.8031 1.0367 1.2953 22.7109 0.9256 1.0558 1.0802 1.1524 0.9224 1.0882 
0.9744 1.0145 1.1625 1.0661 1.0585 0.9986 7.5792 16.2598 16.0815 38.7139 38.6580 0.9764 23.0940 1.1888 1.1071 1.2129 1.0974 1.0587 0.9695 
1.1519 0.9638 1.2682 0.9385 4.9997 4.8614 0.9495 1.0293 4.5850 1.2758 38.6348 0.9631 1.3012 23.0962 13.1099 1.1672 0.9240 1.0895 0.9542 
1.0791 1.1359 1.0313 1.1024 4.9159 0.9400 1.1751 1.1828 4.6756 0.9294 38.5880 1.0304 36.4611 36.3049 20.4952 1.0915 1.2380 1.2659 1.0490 
1.1049 1.0696 0.9749 1.1184 4.8815 0.9735 1.2727 4.5851 8.4527 0.9640 60.3801 60.4157 1.0586 0.9136 14.8605 1.0672 0.9779 1.0350 1.2427 
1.2715 1.2182 1.0447 5.1468 4.9283 1.1075 5.1952 4.9086 1.3006 64.0423 1.1728 17.6105 20.8356 0.9166 14.6762 4.9696 1.1621 0.9309 1.2627 
0.9213 0.9474 1.0524 0.9647 0.9647 4.9022 4.9355 1.1841 1.0081 64.0405 1.0979 1.1523 20.6919 14.5604 1.0815 0.9295 1.0431 1.1097 1.1913 
1.2594 1.3069 1.2231 1.1538 1.1244 0.9388 1.3049 0.9713 1.0387 16.9459 16.6211 16.5940 1.1472 1.1217 1.0325 1.1624 0.9825 0.9537 1.0073 
1.1654 1.1233 0.9827 1.0485 0.9256 1.0174 1.2080 0.9548 0.9678 0.9610 1.0523 1.1693 1.2023 0.9923 1.0273 1.1538 1.1791 0.9840 1.1941 
1.1696 1.0975 1.1203 1.0614 1.2814 1.2789 0.9237 1.2621 1.1891 1.2176 1.1187 1.2075 1.0456 0.9594 0.9309 1.2285 1.1377 1.0314 1.0107 
1.2851 1.0470 1.2877 1.2953 0.9382 1.0848 0.9434 1.0337 1.0070 1.2950 1.0465 1.1976 1.2028 1.0228 1.0576 1.1041 1.2675 1.2414 1.1505 
1.2491 0.9242 1.3090 1.2336 1.2745 1.1428 0.9904 0.9390 1.1143 72.2595 1.0815 0.9617 1.1144 0.9906 1.1644 1.3030 0.9609 1.1515 0.9622 
1.2389 1.0052 0.9838 1.2030 0.9196 1.2138 1.0866 4.4009 38.3303 72.2846 46.6893 9.0961 0.9810 1.1428 1.2064 1.2197 1.3051 0.9178 1.0819 
1.1728 1.0536 1.2681 1.1200 1.1849 1.2250 12.6759 23.5421 38.3454 1.0706 46.5521 14.7311 1.2132 1.0443 0.9397 1.0660 1.2637 1.0807 1.0409 
0.9269 1.1492 1.2525 0.9274 9.9305 12.6697 1.1557 1.1331 32.8161 1.2863 41.2244 1.1418 1.0921 1.1420 1.2495 1.1460 1.0025 1.0825 1.2611 
1.0797 1.0108 0.9696 6.4329 1.0100 7.0121 3.7901 1.1328 32.8282 1.2029 54.9023 1.2925 3.6366 1.0596 1.0235 1.0921 1.1905 0.9165 1.1408 
1.1846 0.9565 6.5449 6.6709 1.1634 1.2717 13.0305 13.0577 1.2631 35.7492 0.9946 42.4289 42.4851 1.2139 1.1309 1.2972 1.0231 1.2696 1.0848 
1.2879 1.3082 1.1742 6.5538 1.0596 10.4239 10.4328 1.1947 12.5131 22.1797 16.4849 1.0261 42.3095 3.5752 1.1742 1.1460 1.2582 1.3018 1.0272 
1.0025 1.2432 1.2789 6.6039 1.0213 1.2255 4.6181 1.1043 12.3828 0.9138 10.5896 0.9985 42.4949 1.1353 0.9325 1.1100 1.0943 0.9683 0.9424 
1.1953 1.2208 1.1232 6.6868 6.3868 6.3594 9.9808 1.2398 0.9733 22.0456 0.9539 1.2120 42.6698 6.9391 1.1141 1.0124 0.9649 0.9444 1.2484 
1.0293 1.1926 1.0376 1.0175 0.9344 0.9810 15.3311 10.1678 19.7119 31.6090 58.0117 42.5839 4.4621 1.1778 1.2430 1.0443 0.9434 1.1181 1.2579 
0.9240 0.9578 1.1085 0.9660 0.9301 11.9203 1.1535 1.2491 19.7450 1.2830 48.3799 1.2357 1.2925 0.9748 1.2681 0.9638 0.9344 1.2628 1.2143 
1.2626 1.0010 0.9361 1.1881 1.0082 12.0165 11.9672 0.9835 25.2833 0.9663 48.0046 1.0693 1.1511 1.2451 1.0522 0.9900 1.0689 1.0244 0.9237 
1.0842 1.1978 1.0649 1.1621 1.1647 1.2614 1.0747 11.8862 25.1322 0.9049 48.3575 10.1231 1.1801 0.9094 1.1260 1.2300 1.2258 1.2409 1.2267 
1.3077 1.1883 0.9194 1.0900 1.2050 0.9774 1.2745 1.1382 1.0524 72.0309 1.1965 1.2114 1.2433 0.9749 0.9680 1.2299 1.2785 1.0060 1.2788 
1.2487 1.1561 0.9935 1.1259 1.1431 1.1402 1.1814 0.9981 1.0542 72.1066 1.2855 1.2306 1.1222 0.9706 0.9812 1.2958 1.2004 0.9860 1.2846 
1.3100 1.0508 0.9955 1.2809 1.1620 1.1355 0.9784 1.0472 1.0510 4.5470 1.0672 0.9110 1.2292 0.9680 0.9993 1.1859 0.9132 1.1343 0.9487 
1.0851 1.2653 1.2396 0.9132 1.2713 1.1273 1.0849 0.9060 0.9395 1.1024 1.2087 1.2971 0.9261 1.1100 1.2830 0.9501 1.2744 1.0255 1.1233 
76
2
1 1 13 9 0 0 9
4 0 5 12 0 0 10
10
14 0 12 3 20 0 43 0 0 0
24 0 8 13 30 0 21 0 0 1
26 0 15 9 15 0 16 0 0 0
27 1 4 8 20 0 16 0 0 0
28 0 11 8 30 0 12 0 0 1
29 1 6 10 20 0 12 0 0 0
30 0 8 9 20 0 7 0 0 0
31 1 10 12 20 0 7 0 0 0
32 0 4 10 20 0 3 0 0 0
33 1 13 10 30 0 3 0 0 1
4 64
37 39 0 0 0 0
2
0 0 7 23
19 0 0 2
0
0.9520 1.0694 1.2131 1.1114 1.1639 0.9506 1.1432 0.9887 6.1176 0.9946 0.9013 1.0703 0.9137 1.1958 0.8929 1.1904 1.0159 1.2572 1.0520 
1.0036 1.1277 1.0864 1.0821 0.9909 1.0979 6.0065 6.2034 0.9330 6.1925 0.9631 1.1003 1.1577 1.2227 0.9687 0.8963 0.8970 1.2639 0.9957 
1.0289 0.9626 1.1364 1.1745 1.0298 5.9857 5.9309 1.0668 0.9097 61.9686 1.0325 1.2676 1.0621 1.1440 0.8888 1.0317 0.9100 0.9370 0.8976 
1.1104 1.0279 1.1678 1.2541 0.9347 0.9606 1.1292 6.0795 18.0415 57.2329 45.2191 12.8727 1.0171 1.0048 1.0840 1.1460 0.8857 1.0618 1.2577 
0.9430 1.2216 1.2402 0.9889 0.8920 1.0026 8.5259 22.9303 15.5246 0.9485 33.4564 12.6603 12.7708 1.0145 1.0425 1.0639 0.8903 1.2501 1.1125 
1.2700 1.2233 1.1188 0.8972 1.1815 8.4815 1.2648 0.9430 15.6313 0.9307 33.1937 1.1778 1.1680 12.8146 1.0762 0.9337 1.1859 0.8843 1.1391 
1.1923 0.9506 1.2357 0.9425 1.2647 8.6987 8.5285 1.2213 18.8513 0.9034 33.2218 0.9143 12.6848 12.6683 1.0521 0.9686 1.2062 1.1977 0.8973 
1.1762 1.0566 1.1277 1.2569 1.2034 1.0702 12.0025 4.6784 0.9374 33.3718 1.1418 10.3010 22.1702 1.0426 0.8822 1.0791 1.0653 1.0489 0.9050 
1.0576 1.0504 1.1177 0.9134 1.1597 8.4117 12.1774 1.2149 25.9659 29.8604 4.8080 0.8805 22.2137 16.3216 1.1777 0.9266 0.9361 0.9442 1.0594 
0.9590 1.2030 1.0771 1.0967 1.0560 0.8825 11.9317 1.1856 25.9955 1.2528 4.8140 1.1816 22.4072 1.1953 1.0508 0.9240 1.2008 0.9560 1.0212 
1.2541 0.9959 0.9015 1.1140 1.0613 3.4449 12.1264 1.0223 0.8808 29.8820 1.0086 1.2594 22.0326 0.9008 1.0271 1.0508 1.1208 0.8977 1.0586 
0.9482 0.9871 1.1306 1.0371 1.0297 0.9716 7.3548 15.7750 15.6021 37.5555 37.5013 0.9501 22.4042 1.1561 1.0769 1.1795 1.0675 1.0299 0.9434 
1.1203 0.9379 1.2332 0.9133 4.8527 4.7186 0.9240 1.0014 4.4505 1.2405 37.4788 0.9372 1.2652 22.4063 12.7196 1.1352 0.8993 1.0598 0.9286 
1.0497 1.1048 1.0034 1.0723 4.7714 0.9148 1.1428 1.1503 4.5383 0.9045 37.4334 1.0025 35.3703 35.2188 19.8833 1.0618 1.2039 1.2309 1.0205 
1.0748 1.0405 0.9487 1.0878 4.7381 0.9473 1.2375 4.4505 8.2021 0.9381 58.5717 58.6062 1.0298 0.8892 14.4177 1.0382 0.9516 1.0070 1.2084 
1.2364 1.1847 1.0164 4.9954 4.7835 1.0773 5.0423 4.7643 1.2646 62.1240 1.1406 17.0852 20.2135 0.8921 14.2389 4.8235 1.1302 0.9060 1.2278 
0.8967 0.9220 1.0238 0.9388 0.9388 4.7581 4.7904 1.1516 0.9809 62.1223 1.0680 1.1207 20.0741 14.1266 1.0521 0.9046 1.0148 1.0794 1.1586 
1.2246 1.2707 1.1894 1.1222 1.0937 0.9136 1.2688 0.9452 1.0105 16.4405 16.1255 16.0992 1.1158 1.0910 1.0045 1.1305 0.9560 0.9281 0.9801 
1.1334 1.0926 0.9562 1.0200 0.9008 0.9899 1.1748 0.9292 0.9418 0.9352 1.0237 1.1372 1.1692 0.9655 0.9995 1.1222 1.1467 0.9575 1.1613 
1.1375 1.0676 1.0897 1.0326 1.2460 1.2435 0.8990 1.2272 1.1564 1.1841 1.0881 1.1743 1.0172 0.9336 0.9060 1.1946 1.1066 1.0035 0.9834 
1.2495 1.0186 1.2521 1.2594 0.9131 1.0553 0.9181 1.0057 0.9798 1.2592 1.0181 1.1647 1.1697 0.9951 1.0289 1.0740 1.2325 1.2072 1.1190 
1.2146 0.8995 1.2727 1.1996 1.2393 1.1115 0.9637 0.9138 1.0839 70.0947 1.0521 0.9358 1.0840 0.9639 1.1325 1.2669 0.9351 1.1200 0.9363 
1.2047 0.9780 0.9573 1.1699 0.8950 1.1804 1.0570 4.2719 37.1834 70.1191 45.2916 8.8262 0.9546 1.1115 1.1732 1.1861 1.2689 0.8933 1.0524 
1.1406 1.0250 1.2331 1.0894 1.1524 1.1913 12.2986 22.8388 37.1980 1.0415 45.1585 14.2922 1.1798 1.0160 0.9145 1.0370 1.2288 1.0513 1.0127 
0.9021 1.1177 1.2179 0.9026 9.6356 12.2926 1.1240 1.1021 31.8346 1.2507 39.9907 1.1105 1.0623 1.1107 1.2150 1.1146 0.9754 1.0530 1.2263 
1.0503 0.9835 0.9435 6.2429 0.9827 6.8047 3.6794 1.1018 31.8464 1.1698 53.2582 1.2567 3.5305 1.0308 0.9958 1.0623 1.1578 0.8920 1.1096 
1.1521 0.9308 6.3516 6.4738 1.1315 1.2365 12.6426 12.6690 1.2282 34.6797 0.9678 41.1590 41.2135 1.1805 1.1000 1.2613 0.9954 1.2345 1.0553 
1.2523 1.2720 1.1420 6.3602 1.0308 10.1142 10.1228 1.1619 12.1407 21.5173 15.9934 0.9983 41.0432 3.4709 1.1420 1.1146 1.2235 1.2657 0.9994 
0.9754 1.2089 1.2435 6.4088 0.9937 1.1917 4.4826 1.0742 12.0143 0.8894 10.2749 0.9715 41.2231 1.1042 0.9075 1.0797 1.0645 0.9423 0.9171 
1.1624 1.1872 1.0925 6.4892 6.1982 6.1716 9.6844 1.2056 0.9471 21.3872 0.9283 1.1786 41.3927 6.7339 1.0837 0.9850 0.9390 0.9191 1.2139 
1.0014 1.1598 1.0095 0.9900 0.9094 0.9546 14.8742 9.8658 19.1235 30.6637 56.2743 41.3094 4.3312 1.1455 1.2087 1.0160 0.9181 1.0876 1.2232 
0.8993 0.9321 1.0782 0.9400 0.9052 11.5657 1.1219 1.2146 19.1557 1.2475 46.9315 1.2016 1.2567 0.9486 1.2331 0.9379 0.9094 1.2279 1.1809 
1.2277 0.9740 0.9110 1.1555 0.9810 11.6590 11.6112 0.9570 24.5278 0.9403 46.5675 1.0402 1.1196 1.2107 1.0236 0.9633 1.0398 0.9967 0.8990 
1.0547 1.1649 1.0360 1.1302 1.1328 1.2266 1.0455 11.5326 24.3812 0.8808 46.9098 9.8224 1.1477 0.8851 1.0952 1.1961 1.1920 1.2067 1.1929 
1.2715 1.1557 0.8948 1.0603 1.1719 0.9511 1.2393 1.1071 1.0238 69.8730 1.1636 1.1781 1.2090 0.9487 0.9420 1.1960 1.2431 0.9788 1.2434 
1.2142 1.1244 0.9667 1.0951 1.1118 1.1090 1.1490 0.9712 1.0256 69.9464 1.2499 1.1967 1.0915 0.9445 0.9548 1.2599 1.1674 0.9594 1.2491 
1.2737 1.0223 0.9686 1.2455 1.1301 1.1044 0.9520 1.0188 1.0225 4.4136 1.0382 0.8867 1.1953 0.9420 0.9723 1.1533 0.8888 1.1033 0.9232 
1.0555 1.2303 1.2054 0.8888 1.2362 1.0965 1.0554 0.8818 0.9143 1.0723 1.1754 1.2612 0.9013 1.0797 1.2475 0.9246 1.2392 0.9977 1.0926 
77
2
1 1 13 9 0 0 9
4 0 5 12 0 0 10
10
14 0 12 4 20 0 44 0 0 0
24 0 7 12 30 0 22 0 0 1
26 0 16 9 15 0 17 1 0 0
27 1 4 7 20 0 17 0 0 0
28 0 12 8 30 0 13 0 0 1
29 1 5 10 20 0 13 0 0 0
30 0 8 8 20 0 8 0 0 0
31 1 9 12 20 0 8 0 0 0
32 0 5 10 20 0 4 0 0 0
33 1 12 10 30 0 4 0 0 1
14 4
37 38 0 0 0 0
2
0 0 6 22
18 0 24 1
1
3 1 12 18 9
0.9264 1.0403 1.1797 1.0811 1.1320 0.9251 1.1119 0.9620 5.9371 0.9678 0.8773 1.0412 0.8893 1.1629 0.8691 1.1577 0.9884 1.2225 1.0234 
0.9765 1.0969 1.0568 1.0526 0.9642 1.0680 5.8293 6.0203 0.9080 6.0097 0.9372 1.0703 1.1260 1.1890 0.9426 0.8724 0.8731 1.2290 0.9688 
1.0010 0.9367 1.1053 1.1423 1.0019 5.8091 5.7560 1.0378 0.8854 70.1125 1.0045 1.2326 1.0332 1.1127 0.8651 1.0037 0.8857 0.9119 0.8737 
1.0801 1.0001 1.1358 1.2195 0.9097 0.9348 1.0983 5.9001 17.5033 65.5189 53.8655 12.4895 0.9896 0.9777 1.0545 1.1146 0.8621 1.0329 1.2230 
0.9177 1.1880 1.2060 0.9622 0.8682 0.9755 8.2731 22.2454 15.0619 0.9230 42.4557 12.2835 12.3907 0.9871 1.0142 1.0350 0.8666 1.2156 1.0821 
1.2349 1.1896 1.0882 0.8733 1.1491 8.2301 1.2299 0.9177 15.1654 0.9058 42.2009 1.1455 1.1360 12.4332 1.0469 0.9087 1.1533 0.8608 1.1079 
1.1595 0.9251 1.2016 0.9172 1.2298 8.4407 8.2756 1.1877 18.2888 0.8793 42.2281 0.8899 12.3073 12.2913 1.0235 0.9425 1.1730 1.1648 0.8734 
1.1439 1.0279 1.0969 1.2222 1.1703 1.0411 11.6454 4.5410 0.9123 42.3736 1.1105 9.9950 21.5081 1.0143 0.8587 1.0497 1.0363 1.0204 0.8809 
1.0289 1.0219 1.0872 0.8890 1.1279 8.1623 11.8151 1.1815 35.1899 38.9676 4.6668 0.8571 21.5503 15.8350 1.1454 0.9018 0.9110 0.9189 1.0306 
0.9332 1.1699 1.0478 1.0668 1.0273 0.8590 11.5767 1.1530 35.2186 1.2182 4.6726 1.1492 21.7380 1.1624 1.0223 0.8993 1.1678 0.9303 0.9936 
1.2195 0.9690 0.8775 1.0836 1.0325 3.3446 11.7656 0.9946 0.8574 38.9885 0.9813 1.2246 21.3746 0.8768 0.9993 1.0223 1.0902 0.8738 1.0298 
0.9228 0.9605 1.0997 1.0090 1.0018 0.9455 7.1372 15.3048 15.1370 46.4318 46.3793 0.9246 21.7351 1.1244 1.0476 1.1471 1.0385 1.0020 0.9181 
1.0897 0.9128 1.1992 0.8889 4.7101 4.5800 0.8993 0.9744 4.3200 1.2063 46.3574 0.9121 1.2302 21.7371 12.3410 1.1041 0.8753 1.0310 0.9037 
1.0212 1.0747 0.9763 1.0431 4.6313 0.8904 1.1115 1.1188 4.4052 0.8804 46.3134 0.9754 34.3122 34.1652 19.2898 1.0329 1.1708 1.1970 0.9929 
1.0456 1.0123 0.9232 1.0582 4.5990 0.9219 1.2034 4.3200 7.9590 0.9130 66.8175 56.8510 1.0019 0.8655 13.9882 1.0101 0.9261 0.9798 1.1751 
1.2023 1.1522 0.9889 4.8485 4.6430 1.0480 4.8940 4.6244 1.2297 70.2633 1.1094 16.5756 19.6101 0.8683 13.8147 4.6818 1.0993 0.8818 1.1940 
0.8728 0.8973 0.9961 0.9136 0.9136 4.6184 4.6497 1.1201 0.9545 70.2616 1.0390 1.0901 19.4749 13.7058 1.0235 0.8805 0.9874 1.0500 1.1268 
1.1909 1.2356 1.1567 1.0915 1.0639 0.8892 1.2337 0.9198 0.9832 15.9503 15.6447 15.6192 1.0853 1.0613 0.9774 1.0996 0.9303 0.9033 0.9537 
1.1024 1.0628 0.9305 0.9924 0.8768 0.9632 1.1426 0.9043 0.9165 0.9101 0.9960 1.1061 1.1371 0.9395 0.9725 1.0915 1.1153 0.9318 1.1295 
1.1064 1.0386 1.0600 1.0046 1.2116 1.2092 0.8750 1.1934 1.1247 1.1516 1.0585 1.1421 0.9897 0.9086 0.8818 1.1618 1.0764 0.9764 0.9569 
1.2150 0.9910 1.2175 1.2246 0.8887 1.0266 0.8936 0.9785 0.9534 1.2244 0.9906 1.1328 1.1376 0.9682 1.0010 1.0448 1.1985 1.1740 1.0884 
1.1812 0.8755 1.2375 1.1666 1.2051 1.0812 0.9378 0.8894 1.0544 67.9949 1.0235 0.9107 1.0545 0.9380 1.1015 1.2319 0.9100 1.0894 0.9112 
1.1716 0.9517 0.9316 1.1378 0.8712 1.1480 1.0283 4.1467 36.0709 68.0185 43.9359 8.5644 0.9290 1.0812 1.1410 1.1535 1.2338 0.8695 1.0238 
1.1094 0.9973 1.1991 1.0597 1.1208 1.1586 11.9326 22.1566 36.0851 1.0133 43.8067 13.8664 1.1474 0.9885 0.8901 1.0089 1.1949 1.0228 0.9853 
0.8780 1.0872 1.1844 0.8785 9.3495 11.9268 1.0933 1.0720 30.8826 1.2162 38.7940 1.0802 1.0334 1.0804 1.1816 1.0842 0.9491 1.0244 1.1925 
1.0218 0.9570 0.9182 6.0586 0.9562 6.6036 3.5720 1.0717 30.8940 1.1377 51.6635 1.2220 3.4276 1.0029 0.9689 1.0334 1.1261 0.8682 1.0793 
1.1205 0.9059 6.1641 6.2826 1.1006 1.2024 12.2663 12.2919 1.1944 33.6423 0.9418 39.9272 39.9801 1.1481 1.0700 1.2265 0.9685 1.2005 1.0266 
1.2177 1.2368 1.1107 6.1724 1.0029 9.8138 9.8221 1.1300 11.7795 20.8748 15.5166 0.9714 39.8149 3.3698 1.1107 1.0842 1.1898 1.2307 0.9724 
0.9491 1.1756 1.2092 6.2195 0.9669 1.1589 4.3511 1.0450 11.6569 0.8657 9.9697 0.9454 39.9894 1.0741 0.8833 1.0503 1.0356 0.9170 0.8926 
1.1305 1.1546 1.0627 6.2975 6.0153 5.9895 9.3969 1.1724 0.9217 20.7486 0.9035 1.1462 40.1539 6.5349 1.0542 0.9585 0.9138 0.8945 1.1805 
0.9744 1.1280 0.9822 0.9633 0.8851 0.9290 14.4310 9.5728 18.5528 29.7468 54.5891 40.0731 4.2043 1.1141 1.1754 0.9885 0.8936 1.0580 1.1895 
0.8753 0.9071 1.0489 0.9148 0.8810 11.2217 1.0912 1.1812 18.5840 1.2131 45.5266 1.1686 1.2220 0.9231 1.1991 0.9128 0.8851 1.1941 1.1485 
1.1939 0.9478 0.8867 1.1238 0.9546 11.3122 11.2659 0.9313 23.7950 0.9151 45.1735 1.0120 1.0890 1.1774 0.9959 0.9374 1.0116 0.9698 0.8750 
1.0261 1.1330 1.0079 1.0993 1.1018 1.1928 1.0171 11.1896 23.6528 0.8574 45.5055 9.5307 1.1163 0.8615 1.0653 1.1632 1.1592 1.1735 1.1601 
1.2364 1.1240 0.8710 1.0315 1.1397 0.9256 1.2051 1.0769 0.9961 67.7798 1.1317 1.1458 1.1757 0.9232 0.9167 1.1631 1.2088 0.9524 1.2091 
1.1808 1.0937 0.9407 1.0652 1.0814 1.0787 1.1175 0.9451 0.9978 67.8510 1.2154 1.1638 1.0618 0.9192 0.9292 1.2251 1.1354 0.9336 1.2146 
1.2385 0.9946 0.9425 1.2111 1.0992 1.0743 0.9264 0.9912 0.9948 4.2842 1.0101 0.8631 1.1624 0.9167 0.9461 1.1217 0.8651 1.0732 0.8985 
1.0268 1.1964 1.1722 0.8651 1.2021 1.0666 1.0267 0.8583 0.8899 1.0431 1.1431 1.2264 0.8773 1.0503 1.2131 0.8999 1.2050 0.9708 1.0628 
78
2
1 1 13 9 0 2 4
4 0 5 12 0 0 10
11
14 0 13 5 20 0 45 0 0 0
24 0 8 12 30 0 23 0 0 1
27 1 3 8 20 0 18 0 0 0
28 0 12 8 30 0 14 0 0 1
29 1 4 10 20 0 14 0 0 0
30 0 9 8 20 0 9 0 0 0
31 1 8 12 20 0 9 0 0 0
32 0 6 10 20 0 5 0 0 0
33 1 11 10 30 0 5 0 0 1
34 0 2 9 30 0 0 0 0 1
35 1 16 9 20 0 0 0 1 0
17 7
37 38 0 0 0 0
2
0 0 5 21
17 0 23 0
1
3 1 12 18 8
0.9016 1.0121 1.1473 1.0517 1.1010 0.9003 1.0815 0.9361 5.7620 0.9418 0.8540 1.0130 0.8656 1.1310 0.8460 1.1260 0.9617 1.1888 0.9957 
0.9502 1.0670 1.0281 1.0240 0.9383 1.0390 5.6574 5.8427 0.8838 5.8324 0.9121 1.0412 1.0952 1.1563 0.9173 0.8492 0.8499 1.1951 0.9427 
0.9740 0.9116 1.0751 1.1110 0.9748 5.6378 5.5863 1.0097 0.8618 68.0121 0.9774 1.1986 1.0052 1.0823 0.8421 0.9766 0.8621 0.8875 0.8505 
1.0507 0.9731 1.1047 1.1859 0.8854 0.9098 1.0684 5.7261 16.9812 63.5563 52.2525 12.1178 0.9629 0.9514 1.0259 1.0842 0.8392 1.0049 1.1893 
0.8932 1.1554 1.1728 0.9363 0.8452 0.9492 8.0279 21.5810 14.6130 0.8983 41.1850 11.9180 12.0220 0.9605 0.9868 1.0070 0.8436 1.1821 1.0526 
1.2009 1.1569 1.0586 0.8501 1.1176 7.9862 1.1960 0.8932 14.7134 0.8816 40.9379 1.1141 1.1049 12.0632 1.0185 0.8844 1.1217 0.8380 1.0777 
1.1277 0.9003 1.1686 0.8927 1.1959 8.1905 8.0303 1.1551 17.7431 0.8559 40.9643 0.8662 11.9411 11.9256 0.9958 0.9172 1.1408 1.1329 0.8502 
1.1126 1.0001 1.0670 1.1885 1.1382 1.0129 11.2990 4.4078 0.8879 41.1054 1.0802 9.6982 20.8659 0.9869 0.8359 1.0212 1.0082 0.9928 0.8575 
1.0010 0.9942 1.0576 0.8653 1.0971 7.9204 11.4636 1.1491 34.1372 37.8016 4.5298 0.8344 20.9068 15.3630 1.1140 0.8777 0.8867 0.8943 1.0027 
0.9082 1.1378 1.0194 1.0378 0.9995 0.8362 11.2324 1.1214 34.1650 1.1847 4.5354 1.1177 21.0889 1.1305 0.9946 0.8753 1.1358 0.9054 0.9668 
1.1859 0.9429 0.8542 1.0541 1.0045 3.2473 11.4156 0.9678 0.8347 37.8218 0.9549 1.1909 20.7364 0.8535 0.9723 0.9946 1.0605 0.8506 1.0019 
0.8981 0.9347 1.0697 0.9817 0.9747 0.9201 6.9261 14.8487 14.6859 45.0418 44.9909 0.8999 21.0860 1.0937 1.0192 1.1157 1.0103 0.9749 0.8936 
1.0600 0.8884 1.1662 0.8652 4.5718 4.4456 0.8753 0.9482 4.1934 1.1731 44.9697 0.8877 1.1963 21.0880 11.9738 1.0740 0.8520 1.0031 0.8796 
0.9936 1.0455 0.9500 1.0148 4.4954 0.8667 1.0812 1.0882 4.2760 0.8570 44.9270 0.9491 33.2858 33.1432 18.7141 1.0049 1.1387 1.1641 0.9661 
1.0172 0.9849 0.8985 1.0295 4.4640 0.8972 1.1703 4.1934 7.7232 0.8886 64.8160 55.1485 0.9748 0.8425 13.5716 0.9828 0.9013 0.9534 1.1428 
1.1692 1.1206 0.9622 4.7060 4.5067 1.0196 4.7502 4.4887 1.1958 68.1584 1.0791 16.0813 19.0248 0.8453 13.4033 4.5443 1.0693 0.8583 1.1612 
0.8496 0.8734 0.9692 0.8892 0.8892 4.4828 4.5132 1.0895 0.9289 68.1568 1.0108 1.0604 18.8937 13.2976 0.9958 0.8571 0.9608 1.0215 1.0960 
1.1582 1.2015 1.1250 1.0618 1.0350 0.8655 1.1997 0.8952 0.9567 15.4748 15.1784 15.1536 1.0557 1.0325 0.9511 1.0696 0.9054 0.8792 0.9281 
1.0723 1.0339 0.9056 0.9656 0.8535 0.9373 1.1113 0.8802 0.8920 0.8858 0.9691 1.0759 1.1060 0.9143 0.9463 1.0618 1.0848 0.9068 1.0986 
1.0762 1.0104 1.0312 0.9775 1.1783 1.1759 0.8518 1.1606 1.0940 1.1201 1.0297 1.1108 0.9630 0.8843 0.8583 1.1299 1.0471 0.9501 0.9312 
1.1816 0.9643 1.1840 1.1909 0.8650 0.9988 0.8698 0.9521 0.9278 1.1907 0.9639 1.1018 1.1065 0.9422 0.9740 1.0165 1.1655 1.1418 1.0587 
1.1488 0.8522 1.2034 1.1346 1.1719 1.0518 0.9127 0.8657 1.0258 65.9581 0.9958 0.8864 1.0259 0.9129 1.0715 1.1979 0.8857 1.0597 0.8869 
1.1395 0.9261 0.9067 1.1067 0.8481 1.1166 1.0005 4.0253 34.9918 65.9809 42.6208 8.3105 0.9041 1.0518 1.1098 1.1219 1.1998 0.8464 0.9961 
1.0791 0.9704 1.1661 1.0309 1.0902 1.1268 11.5776 21.4949 35.0055 0.9859 42.4955 13.4534 1.1160 0.9618 0.8664 0.9816 1.1621 0.9951 0.9587 
0.8547 1.0576 1.1519 0.8551 9.0720 11.5720 1.0635 1.0428 29.9591 1.1827 37.6332 1.0508 1.0054 1.0510 1.1492 1.0547 0.9236 0.9967 1.1597 
0.9941 0.9313 0.8937 5.8798 0.9305 6.4085 3.4678 1.0425 29.9702 1.1066 50.1166 1.1883 3.3278 0.9758 0.9428 1.0054 1.0953 0.8452 1.0499 
1.0899 0.8817 5.9822 6.0971 1.0706 1.1693 11.9013 11.9261 1.1616 32.6360 0.9165 38.7324 38.7837 1.1167 1.0409 1.1927 0.9424 1.1675 0.9988 
1.1842 1.2027 1.0804 5.9902 0.9758 9.5224 9.5304 1.0991 11.4291 20.2516 15.0541 0.9453 38.6235 3.2717 1.0804 1.0547 1.1571 1.1968 0.9462 
0.9236 1.1433 1.1759 6.0359 0.9409 1.1271 4.2236 1.0167 11.3102 0.8427 9.6736 0.9200 38.7927 1.0449 0.8598 1.0218 1.0075 0.8925 0.8688 
1.0996 1.1230 1.0338 6.1116 5.8378 5.8128 9.1180 1.1402 0.8970 20.1291 0.8794 1.1148 38.9523 6.3419 1.0256 0.9327 0.8894 0.8707 1.1481 
0.9482 1.0972 0.9557 0.9374 0.8615 0.9041 14.0011 9.2886 17.9992 28.8574 52.9544 38.8739 4.0812 1.0837 1.1431 0.9618 0.8698 1.0293 1.1568 
0.8520 0.8829 1.0204 0.8904 0.8576 10.8880 1.0615 1.1488 18.0295 1.1797 44.1638 1.1365 1.1883 0.8984 1.1661 0.8884 0.8615 1.1613 1.1170 
1.1611 0.9224 0.8631 1.0931 0.9290 10.9758 10.9309 0.9064 23.0842 0.8906 43.8213 0.9846 1.0593 1.1451 0.9690 0.9123 0.9843 0.9437 0.8518 
0.9983 1.1020 0.9807 1.0693 1.0717 1.1600 0.9896 10.8569 22.9462 0.8347 44.1433 9.2478 1.0858 0.8387 1.0363 1.1313 1.1274 1.1413 1.1283 
1.2023 1.0933 0.8479 1.0036 1.1085 0.9008 1.1719 1.0476 0.9692 65.7494 1.1007 1.1144 1.1434 0.8985 0.8922 1.1312 1.1755 0.9268 1.1758 
1.1484 1.0639 0.9155 1.0362 1.0520 1.0493 1.0870 0.9197 0.9709 65.8185 1.1819 1.1319 1.0329 0.8946 0.9043 1.1913 1.1043 0.9086 1.1812 
1.2043 0.9678 0.9172 1.1778 1.0692 1.0451 0.9016 0.9645 0.9680 4.1587 0.9828 0.8402 1.1305 0.8922 0.9207 1.0910 0.8421 1.0440 0.8745 
0.9990 1.1635 1.1400 0.8421 1.1690 1.0376 0.9989 0.8356 0.8662 1.0148 1.1118 1.1926 0.8540 1.0218 1.1797 0.8759 1.1719 0.9447 1.0339 
79
1
4 0 5 12 0 0 10
11
14 0 13 6 20 0 46 0 0 0
24 0 9 12 30 0 24 0 0 1
27 1 3 9 20 0 19 0 0 0
28 0 12 8 30 0 15 0 0 1
29 1 3 10 20 0 15 0 0 0
30 0 10 9 20 0 10 0 0 0
31 1 7 12 20 0 10 0 0 0
32 0 7 9 20 0 6 0 0 0
33 1 11 11 30 0 6 0 0 1
34 0 3 9 30 0 1 0 0 1
35 1 15 9 20 0 1 0 1 0
17 7
37 38 0 0 0 0
2
0 0 4 20
16 0 22 0
1
3 1 12 18 7
0.8776 0.9847 1.1159 1.0231 1.0710 0.8763 1.0521 0.9110 5.5921 0.9165 0.8314 0.9856 0.8426 1.1001 0.8236 1.0952 0.9358 1.1561 0.9688 
0.9247 1.0380 1.0003 0.9963 0.9132 1.0108 5.4907 5.6704 0.8603 5.6604 0.8877 1.0130 1.0653 1.1246 0.8928 0.8267 0.8274 1.1622 0.9174 
0.9478 0.8873 1.0458 1.0807 0.9486 5.4717 5.4217 0.9824 0.8389 65.9747 0.9511 1.1656 0.9780 1.0528 0.8198 0.9503 0.8392 0.8639 0.8280 
1.0222 0.9469 1.0746 1.1533 0.8618 0.8855 1.0393 5.5573 16.4748 61.6526 50.6879 11.7573 0.9370 0.9259 0.9981 1.0547 0.8170 0.9778 1.1566 
0.8694 1.1237 1.1406 0.9112 0.8228 0.9237 7.7901 20.9366 14.1776 0.8744 39.9525 11.5635 11.6643 0.9347 0.9602 0.9798 0.8213 1.1496 1.0240 
1.1679 1.1252 1.0298 0.8276 1.0871 7.7496 1.1631 0.8694 14.2750 0.8582 39.7128 1.0837 1.0748 11.7043 0.9909 0.8609 1.0910 0.8159 1.0484 
1.0969 0.8763 1.1365 0.8689 1.1630 7.9478 7.7924 1.1234 17.2138 0.8332 39.7384 0.8432 11.5859 11.5708 0.9689 0.8927 1.1096 1.1019 0.8277 
1.0822 0.9731 1.0380 1.1558 1.1071 0.9855 10.9630 4.2786 0.8643 39.8752 1.0508 9.4103 20.2429 0.9603 0.8138 0.9936 0.9810 0.9660 0.8348 
0.9740 0.9674 1.0289 0.8423 1.0672 7.6858 11.1227 1.1176 33.1161 36.6706 4.3969 0.8124 20.2826 14.9051 1.0836 0.8544 0.8631 0.8705 0.9756 
0.8840 1.1067 0.9918 1.0097 0.9725 0.8141 10.8984 1.0908 33.1431 1.1522 4.4023 1.0872 20.4592 1.0996 0.9678 0.8520 1.1047 0.8812 0.9408 
1.1533 0.9176 0.8316 1.0255 0.9774 3.1529 11.0761 0.9418 0.8127 36.6901 0.9293 1.1582 20.1173 0.8309 0.9461 0.9678 1.0317 0.8281 0.9748 
0.8742 0.9097 1.0406 0.9552 0.9485 0.8955 6.7213 14.4062 14.2483 43.6935 43.6442 0.8759 20.4564 1.0639 0.9916 1.0852 0.9830 0.9487 0.8698 
1.0312 0.8647 1.1342 0.8422 4.4376 4.3152 0.8520 0.9228 4.0706 1.1409 43.6236 0.8641 1.1634 20.4584 11.6176 1.0448 0.8294 0.9760 0.8562 
0.9668 1.0171 0.9245 0.9874 4.3635 0.8437 1.0518 1.0586 4.1507 0.8343 43.5822 0.9236 32.2902 32.1519 18.1557 0.9778 1.1075 1.1322 0.9401 
0.9897 0.9584 0.8745 1.0016 4.3331 0.8733 1.1382 4.0706 7.4945 0.8649 62.8745 53.4970 0.9486 0.8202 13.1675 0.9563 0.8773 0.9278 1.1115 
1.1371 1.0900 0.9363 4.5678 4.3745 0.9920 4.6107 4.3570 1.1629 66.1166 1.0497 15.6019 18.4571 0.8229 13.0042 4.4110 1.0402 0.8356 1.1294 
0.8271 0.8502 0.9431 0.8655 0.8655 4.3513 4.3808 1.0598 0.9040 66.1151 0.9835 1.0316 18.3299 12.9017 0.9689 0.8344 0.9350 0.9939 1.0661 
1.1265 1.1685 1.0943 1.0329 1.0070 0.8425 1.1667 0.8713 0.9310 15.0136 14.7260 14.7020 1.0270 1.0045 0.9256 1.0405 0.8812 0.8558 0.9033 
1.0431 1.0059 0.8814 0.9396 0.8309 0.9122 1.0810 0.8568 0.8682 0.8622 0.9430 1.0466 1.0758 0.8899 0.9209 1.0329 1.0553 0.8826 1.0686 
1.0469 0.9831 1.0033 0.9512 1.1460 1.1436 0.8292 1.1288 1.0642 1.0895 1.0018 1.0805 0.9371 0.8608 0.8356 1.0990 1.0187 0.9246 0.9063 
1.1492 0.9384 1.1515 1.1582 0.8421 0.9718 0.8467 0.9265 0.9030 1.1580 0.9380 1.0717 1.0763 0.9169 0.9478 0.9890 1.1335 1.1105 1.0299 
1.1173 0.8296 1.1703 1.1036 1.1397 1.0232 0.8883 0.8427 0.9980 63.9824 0.9689 0.8628 0.9981 0.8885 1.0424 1.1650 0.8621 1.0309 0.8633 
1.1083 0.9013 0.8825 1.0765 0.8257 1.0861 0.9735 3.9075 33.9450 64.0045 41.3452 8.0642 0.8800 1.0232 1.0795 1.0912 1.1668 0.8240 0.9692 
1.0497 0.9443 1.1341 1.0030 1.0605 1.0960 11.2333 20.8531 33.9583 0.9593 41.2236 13.0528 1.0855 0.9359 0.8434 0.9552 1.1302 0.9682 0.9329 
0.8321 1.0289 1.1203 0.8324 8.8028 11.2278 1.0346 1.0145 29.0633 1.1502 36.5072 1.0223 0.9782 1.0225 1.1177 1.0261 0.8989 0.9698 1.1279 
0.9673 0.9064 0.8699 5.7064 0.9056 6.2192 3.3668 1.0142 29.0741 1.0764 48.6161 1.1557 3.2310 0.9495 0.9175 0.9782 1.0654 0.8228 1.0214 
1.0602 0.8582 5.8057 5.9172 1.0415 1.1372 11.5473 11.5713 1.1298 31.6599 0.8920 37.5734 37.6232 1.0862 1.0127 1.1599 0.9171 1.1355 0.9718 
1.1517 1.1696 1.0510 5.8135 0.9495 9.2397 9.2475 1.0691 11.0892 19.6471 14.6055 0.9199 37.4678 3.1765 1.0510 1.0261 1.1254 1.1639 0.9208 
0.8989 1.1120 1.1436 5.8578 0.9157 1.0963 4.0999 0.9892 10.9739 0.8204 9.3864 0.8954 37.6319 1.0166 0.8370 0.9941 0.9803 0.8687 0.8457 
1.0696 1.0923 1.0058 5.9313 5.6657 5.6414 8.8475 1.1090 0.8731 19.5282 0.8560 1.0844 37.7867 6.1546 0.9978 0.9077 0.8657 0.8476 1.1167 
0.9228 1.0673 0.9300 0.9123 0.8387 0.8800 13.5841 9.0129 17.4622 27.9947 51.3688 37.7107 3.9618 1.0542 1.1118 0.9359 0.8467 1.0014 1.1251 
0.8294 0.8594 0.9928 0.8667 0.8349 10.5644 1.0327 1.1173 17.4916 1.1473 42.8419 1.1054 1.1557 0.8744 1.1341 0.8647 0.8387 1.1295 1.0865 
1.1293 0.8977 0.8402 1.0633 0.9041 10.6495 10.6060 0.8822 22.3947 0.8669 42.5097 0.9581 1.0305 1.1137 0.9429 0.8879 0.9578 0.9184 0.8292 
0.9714 1.0719 0.9543 1.0402 1.0425 1.1282 0.9629 10.5342 22.2608 0.8127 42.8220 8.9734 1.0562 0.8165 1.0082 1.1004 1.0966 1.1101 1.0975 
1.1692 1.0635 0.8255 0.9765 1.0782 0.8768 1.1397 1.0192 0.9431 63.7799 1.0707 1.0840 1.1121 0.8745 0.8684 1.1003 1.1432 0.9020 1.1435 
1.1169 1.0350 0.8910 1.0081 1.0234 1.0208 1.0574 0.8951 0.9448 63.8469 1.1494 1.1009 1.0049 0.8708 0.8802 1.1586 1.0742 0.8843 1.1488 
1.1712 0.9418 0.8927 1.1455 1.0401 1.0167 0.8776 0.9386 0.9420 4.0369 0.9563 0.8180 1.0996 0.8684 0.8961 1.0613 0.8198 1.0157 0.8513 
0.9720 1.1316 1.1088 0.8198 1.1369 1.0095 0.9719 0.8135 0.8432 0.9874 1.0814 1.1598 0.8314 0.9941 1.1473 0.8526 1.1397 0.9194 1.0059 
80
1
4 0 5 12 0 0 10
11
14 0 14 7 20 0 47 0 0 0
24 0 10 12 30 0 25 0 0 1
27 1 2 9 20 0 20 1 0 0
28 0 13 8 30 0 16 0 0 1
29 1 3 9 20 0 16 0 0 0
30 0 11 9 20 0 11 0 0 0
31 1 7 11 20 0 11 0 0 0
32 0 8 9 20 0 7 0 0 0
33 1 10 12 30 0 7 0 0 1
34 0 3 8 30 0 2 0 0 1
35 1 14 10 20 0 2 0 1 0
20 20
36 38 0 0 0 0
2
0 0 3 19
15 0 21 0
1
3 1 12 18 6
0.8543 0.9582 1.0854 0.9954 1.0419 0.8530 1.0235 0.8867 5.4273 0.8920 0.8095 0.9590 0.8203 1.0701 0.8019 1.0653 0.9107 1.1244 0.9427 
0.9000 1.0099 0.9733 0.9694 0.8888 0.9835 5.3290 5.5033 0.8375 5.4936 0.8641 0.9856 1.0363 1.0939 0.8690 0.8049 0.8056 1.1303 0.8929 
0.9224 0.8637 1.0174 1.0513 0.9231 5.3105 5.2620 0.9559 0.8167 63.9985 0.9256 1.1336 0.9517 1.0242 0.7982 0.9248 0.8170 0.8410 0.8062 
0.9945 0.9215 1.0454 1.1217 0.8389 0.8619 1.0111 5.3936 15.9836 59.8060 49.1703 11.4076 0.9119 0.9011 0.9712 1.0261 0.7955 0.9515 1.1249 
0.8463 1.0930 1.1094 0.8869 0.8011 0.8990 7.5594 20.3115 13.7553 0.8512 38.7569 11.2196 11.3174 0.9097 0.9344 0.9534 0.7997 1.1181 0.9963 
1.1359 1.0944 1.0019 0.8058 1.0575 7.5201 1.1312 0.8463 13.8498 0.8355 38.5244 1.0542 1.0456 11.3562 0.9642 0.8381 1.0613 0.7944 1.0199 
1.0670 0.8530 1.1054 0.8458 1.1311 7.7124 7.5616 1.0927 16.7004 0.8112 38.5492 0.8209 11.2413 11.2267 0.9428 0.8689 1.0793 1.0718 0.8059 
1.0527 0.9469 1.0099 1.1241 1.0769 0.9589 10.6371 4.1532 0.8414 38.6819 1.0223 9.1310 19.6386 0.9345 0.7924 0.9668 0.9546 0.9400 0.8128 
0.9478 0.9414 1.0010 0.8200 1.0382 7.4582 10.7920 1.0871 32.1256 35.5735 4.2680 0.7910 19.6771 14.4609 1.0541 0.8318 0.8402 0.8474 0.9493 
0.8605 1.0765 0.9650 0.9824 0.9463 0.7927 10.5744 1.0611 32.1518 1.1206 4.2732 1.0576 19.8484 1.0696 0.9418 0.8294 1.0746 0.8578 0.9156 
1.1217 0.8931 0.8097 0.9977 0.9511 3.0613 10.7468 0.9165 0.7913 35.5924 0.9044 1.1265 19.5168 0.8090 0.9207 0.9418 1.0037 0.8063 0.9486 
0.8510 0.8854 1.0124 0.9295 0.9230 0.8716 6.5227 13.9770 13.8239 42.3857 42.3379 0.8526 19.8457 1.0350 0.9649 1.0556 0.9565 0.9232 0.8467 
1.0033 0.8418 1.1032 0.8199 4.3075 4.1887 0.8294 0.8981 3.9515 1.1097 42.3179 0.8412 1.1315 19.8476 11.2721 1.0165 0.8075 0.9497 0.8335 
0.9408 0.9896 0.8998 0.9608 4.2356 0.8214 1.0232 1.0298 4.0292 0.8123 42.2777 0.8989 31.3245 31.1903 17.6140 0.9515 1.0773 1.1012 0.9149 
0.9630 0.9326 0.8513 0.9746 4.2061 0.8501 1.1071 3.9515 7.2727 0.8420 60.9913 51.8951 0.9231 0.7986 12.7755 0.9306 0.8540 0.9030 1.0812 
1.1060 1.0603 0.9112 4.4338 4.2463 0.9652 4.4754 4.2293 1.1310 64.1361 1.0212 15.1368 17.9064 0.8012 12.6171 4.2817 1.0120 0.8135 1.0985 
0.8053 0.8277 0.9178 0.8425 0.8425 4.2238 4.2524 1.0310 0.8799 64.1346 0.9570 1.0037 17.7830 12.5176 0.9428 0.8124 0.9100 0.9671 1.0371 
1.0957 1.1364 1.0645 1.0049 0.9798 0.8202 1.1347 0.8482 0.9061 14.5662 14.2872 14.2639 0.9992 0.9774 0.9008 1.0123 0.8578 0.8331 0.8792 
1.0148 0.9787 0.8580 0.9144 0.8090 0.8878 1.0516 0.8341 0.8452 0.8393 0.9177 1.0182 1.0465 0.8662 0.8963 1.0049 1.0266 0.8591 1.0395 
1.0185 0.9566 0.9762 0.9257 1.1146 1.1123 0.8073 1.0979 1.0353 1.0598 0.9747 1.0511 0.9120 0.8380 0.8135 1.0690 0.9911 0.8999 0.8821 
1.1177 0.9132 1.1200 1.1265 0.8198 0.9456 0.8243 0.9017 0.8789 1.1263 0.9129 1.0425 1.0470 0.8924 0.9224 0.9623 1.1025 1.0802 1.0020 
1.0868 0.8077 1.1382 1.0735 1.1085 0.9955 0.8647 0.8204 0.9711 72.0659 0.9428 0.8399 0.9712 0.8648 1.0141 1.1331 0.8392 1.0030 0.8404 
1.0781 0.8773 0.8590 1.0472 0.8039 1.0565 0.9473 3.7933 42.9297 72.0874 40.1078 7.8253 0.8566 0.9955 1.0501 1.0615 1.1348 0.8023 0.9431 
1.0212 0.9190 1.1031 0.9759 1.0317 1.0661 10.8993 30.2305 42.9426 0.9335 39.9899 12.6642 1.0559 0.9108 0.8211 0.9295 1.0993 0.9422 0.9079 
0.8101 1.0010 1.0897 0.8104 8.5417 10.8940 1.0066 0.9871 38.1944 1.1187 35.4150 0.9946 0.9519 0.9948 1.0872 0.9983 0.8749 0.9437 1.0971 
0.9413 0.8822 0.8468 5.5382 0.8814 6.0356 3.2688 0.9868 38.2049 1.0471 57.1606 1.1240 3.1371 0.9240 0.8930 0.9519 1.0364 0.8011 0.9938 
1.0314 0.8355 5.6345 5.7427 1.0133 1.1061 11.2039 11.2272 1.0989 40.7131 0.8682 46.4492 46.4975 1.0566 0.9853 1.1281 0.8926 1.1044 0.9456 
1.1201 1.1375 1.0225 5.6421 0.9240 8.9655 8.9731 1.0400 10.7595 19.0607 14.1703 0.8953 46.3468 3.0842 1.0225 0.9983 1.0946 1.1320 0.8962 
0.8749 1.0816 1.1123 5.6851 0.8912 1.0664 3.9799 0.9625 10.6477 0.7988 9.1078 0.8715 46.5059 0.9891 0.8149 0.9673 0.9539 0.8456 0.8233 
1.0405 1.0625 0.9786 5.7564 5.4987 5.4752 8.5851 1.0787 0.8499 18.9454 0.8333 1.0549 46.6561 5.9730 0.9709 0.8835 0.8427 0.8252 1.0862 
0.8981 1.0383 0.9051 0.8879 0.8165 0.8566 13.1796 8.7455 16.9413 27.1579 59.8307 46.5824 3.8459 1.0256 1.0814 0.9108 0.8243 0.9744 1.0943 
0.8075 0.8366 0.9660 0.8437 0.8129 10.2505 1.0047 1.0868 16.9699 1.1159 51.5596 1.0752 1.1240 0.8512 1.1031 0.8418 0.8165 1.0986 1.0569 
1.0984 0.8738 0.8180 1.0344 0.8800 10.3330 10.2908 0.8587 21.7259 0.8439 51.2374 0.9324 1.0026 1.0833 0.9176 0.8643 0.9321 0.8938 0.8073 
0.9453 1.0427 0.9287 1.0120 1.0142 1.0974 0.9370 10.2212 21.5960 0.7913 51.5403 8.7072 1.0275 0.7950 0.9810 1.0704 1.0667 1.0798 1.0676 
1.1371 1.0346 0.8037 0.9502 1.0489 0.8535 1.1085 0.9916 0.9178 71.8695 1.0416 1.0545 1.0817 0.8513 0.8453 1.0703 1.1119 0.8779 1.1122 
1.0864 1.0070 0.8673 0.9809 0.9957 0.9932 1.0287 0.8712 0.9195 71.9345 1.1179 1.0709 0.9778 0.8477 0.8568 1.1268 1.0450 0.8608 1.1173 
1.1391 0.9165 0.8689 1.1141 1.0119 0.9892 0.8543 0.9134 0.9167 3.9188 0.9306 0.7965 1.0696 0.8453 0.8722 1.0325 0.7982 0.9882 0.8288 
0.9458 1.1007 1.0785 0.7982 1.1058 0.9822 0.9457 0.7921 0.8209 0.9608 1.0520 1.1280 0.8095 0.9673 1.1159 0.8300 1.1085 0.8948 0.9787 
81
1
4 0 5 12 0 0 10
10
14 0 14 8 20 0 48 0 0 0
24 0 11 12 30 0 26 0 0 1
28 0 14 7 30 0 17 0 0 1
29 1 2 9 20 0 17 1 0 0
30 0 11 10 20 0 12 0 0 0
31 1 6 10 20 0 12 0 0 0
32 0 8 8 20 0 8 0 0 0
33 1 10 13 30 0 8 0 0 1
34 0 4 8 30 0 3 0 0 1
35 1 15 9 20 0 3 0 1 0
20 30
35 38 0 0 0 0
2
0 0 2 18
14 0 20 0
1
3 1 12 18 5
0.8317 0.9325 1.0558 0.9685 1.0136 0.8304 0.9958 0.8631 5.2675 0.8682 0.7882 0.9332 0.7987 1.0410 0.7808 1.0363 0.8864 1.0937 0.9174 
0.8760 0.9826 0.9471 0.9433 0.8651 0.9570 5.1721 5.3412 0.8154 5.3318 0.8412 0.9590 1.0082 1.0641 0.8459 0.7838 0.7844 1.0994 0.8691 
0.8977 0.8408 0.9899 1.0228 0.8984 5.1542 5.1071 0.9302 0.7952 62.0815 0.9008 1.1026 0.9261 0.9965 0.7773 0.9001 0.7955 0.8188 0.7850 
0.9677 0.8969 1.0170 1.0910 0.8167 0.8390 0.9838 5.2348 15.5071 58.0148 47.6982 11.0684 0.8875 0.8771 0.9451 0.9983 0.7746 0.9260 1.0942 
0.8239 1.0632 1.0791 0.8633 0.7801 0.8750 7.3356 19.7052 13.3456 0.8287 37.5972 10.8860 10.9809 0.8854 0.9094 0.9278 0.7787 1.0876 0.9694 
1.1048 1.0646 0.9748 0.7846 1.0288 7.2975 1.1003 0.8239 13.4373 0.8134 37.3717 1.0256 1.0172 11.0185 0.9383 0.8160 1.0325 0.7736 0.9923 
1.0380 0.8304 1.0752 0.8234 1.1002 7.4840 7.3378 1.0629 16.2024 0.7899 37.3957 0.7993 10.9071 10.8929 0.9175 0.8458 1.0499 1.0426 0.7847 
1.0241 0.9215 0.9826 1.0934 1.0476 0.9331 10.3210 4.0316 0.8192 37.5244 0.9946 8.8601 19.0524 0.9095 0.7716 0.9408 0.9290 0.9148 0.7914 
0.9224 0.9162 0.9740 0.7984 1.0101 7.2375 10.4712 1.0575 31.1648 34.5093 4.1430 0.7703 19.0898 14.0301 1.0255 0.8098 0.8180 0.8250 0.9238 
0.8377 1.0472 0.9391 0.9559 0.9209 0.7719 10.2602 1.0323 31.1902 1.0900 4.1480 1.0289 19.2559 1.0405 0.9165 0.8075 1.0454 0.8351 0.8911 
1.0910 0.8693 0.7884 0.9708 0.9256 2.9725 10.4274 0.8920 0.7706 34.5276 0.8803 1.0957 18.9343 0.7877 0.8961 0.9165 0.9766 0.7851 0.9231 
0.8285 0.8618 0.9850 0.9046 0.8983 0.8485 6.3300 13.5607 13.4122 41.1171 41.0708 0.8300 19.2533 1.0070 0.9390 1.0269 0.9308 0.8985 0.8243 
0.9762 0.8195 1.0731 0.7983 4.1813 4.0660 0.8075 0.8742 3.8360 1.0794 41.0514 0.8190 1.1006 19.2552 10.9369 0.9890 0.7863 0.9242 0.8115 
0.9156 0.9629 0.8758 0.9350 4.1115 0.7998 0.9955 1.0019 3.9113 0.7909 41.0124 0.8749 30.3878 30.2576 17.0886 0.9260 1.0480 1.0712 0.8905 
0.9371 0.9076 0.8288 0.9484 4.0829 0.8276 1.0769 3.8360 7.0575 0.8197 59.1646 50.3412 0.8984 0.7776 12.3952 0.9057 0.8314 0.8789 1.0518 
1.0758 1.0315 0.8869 4.3038 4.1219 0.9392 4.3441 4.1054 1.1001 62.2150 0.9936 14.6857 17.3722 0.7802 12.2416 4.1562 0.9846 0.7921 1.0685 
0.7841 0.8059 0.8933 0.8202 0.8202 4.1001 4.1278 1.0031 0.8565 62.2136 0.9313 0.9766 17.2525 12.1451 0.9175 0.7910 0.8857 0.9411 1.0090 
1.0658 1.1053 1.0356 0.9778 0.9534 0.7986 1.1037 0.8258 0.8819 14.1322 13.8616 13.8390 0.9722 0.9511 0.8768 0.9849 0.8351 0.8111 0.8558 
0.9874 0.9523 0.8353 0.8900 0.7877 0.8642 1.0231 0.8121 0.8228 0.8171 0.8932 0.9907 1.0181 0.8432 0.8724 0.9778 0.9988 0.8363 1.0113 
0.9909 0.9309 0.9499 0.9009 1.0842 1.0819 0.7861 1.0680 1.0072 1.0310 0.9485 1.0226 0.8876 0.8159 0.7921 1.0399 0.9644 0.8759 0.8586 
1.0872 0.8888 1.0894 1.0957 0.7982 0.9202 0.8026 0.8776 0.8555 1.0955 0.8885 1.0142 1.0186 0.8686 0.8977 0.9364 1.0724 1.0508 0.9749 
1.0572 0.7865 1.1071 1.0443 1.0782 0.9686 0.8418 0.7988 0.9450 79.9069 0.9175 0.8177 0.9451 0.8419 0.9867 1.1021 0.8170 0.9759 0.8182 
1.0488 0.8540 0.8362 1.0188 0.7828 1.0278 0.9219 3.6825 41.6448 79.9278 48.9076 7.5935 0.8339 0.9686 1.0216 1.0327 1.1038 0.7812 0.9178 
0.9936 0.8944 1.0730 0.9496 1.0037 1.0371 10.5753 29.3266 41.6573 0.9085 48.7932 12.2873 1.0272 0.8865 0.7995 0.9046 1.0693 0.9169 0.8837 
0.7888 0.9740 1.0600 0.7891 8.2884 10.5702 0.9794 0.9605 37.0516 1.0881 44.3556 0.9678 0.9263 0.9680 1.0576 0.9714 0.8517 0.9184 1.0672 
0.9161 0.8587 0.8244 5.3751 0.8580 5.8575 3.1737 0.9602 37.0618 1.0187 65.4488 1.0933 3.0460 0.8993 0.8692 0.9263 1.0083 0.7801 0.9670 
1.0035 0.8134 5.4685 5.5734 0.9859 1.0759 10.8708 10.8934 1.0689 49.4947 0.8452 45.0587 45.1056 1.0279 0.9587 1.0973 0.8688 1.0743 0.9202 
1.0895 1.1064 0.9948 5.4758 0.8993 8.6995 8.7069 1.0118 20.4397 28.4919 13.7482 0.8714 44.9594 2.9947 0.9948 0.9714 1.0648 1.1010 0.8723 
0.8517 1.0522 1.0819 5.5175 0.8675 1.0374 3.8635 0.9366 20.3313 0.7778 8.8376 0.8484 45.1137 0.9624 0.7935 0.9413 0.9283 0.8232 0.8016 
1.0123 1.0336 0.9522 5.5867 5.3367 5.3139 8.3305 1.0493 0.8274 28.3800 0.8113 1.0263 45.2594 5.7968 0.9448 0.8600 0.8204 0.8034 1.0566 
0.8742 1.0102 0.8809 0.8643 0.7950 0.8339 12.7872 8.4861 16.4361 36.3462 68.0388 45.1879 3.7335 0.9978 1.0520 0.8865 0.8026 0.9482 1.0645 
0.7863 0.8145 0.9400 0.8214 0.7915 9.9460 0.9776 1.0572 16.4638 1.0854 60.0158 1.0459 1.0933 0.8287 1.0730 0.8195 0.7950 1.0686 1.0282 
1.0684 0.8506 0.7965 1.0064 0.8566 10.0260 9.9851 0.8359 21.0771 0.8216 59.7033 0.9074 0.9755 1.0538 0.8931 0.8414 0.9071 0.8700 0.7861 
0.9199 1.0144 0.9038 0.9846 0.9868 1.0675 0.9119 9.9176 20.9511 0.7706 59.9971 8.4490 0.9997 0.7742 0.9546 1.0413 1.0377 1.0504 1.0386 
1.1060 1.0066 0.7826 0.9247 1.0204 0.8309 1.0782 0.9649 0.8933 79.7164 1.0134 1.0259 1.0522 0.8288 0.8229 1.0412 1.0815 0.8546 1.0818 
1.0568 0.9798 0.8443 0.9545 0.9688 0.9664 1.0008 0.8481 0.8949 79.7795 1.0874 1.0418 0.9515 0.8253 0.8341 1.0960 1.0167 0.8380 1.0868 
1.1079 0.8920 0.8458 1.0837 0.9845 0.9625 0.8317 0.8890 0.8922 3.8042 0.9057 0.7756 1.0405 0.8229 0.8490 1.0045 0.7773 0.9616 0.8069 
0.9204 1.0707 1.0491 0.7773 1.0756 0.9557 0.9203 0.7713 0.7993 0.9350 1.0234 1.0972 0.7882 0.9413 1.0854 0.8081 1.0782 0.8710 0.9523 
82
1
4 0 5 12 0 0 10
11
14 0 15 9 20 0 49 0 0 0
24 0 12 13 30 0 27 0 0 1
28 0 14 8 30 0 18 0 0 1
30 0 12 10 20 0 13 0 0 0
31 1 5 10 20 0 13 0 0 0
32 0 9 8 20 0 9 0 0 0
33 1 9 12 30 0 9 0 0 1
34 0 4 7 30 0 4 0 0 1
35 1 16 9 20 0 4 0 1 0
36 0 2 9 20 0 0 0 0 0
37 1 16 9 20 0 0 0 2 0
23 33
35 38 0 0 0 0
2
0 0 1 17
13 0 19 0
1
3 1 12 18 4
0.8097 0.9075 1.0271 0.9424 0.9862 0.8085 0.9689 0.8402 5.1125 0.8452 0.7676 0.9082 0.7777 1.0128 0.7604 1.0082 0.8628 1.0639 0.8929 
0.8527 0.9561 0.9217 0.9180 0.8421 0.9313 5.0199 5.1840 0.7939 5.1748 0.8190 0.9332 0.9810 1.0352 0.8235 0.7633 0.7639 1.0694 0.8460 
0.8738 0.8186 0.9632 0.9951 0.8744 5.0026 4.9569 0.9053 0.7743 60.2221 0.8768 1.0725 0.9013 0.9696 0.7570 0.8761 0.7746 0.7972 0.7645 
0.9417 0.8730 0.9895 1.0613 0.7952 0.8168 0.9573 5.0808 15.0449 56.2774 46.2703 10.7393 0.8639 0.8538 0.9197 0.9714 0.7544 0.9012 1.0644 
0.8022 1.0343 1.0497 0.8404 0.7597 0.8518 7.1185 19.1170 12.9482 0.8068 36.4723 10.5624 10.6545 0.8618 0.8851 0.9030 0.7583 1.0580 0.9433 
1.0747 1.0357 0.9486 0.7641 1.0009 7.0816 1.0703 0.8022 13.0372 0.7920 36.2535 0.9978 0.9897 10.6909 0.9132 0.7945 1.0045 0.7534 0.9655 
1.0099 0.8085 1.0459 0.8017 1.0702 7.2625 7.1207 1.0340 15.7193 0.7692 36.2768 0.7783 10.5829 10.5691 0.8930 0.8234 1.0214 1.0143 0.7642 
0.9964 0.8969 0.9561 1.0636 1.0192 0.9081 10.0144 3.9137 0.7976 36.4017 0.9678 8.5973 18.4838 0.8852 0.7515 0.9156 0.9041 0.8904 0.7707 
0.8977 0.8917 0.9478 0.7774 0.9828 7.0234 10.1601 1.0288 30.2329 33.4770 4.0217 0.7502 18.5201 13.6122 0.9977 0.7885 0.7965 0.8033 0.8991 
0.8156 1.0188 0.9139 0.9302 0.8963 0.7517 9.9554 1.0043 30.2575 1.0603 4.0266 1.0010 18.6812 1.0123 0.8920 0.7863 1.0170 0.8130 0.8674 
1.0613 0.8462 0.7677 0.9447 0.9008 2.8863 10.1176 0.8682 0.7505 33.4948 0.8569 1.0658 18.3693 0.7671 0.8722 0.8920 0.9503 0.7645 0.8984 
0.8066 0.8389 0.9585 0.8805 0.8744 0.8260 6.1431 13.1569 13.0128 39.8866 39.8417 0.8081 18.6787 0.9798 0.9138 0.9991 0.9059 0.8745 0.8026 
0.9499 0.7979 1.0439 0.7774 4.0589 3.9470 0.7863 0.8510 3.7239 1.0500 39.8229 0.7974 1.0706 18.6805 10.6118 0.9623 0.7657 0.8995 0.7902 
0.8911 0.9370 0.8525 0.9100 3.9912 0.7788 0.9686 0.9748 3.7970 0.7702 39.7850 0.8517 29.4792 29.3529 16.5789 0.9012 1.0196 1.0421 0.8668 
0.9120 0.8834 0.8069 0.9229 3.9634 0.8058 1.0476 3.7239 6.8488 0.7981 57.3927 48.8340 0.8744 0.7573 12.0263 0.8815 0.8095 0.8555 1.0232 
1.0465 1.0036 0.8633 4.1777 4.0012 0.9140 4.2168 3.9852 1.0701 60.3516 0.9668 14.2481 16.8540 0.7598 11.8774 4.0345 0.9581 0.7713 1.0394 
0.7636 0.7847 0.8695 0.7986 0.7986 3.9801 4.0070 0.9760 0.8338 60.3502 0.9064 0.9503 16.7379 11.7837 0.8930 0.7703 0.8621 0.9159 0.9817 
1.0368 1.0751 1.0075 0.9515 0.9278 0.7776 1.0736 0.8040 0.8584 13.7112 13.4488 13.4268 0.9460 0.9256 0.8535 0.9584 0.8130 0.7898 0.8331 
0.9608 0.9267 0.8132 0.8663 0.7671 0.8413 0.9954 0.7907 0.8011 0.7956 0.8694 0.9640 0.9906 0.8209 0.8492 0.9515 0.9718 0.8142 0.9840 
0.9642 0.9060 0.9244 0.8769 1.0547 1.0524 0.7655 1.0390 0.9800 1.0031 0.9230 0.9949 0.8640 0.7944 0.7713 1.0117 0.9385 0.8526 0.8358 
1.0576 0.8651 1.0597 1.0658 0.7773 0.8956 0.7815 0.8543 0.8328 1.0656 0.8648 0.9868 0.9910 0.8455 0.8738 0.9113 1.0432 1.0223 0.9487 
1.0285 0.7659 1.0769 1.0160 1.0489 0.9425 0.8195 0.7778 0.9197 77.5127 0.8930 0.7962 0.9197 0.8196 0.9601 1.0720 0.7955 0.9496 0.7967 
1.0203 0.8314 0.8141 0.9912 0.7623 1.0000 0.8972 3.5750 40.3985 77.5330 47.4434 7.3687 0.8119 0.9425 0.9940 1.0047 1.0737 0.7608 0.8933 
0.9668 0.8706 1.0438 0.9241 0.9766 1.0090 10.2610 28.4498 40.4106 0.8842 47.3324 11.9217 0.9994 0.8629 0.7785 0.8805 1.0402 0.8924 0.8602 
0.7681 0.9478 1.0312 0.7684 8.0427 10.2561 0.9530 0.9347 35.9431 1.0585 43.0279 0.9418 0.9015 0.9420 1.0289 0.9453 0.8291 0.8938 1.0382 
0.8916 0.8359 0.8027 5.2168 0.8353 5.6848 3.0815 0.9344 35.9529 0.9911 63.4883 1.0635 2.9576 0.8753 0.8461 0.9015 0.9811 0.7597 0.9410 
0.9764 0.7920 5.3074 5.4092 0.9593 1.0466 10.5477 10.5696 1.0398 48.0129 0.8228 43.7099 43.7554 1.0001 0.9329 1.0674 0.8457 1.0451 0.8956 
1.0598 1.0762 0.9680 5.3145 0.8753 8.4415 8.4487 0.9844 19.8295 27.6401 13.3388 0.8483 43.6136 2.9079 0.9680 0.9453 1.0359 1.0710 0.8491 
0.8291 1.0236 1.0524 5.3550 0.8445 1.0093 3.7506 0.9115 19.7244 0.7575 8.5755 0.8259 43.7633 0.9365 0.7727 0.9161 0.9035 0.8015 0.7806 
0.9849 1.0056 0.9266 5.4221 5.1796 5.1575 8.0836 1.0208 0.8056 27.5316 0.7900 0.9985 43.9046 5.6259 0.9195 0.8372 0.7988 0.7823 1.0279 
0.8510 0.9829 0.8575 0.8414 0.7742 0.8119 12.4066 8.2345 15.9460 35.2588 66.0006 43.8353 3.6245 0.9709 1.0234 0.8629 0.7815 0.9228 1.0356 
0.7657 0.7931 0.9148 0.7998 0.7708 9.6506 0.9513 1.0285 15.9729 1.0558 58.2183 1.0175 1.0635 0.8068 1.0438 0.7979 0.7742 1.0395 1.0004 
1.0393 0.8281 0.7756 0.9792 0.8339 9.7282 9.6885 0.8138 20.4478 0.8000 57.9152 0.8832 0.9492 1.0252 0.8693 0.8192 0.8829 0.8469 0.7655 
0.8953 0.9870 0.8797 0.9581 0.9602 1.0385 0.8875 9.6231 20.3256 0.7505 58.2002 8.1985 0.9727 0.7540 0.9290 1.0131 1.0096 1.0219 1.0104 
1.0758 0.9794 0.7621 0.9000 0.9928 0.8090 1.0489 0.9390 0.8695 77.3279 0.9860 0.9981 1.0236 0.8069 0.8012 1.0130 1.0521 0.8320 1.0523 
1.0281 0.9534 0.8220 0.9289 0.9427 0.9404 0.9738 0.8257 0.8711 77.3891 1.0578 1.0135 0.9260 0.8035 0.8121 1.0661 0.9892 0.8159 1.0572 
1.0777 0.8682 0.8234 1.0542 0.9580 0.9366 0.8097 0.8653 0.8684 3.6931 0.8815 0.7553 1.0123 0.8012 0.8265 0.9774 0.7570 0.9358 0.7857 
0.8958 1.0416 1.0206 0.7570 1.0463 0.9300 0.8957 0.7512 0.7783 0.9100 0.9957 1.0673 0.7676 0.9161 1.0558 0.7869 1.0489 0.8479 0.9267 
83
0
11
14 0 16 9 20 0 50 1 0 0
24 0 13 13 30 0 28 0 0 1
28 0 15 9 30 0 19 0 0 1
30 0 13 10 20 0 14 0 0 0
31 1 4 10 20 0 14 0 0 0
32 0 10 9 20 0 10 0 0 0
33 1 10 12 30 0 10 0 0 1
34 0 4 6 30 0 5 0 0 1
35 1 17 9 20 0 5 0 0 0
36 0 3 9 20 0 1 0 0 0
37 1 15 9 20 0 1 0 2 0
46 33
35 37 0 0 0 0
2
0 0 0 16
12 0 18 0
1
3 1 12 18 3
0.7884 0.8833 0.9993 0.9171 0.9596 0.7872 0.9428 0.8180 4.9621 0.8228 10.7476 0.8840 0.7574 0.9854 0.7406 0.9810 0.8399 1.0350 0.8691 
0.8301 0.9304 0.8970 0.8935 0.8198 0.9064 4.8723 5.0315 0.7731 15.0226 0.7974 0.9082 0.9546 1.0071 0.8018 0.7434 0.7440 1.0403 0.8236 
0.8506 0.7970 0.9373 0.9682 0.8512 4.8555 4.8112 0.8811 0.7541 68.4184 0.8535 1.0433 0.8773 0.9435 0.7373 0.8528 0.7544 0.7763 0.7446 
0.9164 0.8498 0.9628 1.0325 0.7743 0.7953 0.9316 4.9314 24.5966 64.5921 44.8852 10.4201 0.8410 0.8312 0.8951 0.9453 0.7348 0.8772 1.0355 
10.7811 11.0063 1.0212 0.8182 0.7399 0.8292 16.9079 28.5465 22.5628 0.7856 35.3811 10.2485 10.3379 0.8389 0.8615 0.8789 0.7386 1.0293 0.9180 
11.0455 11.0076 10.9231 0.7442 10.9739 16.8722 1.0412 0.7811 12.6491 0.7712 35.1689 0.9709 0.9630 10.3732 0.8888 0.7737 0.9774 0.7338 0.9395 
10.9826 0.7872 1.0175 10.7806 1.0411 7.0476 6.9101 1.0060 15.2507 0.7491 35.1915 0.7580 10.2684 10.2550 0.8692 0.8017 0.9938 0.9869 0.7443 
10.9695 0.8730 10.9304 11.0347 0.9916 0.8839 9.7170 3.7993 0.7767 35.3126 0.9418 8.3424 17.9323 0.8616 0.7320 0.8911 0.8800 0.8667 0.7506 
10.8738 10.8679 0.9224 10.7571 0.9563 6.8157 9.8583 1.0009 29.3289 32.4757 3.9040 0.7307 17.9675 13.2068 0.9708 0.7678 0.7756 0.7822 0.8751 
0.7941 0.9912 0.8895 10.9053 0.8724 0.7321 9.6597 0.9772 29.3528 1.0315 3.9088 0.9740 18.1238 0.9849 0.8682 0.7657 0.9895 0.7916 0.8444 
1.0325 0.8238 0.7477 10.9194 0.8768 2.8027 9.8171 0.8452 0.7310 32.4930 0.8342 1.0368 17.8212 0.7471 0.8490 0.8682 0.9248 0.7446 0.8744 
0.7854 0.8167 0.9327 10.8571 0.8512 0.8042 5.9618 12.7652 12.6254 38.6930 38.6494 0.7869 18.1213 0.9534 0.8894 0.9721 0.8817 0.8513 0.7815 
0.9244 0.7770 1.0156 10.7571 13.9401 3.8316 0.7657 0.8285 3.6152 1.0215 38.6312 0.7765 1.0415 18.1231 10.2964 0.9364 0.7457 0.8755 0.7695 
0.8674 0.9119 0.8299 0.8857 3.8745 10.7584 10.9425 0.9486 3.6861 0.7501 38.5945 0.8291 28.5978 28.4753 16.0845 0.8772 0.9920 1.0138 0.8438 
0.8876 0.8599 0.7857 0.8982 3.8475 0.7846 1.0192 13.6152 16.6463 0.7772 55.6739 47.3720 0.8512 0.7376 11.6685 0.8581 0.7882 0.8328 0.9955 
1.0181 0.9765 0.8404 4.0554 3.8842 0.8896 4.0933 3.8686 1.0410 68.5441 0.9408 13.8237 16.3514 0.7400 11.5241 3.9165 0.9324 0.7512 1.0112 
0.7437 0.7642 0.8464 0.7776 0.7776 3.8637 3.8898 0.9497 0.8118 68.5427 0.8822 0.9248 16.2388 11.4332 0.8692 0.7502 0.8392 0.8914 0.9552 
1.0087 1.0458 0.9803 0.9260 0.9030 0.7573 1.0444 0.7829 0.8356 13.3029 13.0483 13.0270 0.9206 0.9008 0.8309 0.9326 0.7916 0.7691 0.8111 
0.9350 0.9019 0.7918 0.8433 0.7471 0.8191 0.9685 0.7700 0.7801 0.7747 0.8463 0.9381 0.9639 0.7993 0.8267 0.9260 0.9456 0.7928 0.9575 
0.9383 0.8818 0.8997 0.8536 1.0261 1.0238 0.7455 1.0108 0.9536 0.9760 0.8983 0.9681 0.8411 0.7736 0.7512 0.9843 0.9133 0.8300 0.8137 
1.0289 0.8421 1.0309 1.0368 0.7570 0.8717 0.7611 0.8317 0.8108 1.0366 0.8419 0.9602 0.9643 0.8231 0.8506 0.8870 1.0149 0.9946 0.9232 
1.0006 0.7459 1.0476 0.9885 1.0204 0.9172 0.7979 0.7575 0.8951 75.1903 0.8692 0.7753 0.8951 0.7980 0.9343 1.0428 0.7746 0.9241 0.7758 
0.9927 0.8095 0.7927 0.9645 0.7424 0.9730 0.8733 3.4708 39.1895 75.2100 46.0231 7.1506 0.7905 0.9172 0.9672 0.9776 1.0445 0.7410 0.8695 
0.9408 0.8475 1.0155 0.8994 0.9503 0.9817 9.9562 27.5993 39.2013 0.8607 45.9154 11.5670 0.9724 0.8400 0.7581 0.8571 1.0120 0.8686 0.8374 
0.7481 0.9224 1.0033 0.7483 7.8044 9.9514 0.9274 0.9097 34.8678 1.0297 41.7401 0.9165 0.8775 0.9167 1.0010 0.9199 0.8072 0.8700 1.0101 
0.8679 0.8138 0.7816 5.0633 0.8132 5.5173 2.9921 0.9094 34.8773 0.9644 61.5867 1.0346 2.8719 0.8520 0.8237 0.8775 0.9547 0.7399 0.9158 
0.9501 0.7712 5.1512 5.2499 0.9335 1.0182 10.2343 10.2555 1.0116 46.5755 0.8011 42.4016 42.4457 0.9731 0.9079 1.0384 0.8233 1.0167 0.8717 
1.0310 1.0469 0.9420 5.1581 0.8520 8.1913 8.1982 0.9579 19.2376 26.8139 12.9416 0.8259 42.3082 2.8237 0.9420 0.9199 1.0078 1.0419 0.8266 
0.8072 0.9959 1.0238 5.1974 0.8222 0.9820 3.6411 0.8872 19.1357 0.7378 8.3212 0.8041 42.4534 0.9114 0.7525 0.8916 0.8794 0.7805 0.7602 
0.9584 0.9784 0.9018 5.2624 5.0272 5.0058 7.8441 0.9932 0.7844 26.7087 0.7693 0.9715 42.5905 5.4601 0.8949 0.8151 0.7778 0.7618 1.0001 
0.8285 0.9564 0.8348 0.8192 0.7540 0.7905 12.0374 7.9905 15.4706 34.2040 64.0236 42.5232 3.5188 0.9448 0.9957 0.8400 0.7611 0.8981 1.0075 
0.7457 0.7723 0.8904 0.7788 0.7507 9.3641 0.9258 1.0006 15.4967 1.0271 56.4748 0.9900 1.0346 0.7856 1.0155 0.7770 0.7540 1.0113 0.9734 
1.0111 0.8063 0.7553 0.9528 0.8119 9.4394 9.4008 0.7924 19.8374 0.7790 56.1807 0.8597 0.9237 0.9974 0.8462 0.7976 0.8594 0.8245 0.7455 
0.8714 0.9604 0.8563 0.9324 0.9344 1.0103 0.8639 9.3374 19.7188 0.7310 56.4572 7.9555 0.9465 0.7344 0.9041 0.9857 0.9823 0.9942 0.9831 
1.0465 0.9530 0.7422 0.8760 0.9660 0.7877 1.0204 0.9138 0.8464 75.0111 0.9594 0.9712 0.9959 0.7857 0.7802 0.9856 1.0235 0.8100 1.0237 
1.0003 0.9278 0.8003 0.9040 0.9174 0.9152 0.9476 0.8039 0.8480 75.0704 1.0291 0.9861 0.9012 0.7824 0.7907 1.0371 0.9625 0.7944 1.0285 
1.0484 0.8452 0.8017 1.0256 0.9323 0.9115 0.7884 0.8423 0.8453 3.5853 0.8581 0.7356 0.9849 0.7802 0.8047 0.9511 0.7373 0.9107 0.7651 
0.8719 1.0134 0.9930 0.7373 1.0179 0.9051 0.8718 0.7317 0.7580 0.8857 0.9688 1.0383 0.7476 0.8916 1.0271 0.7663 1.0204 0.8255 0.9019 
84
0
10
24 0 13 12 30 0 29 0 0 1
28 0 14 10 30 0 20 0 0 1
30 0 14 10 20 0 15 0 0 0
31 1 3 10 20 0 15 0 0 0
32 0 11 9 20 0 11 0 0 0
33 1 11 11 30 0 11 0 0 1
34 0 5 5 30 0 6 0 0 1
35 1 17 8 20 0 6 0 0 0
36 0 3 10 20 0 2 0 0 0
37 1 14 10 20 0 2 0 2 0
49 36
35 37 0 0 0 0
2
0 0 0 15
11 0 17 0
1
3 1 12 18 2
0.7677 0.8598 0.9723 0.8926 0.9338 0.7666 0.9175 0.7965 4.8162 0.8011 10.4282 0.8605 0.7377 0.9588 0.7214 0.9546 0.8177 1.0070 0.8460 
0.8082 0.9055 0.8731 0.8697 0.7982 0.8822 4.7291 4.8836 0.7529 14.5749 0.7765 0.8840 0.9290 0.9799 0.7807 0.7241 0.7247 1.0121 0.8019 
0.8281 0.7761 0.9122 0.9422 0.8287 4.7128 4.6699 0.8577 0.7345 66.3688 0.8309 1.0150 0.8540 0.9182 0.7182 0.8302 0.7348 0.7560 0.7253 
0.8919 0.8273 0.9369 1.0045 0.7541 0.7744 0.9067 4.7865 23.8617 62.6573 43.5416 10.1105 0.8188 0.8093 0.8712 0.9199 0.7158 0.8539 1.0074 
10.4607 10.6791 0.9936 0.7967 0.7207 0.8073 16.4037 27.6931 21.8889 0.7650 34.3227 9.9440 10.0308 0.8167 0.8387 0.8555 0.7194 1.0014 0.8935 
10.7171 10.6804 10.5984 0.7249 10.6477 16.3690 1.0130 0.7607 12.2726 0.7511 34.1168 0.9448 0.9371 10.0650 0.8651 0.7535 0.9511 0.7148 0.9143 
10.6561 0.7666 0.9900 10.4602 1.0129 6.8392 6.7058 0.9788 14.7962 0.7296 34.1388 0.7383 9.9633 9.9504 0.8461 0.7806 0.9670 0.9603 0.7250 
10.6434 0.8498 10.6055 10.7067 0.9649 0.8604 9.4285 3.6883 0.7564 34.2562 0.9165 8.0951 17.3973 0.8388 0.7130 0.8674 0.8566 0.8437 0.7311 
10.5506 10.5449 0.8977 10.4374 0.9306 6.6142 9.5656 0.9739 28.4520 31.5044 3.7899 0.7118 17.4315 12.8136 0.9447 0.7478 0.7553 0.7617 0.8518 
0.7733 0.9645 0.8658 10.5811 0.8492 0.7131 9.3729 0.9509 28.4752 1.0036 3.7945 0.9478 17.5831 0.9584 0.8452 0.7457 0.9628 0.7709 0.8221 
1.0045 0.8021 0.7283 10.5948 0.8535 2.7216 9.5256 0.8228 0.7121 31.5212 0.8122 1.0087 17.2896 0.7277 0.8265 0.8452 0.9001 0.7253 0.8512 
0.7648 0.7952 0.9077 10.5344 0.8287 0.7831 5.7859 12.3852 12.2496 37.5352 37.4929 0.7663 17.5807 0.9278 0.8657 0.9459 0.8582 0.8288 0.7611 
0.8997 0.7567 0.9881 10.4374 13.5249 3.7197 0.7457 0.8066 3.5097 0.9939 37.4753 0.7562 1.0133 17.5824 9.9905 0.9113 0.7263 0.8522 0.7494 
0.8444 0.8875 0.8080 0.8621 3.7613 10.4386 10.6172 0.9231 3.5785 0.7306 37.4397 0.8072 27.7429 27.6240 15.6050 0.8539 0.9652 0.9864 0.8215 
0.8640 0.8371 0.7651 0.8743 3.7351 0.7641 0.9916 13.2097 16.1499 0.7569 54.0067 45.9538 0.8287 0.7185 11.3214 0.8354 0.7676 0.8108 0.9686 
0.9906 0.9502 0.8182 3.9367 3.7707 0.8659 3.9735 3.7555 1.0128 66.4908 0.9156 13.4120 15.8639 0.7208 11.1814 3.8020 0.9074 0.7317 0.9839 
0.7244 0.7443 0.8240 0.7573 0.7573 3.7508 3.7761 0.9242 0.7904 66.4894 0.8587 0.9001 15.7546 11.0932 0.8461 0.7307 0.8170 0.8677 0.9295 
0.9814 1.0174 0.9539 0.9012 0.8789 0.7376 1.0161 0.7624 0.8135 12.9068 12.6599 12.6392 0.8960 0.8768 0.8090 0.9076 0.7709 0.7490 0.7898 
0.9100 0.8778 0.7710 0.8210 0.7277 0.7975 0.9424 0.7499 0.7597 0.7545 0.8239 0.9130 0.9380 0.7783 0.8049 0.9012 0.9202 0.7720 0.9318 
0.9132 0.8583 0.8757 0.8310 0.9983 0.9961 0.7261 0.9835 0.9280 0.9497 0.8744 0.9421 0.8189 0.7534 0.7317 0.9578 0.8889 0.8081 0.7923 
1.0010 0.8198 1.0030 1.0087 0.7373 0.8485 0.7413 0.8097 0.7895 1.0085 0.8196 0.9344 0.9384 0.8014 0.8281 0.8634 0.9875 0.9678 0.8985 
0.9736 0.7265 1.0192 0.9618 0.9928 0.8927 0.7770 0.7378 0.8712 72.9376 0.8461 0.7550 0.8712 0.7771 0.9093 1.0145 0.7544 0.8994 0.7555 
0.9659 0.7882 0.7719 0.9386 0.7231 0.9468 0.8501 3.3697 38.0168 72.9567 44.6454 6.9391 0.7698 0.8927 0.9412 0.9513 1.0162 0.7218 0.8464 
0.9156 0.8251 0.9880 0.8754 0.9248 0.9552 9.6605 26.7743 38.0283 0.8379 44.5409 11.2230 0.9462 0.8178 0.7384 0.8344 0.9846 0.8455 0.8153 
0.7287 0.8977 0.9762 0.7289 7.5733 9.6559 0.9026 0.8854 33.8248 1.0018 40.4909 0.8920 0.8542 0.8922 0.9740 0.8953 0.7860 0.8469 0.9828 
0.8449 0.7924 0.7612 4.9144 0.7918 5.3548 2.9053 0.8851 33.8340 0.9385 59.7421 1.0066 2.7887 0.8294 0.8020 0.8542 0.9291 0.7207 0.8913 
0.9246 0.7511 4.9997 5.0954 0.9085 0.9907 9.9303 9.9508 0.9843 45.1812 0.7801 41.1326 41.1753 0.9469 0.8837 1.0102 0.8016 0.9892 0.8485 
1.0031 1.0185 0.9167 5.0064 0.8294 7.9486 7.9553 0.9322 18.6635 26.0125 12.5564 0.8041 41.0420 2.7420 0.9167 0.8953 0.9806 1.0136 0.8048 
0.7860 0.9690 0.9961 5.0445 0.8005 0.9555 3.5349 0.8636 18.5646 0.7187 8.0746 0.7830 41.1828 0.8871 0.7329 0.8679 0.8560 0.7601 0.7404 
0.9326 0.9520 0.8777 5.1075 4.8794 4.8586 7.6118 0.9664 0.7639 25.9104 0.7492 0.9454 41.3158 5.2993 0.8711 0.7936 0.7575 0.7419 0.9731 
0.8066 0.9307 0.8128 0.7976 0.7344 0.7698 11.6793 7.7538 15.0095 33.1809 62.1059 41.2505 3.4162 0.9195 0.9688 0.8178 0.7413 0.8742 0.9803 
0.7263 0.7521 0.8667 0.7584 0.7312 9.0862 0.9010 0.9736 15.0348 0.9993 54.7836 0.9633 1.0066 0.7650 0.9880 0.7567 0.7344 0.9840 0.9472 
0.9838 0.7851 0.7356 0.9272 0.7905 9.1592 9.1218 0.7716 19.2453 0.7586 54.4983 0.8369 0.8990 0.9705 0.8238 0.7767 0.8366 0.8028 0.7261 
0.8483 0.9346 0.8336 0.9074 0.9094 0.9830 0.8410 9.0603 19.1302 0.7121 54.7665 7.7198 0.9211 0.7154 0.8800 0.9591 0.9558 0.9674 0.9566 
1.0181 0.9274 0.7229 0.8527 0.9400 0.7671 0.9928 0.8894 0.8240 72.7638 0.9336 0.9451 0.9690 0.7651 0.7598 0.9590 0.9958 0.7887 0.9960 
0.9733 0.9030 0.7793 0.8799 0.8929 0.8907 0.9222 0.7828 0.8256 72.8213 1.0012 0.9595 0.8772 0.7619 0.7700 1.0090 0.9366 0.7736 1.0006 
1.0199 0.8228 0.7806 0.9978 0.9073 0.8872 0.7677 0.8200 0.8229 3.4807 0.8354 0.7165 0.9584 0.7598 0.7836 0.9256 0.7182 0.8864 0.7451 
0.8487 0.9860 0.9662 0.7182 0.9904 0.8809 0.8486 0.7127 0.7383 0.8621 0.9427 1.0102 0.7282 0.8679 0.9993 0.7463 0.9928 0.8037 0.8778 
85
0
10
24 0 14 11 30 0 30 0 0 1
28 0 14 11 30 0 21 0 0 1
30 0 15 9 20 0 16 0 0 0
31 1 3 9 20 0 16 0 0 0
32 0 11 10 20 0 12 0 0 0
33 1 11 10 30 0 12 0 0 1
34 0 6 5 30 0 7 0 0 1
35 1 17 7 20 0 7 0 0 0
36 0 4 10 20 0 3 0 0 0
37 1 14 11 20 0 3 0 2 0
49 36
35 37 0 0 0 0
2
0 0 0 14
10 0 16 0
1
3 1 12 18 1
0.7477 0.8370 0.9461 0.8688 0.9088 0.7466 0.8930 0.7756 4.6747 0.7801 10.1184 0.8377 0.7186 0.9330 0.7028 0.9290 0.7962 0.9798 0.8236 
0.7870 0.8813 0.8499 0.8466 0.7773 0.8587 4.5902 4.7401 0.7333 14.1407 0.7562 0.8605 0.9041 0.9535 0.7603 0.7054 0.7060 0.9847 0.7808 
0.8063 0.7558 0.8878 0.9169 0.8068 4.5744 4.5328 0.8350 0.7155 64.3807 0.8090 0.9876 0.8314 0.8937 0.6997 0.8083 0.7158 0.7363 0.7065 
0.8681 0.8055 0.9118 0.9774 0.7345 0.7542 0.8825 4.6459 23.1488 60.7806 42.2384 9.8102 0.7972 0.7880 0.8481 0.8953 0.6973 0.8313 0.9802 
10.1499 10.3617 0.9668 0.7758 0.7021 0.7861 15.9146 26.8653 21.2352 0.7451 33.2960 9.6487 9.7329 0.7952 0.8165 0.8328 0.7008 0.9744 0.8697 
10.3986 10.3630 10.2834 0.7062 10.3313 15.8809 0.9856 0.7409 11.9074 0.7316 33.0963 0.9195 0.9120 9.7661 0.8421 0.7339 0.9256 0.6964 0.8899 
10.3394 0.7466 0.9633 10.1494 0.9855 6.6370 6.5076 0.9524 14.3553 0.7107 33.1176 0.7192 9.6674 9.6549 0.8237 0.7602 0.9410 0.9345 0.7063 
10.3271 0.8273 10.2903 10.3885 0.9390 0.8376 9.1486 3.5807 0.7367 33.2315 0.8920 7.8552 16.8784 0.8166 0.6946 0.8444 0.8339 0.8214 0.7122 
10.2371 10.2316 0.8738 10.1273 0.9057 6.4188 9.2816 0.9477 27.6014 30.5623 3.6792 0.6934 16.9116 12.4322 0.9194 0.7284 0.7356 0.7418 0.8292 
0.7531 0.9386 0.8428 10.2667 0.8267 0.6947 9.0947 0.9254 27.6239 0.9765 3.6837 0.9224 17.0586 0.9326 0.8228 0.7263 0.9369 0.7508 0.8004 
0.9774 0.7810 0.7095 10.2800 0.8309 2.6430 9.2428 0.8011 0.6937 30.5786 0.7908 0.9814 16.7739 0.7089 0.8047 0.8228 0.8761 0.7065 0.8287 
0.7449 0.7743 0.8835 10.2214 0.8068 0.7626 5.6153 12.0166 11.8851 36.4121 36.3711 0.7463 17.0563 0.9030 0.8427 0.9205 0.8355 0.8069 0.7413 
0.8757 0.7370 0.9615 10.1273 13.1222 3.6111 0.7263 0.7854 3.4074 0.9671 36.3540 0.7365 0.9859 17.0579 9.6938 0.8870 0.7075 0.8296 0.7299 
0.8221 0.8639 0.7868 0.8392 3.6515 10.1284 10.3017 0.8984 3.4741 0.7117 36.3195 0.7860 26.9136 26.7983 15.1399 0.8313 0.9392 0.9598 0.7999 
0.8411 0.8150 0.7451 0.8511 3.6260 0.7442 0.9649 12.8164 15.6684 0.7372 52.3895 44.5782 0.8068 0.6999 10.9848 0.8133 0.7476 0.7895 0.9425 
0.9639 0.9247 0.7967 3.8216 3.6606 0.8429 3.8573 3.6458 0.9854 64.4991 0.8911 13.0126 15.3910 0.7022 10.8490 3.6909 0.8832 0.7127 0.9574 
0.7057 0.7250 0.8023 0.7376 0.7376 3.6413 3.6658 0.8995 0.7697 64.4977 0.8359 0.8761 15.2850 10.7634 0.8237 0.7118 0.7955 0.8447 0.9046 
0.9550 0.9899 0.9283 0.8772 0.8555 0.7185 0.9886 0.7425 0.7921 12.5226 12.2831 12.2630 0.8721 0.8535 0.7877 0.8834 0.7508 0.7295 0.7691 
0.8857 0.8545 0.7509 0.7994 0.7089 0.7766 0.9171 0.7304 0.7399 0.7349 0.8022 0.8886 0.9129 0.7580 0.7838 0.8772 0.8956 0.7518 0.9068 
0.8888 0.8356 0.8524 0.8091 0.9714 0.9692 0.7073 0.9570 0.9032 0.9242 0.8512 0.9168 0.7973 0.7338 0.7127 0.9321 0.8652 0.7869 0.7715 
0.9740 0.7982 0.9759 0.9814 0.7182 0.8260 0.7221 0.7884 0.7688 0.9812 0.7980 0.9094 0.9132 0.7804 0.8063 0.8405 0.9609 0.9418 0.8745 
0.9474 0.7077 0.9916 0.9359 0.9660 0.8689 0.7567 0.7187 0.8481 70.7525 0.8237 0.7354 0.8481 0.7568 0.8850 0.9871 0.7348 0.8754 0.7358 
0.9399 0.7676 0.7517 0.9134 0.7044 0.9214 0.8276 3.2716 36.8793 70.7710 43.3090 6.7339 0.7497 0.8689 0.9160 0.9258 0.9887 0.7031 0.8240 
0.8911 0.8033 0.9614 0.8521 0.9001 0.9295 9.3737 25.9741 36.8905 0.8158 43.2077 10.8893 0.9208 0.7963 0.7192 0.8124 0.9581 0.8231 0.7938 
0.7098 0.8738 0.9499 0.7100 7.3491 9.3692 0.8785 0.8618 32.8131 0.9747 39.2792 0.8682 0.8316 0.8684 0.9478 0.8714 0.7654 0.8245 0.9563 
0.8226 0.7716 0.7414 4.7700 0.7710 5.1972 2.8211 0.8615 32.8220 0.9133 57.9528 0.9794 2.7080 0.8075 0.7809 0.8316 0.9042 0.7021 0.8676 
0.8999 0.7316 4.8527 4.9455 0.8842 0.9640 9.6354 9.6553 0.9578 43.8288 0.7597 39.9016 39.9430 0.9215 0.8602 0.9829 0.7806 0.9625 0.8260 
0.9760 0.9909 0.8922 4.8592 0.8075 7.7131 7.7196 0.9072 18.1066 25.2351 12.1827 0.7830 39.8137 2.6627 0.8922 0.8714 0.9542 0.9862 0.7837 
0.7654 0.9429 0.9692 4.8962 0.7795 0.9298 3.4319 0.8407 18.0107 0.7001 7.8354 0.7625 39.9503 0.8635 0.7139 0.8449 0.8333 0.7403 0.7212 
0.9076 0.9264 0.8544 4.9573 4.7360 4.7158 7.3864 0.9404 0.7440 25.1361 0.7297 0.9200 40.0793 5.1433 0.8480 0.7728 0.7378 0.7226 0.9469 
0.7854 0.9058 0.7914 0.7767 0.7154 0.7497 11.3319 7.5242 14.5622 32.1885 60.2457 40.0160 3.3167 0.8949 0.9427 0.7963 0.7221 0.8510 0.9539 
0.7075 0.7325 0.8437 0.7386 0.7123 8.8166 0.8770 0.9474 14.5868 0.9723 53.1431 0.9374 0.9794 0.7451 0.9614 0.7370 0.7154 0.9575 0.9218 
0.9573 0.7645 0.7165 0.9024 0.7698 8.8874 8.8511 0.7515 18.6709 0.7388 52.8664 0.8148 0.8750 0.9444 0.8021 0.7564 0.8145 0.7817 0.7073 
0.8259 0.9096 0.8116 0.8832 0.8851 0.9565 0.8188 8.7915 18.5593 0.6937 53.1265 7.4912 0.8965 0.6969 0.8566 0.9333 0.9301 0.9414 0.9309 
0.9906 0.9026 0.7042 0.8301 0.9148 0.7471 0.9660 0.8657 0.8023 70.5839 0.9086 0.9197 0.9429 0.7451 0.7400 0.9332 0.9689 0.7680 0.9691 
0.9471 0.8789 0.7589 0.8565 0.8691 0.8670 0.8975 0.7623 0.8038 70.6397 0.9742 0.9337 0.8539 0.7420 0.7499 0.9817 0.9115 0.7534 0.9736 
0.9923 0.8011 0.7602 0.9709 0.8831 0.8636 0.7477 0.7984 0.8012 3.3793 0.8133 0.6980 0.9326 0.7400 0.7631 0.9008 0.6997 0.8628 0.7257 
0.8262 0.9594 0.9402 0.6997 0.9637 0.8575 0.8261 0.6943 0.7192 0.8392 0.9174 0.9829 0.7094 0.8449 0.9723 0.7269 0.9660 0.7826 0.8545 
86
0
10
24 0 14 10 30 0 31 0 0 1
28 0 13 12 30 0 22 0 0 1
30 0 16 9 20 0 17 1 0 0
31 1 2 9 20 0 17 1 0 0
32 0 12 10 20 0 13 0 0 0
33 1 11 9 30 0 13 0 0 1
34 0 6 6 30 0 8 0 0 1
35 1 16 6 20 0 8 0 0 0
36 0 5 10 20 0 4 0 0 0
37 1 14 10 20 0 4 0 2 0
62 49
34 36 0 0 0 0
2
0 0 0 13
9 0 15 0
0
0.7283 0.8149 0.9207 0.8457 0.8845 0.7272 0.8692 0.7553 4.5375 0.7597 9.8178 0.8156 0.7000 0.9080 0.6847 0.9041 0.7753 0.9534 0.8019 
0.7664 0.8579 0.8274 0.8242 0.7570 0.8359 4.4555 4.6009 0.7143 13.7195 0.7365 0.8377 0.8800 0.9279 0.7405 0.6872 0.6878 0.9582 0.7604 
0.7851 0.7361 0.8642 0.8924 0.7856 4.4402 4.3998 0.8130 0.6970 72.4523 0.7877 0.9610 0.8095 0.8699 0.6817 0.7871 0.6973 0.7172 0.6883 
0.8451 0.7843 0.8874 0.9511 0.7155 0.7346 0.8590 4.5095 22.4573 68.9602 50.9742 9.5189 0.7763 0.7674 0.8257 0.8714 0.6794 0.8094 0.9538 
9.8484 10.0538 0.9408 0.7555 0.6840 0.7655 15.4402 26.0623 20.6011 0.7257 42.3001 9.3622 9.4439 0.7743 0.7950 0.8108 0.6828 0.9482 0.8466 
10.0896 10.0551 9.9779 0.6880 10.0244 15.4075 0.9590 0.7217 11.5532 0.7127 42.1064 0.8949 0.8876 9.4761 0.8198 0.7149 0.9008 0.6785 0.8662 
10.0322 0.7272 0.9374 9.8479 0.9589 6.4409 6.3154 0.9268 13.9276 0.6924 42.1271 0.7006 9.3804 9.3683 0.8020 0.7404 0.9158 0.9095 0.6881 
10.0203 0.8055 9.9846 10.0798 0.9138 0.8155 8.8771 3.4763 0.7176 42.2376 0.8682 7.6225 16.3750 0.7951 0.6768 0.8221 0.8119 0.7998 0.6938 
9.9330 9.9277 0.8506 9.8265 0.8815 6.2292 9.0062 0.9223 36.7764 39.6484 3.5718 0.6756 16.4073 12.0622 0.8948 0.7095 0.7165 0.7225 0.8073 
0.7335 0.9134 0.8205 9.9617 0.8049 0.6769 8.8249 0.9006 36.7982 0.9502 3.5762 0.8977 16.5498 0.9076 0.8011 0.7075 0.9118 0.7313 0.7794 
0.9511 0.7606 0.6912 9.9746 0.8090 2.5667 8.9685 0.7801 0.6759 39.6642 0.7701 0.9550 16.2737 0.6906 0.7836 0.8011 0.8528 0.6883 0.8068 
0.7256 0.7541 0.8600 9.9178 0.7856 0.7427 5.4498 11.6591 11.5315 45.3227 45.2830 0.7269 16.5476 0.8789 0.8204 0.8959 0.8134 0.7857 0.7221 
0.8524 0.7179 0.9357 9.8265 12.7315 3.5058 0.7075 0.7648 3.3082 0.9411 45.2664 0.7174 0.9593 16.5492 9.4060 0.8634 0.6893 0.8077 0.7110 
0.8004 0.8410 0.7662 0.8170 3.5450 9.8275 9.9956 0.8744 3.3729 0.6933 45.2329 0.7654 26.1092 25.9974 14.6887 0.8094 0.9140 0.9340 0.7789 
0.8189 0.7936 0.7257 0.8286 3.5202 0.7249 0.9390 12.4349 15.2013 0.7181 60.8208 43.2439 0.7856 0.6819 10.6583 0.7919 0.7282 0.7688 0.9172 
0.9380 0.9000 0.7758 3.7100 3.5538 0.8206 3.7446 3.5394 0.9588 72.5671 0.8674 12.6252 14.9323 0.6841 10.5265 3.5832 0.8597 0.6943 0.9317 
0.6875 0.7063 0.7812 0.7185 0.7185 3.5351 3.5588 0.8755 0.7496 72.5658 0.8138 0.8528 14.8295 10.4435 0.8020 0.6934 0.7746 0.8224 0.8805 
0.9294 0.9632 0.9035 0.8539 0.8328 0.6999 0.9619 0.7232 0.7713 12.1499 11.9176 11.8981 0.8489 0.8309 0.7671 0.8599 0.7313 0.7106 0.7490 
0.8621 0.8319 0.7314 0.7784 0.6906 0.7563 0.8926 0.7115 0.7207 0.7159 0.7811 0.8649 0.8885 0.7383 0.7633 0.8539 0.8717 0.7322 0.8826 
0.8651 0.8135 0.8298 0.7878 0.9453 0.9431 0.6891 0.9313 0.8791 0.8995 0.8287 0.8923 0.7764 0.7148 0.6943 0.9071 0.8422 0.7663 0.7514 
0.9478 0.7773 0.9496 0.9550 0.6997 0.8042 0.7034 0.7677 0.7487 0.9548 0.7771 0.8851 0.8888 0.7600 0.7851 0.8183 0.9351 0.9165 0.8513 
0.9220 0.6895 0.9649 0.9108 0.9400 0.8458 0.7370 0.7001 0.8257 78.6329 0.8020 0.7163 0.8257 0.7371 0.8615 0.9605 0.7158 0.8521 0.7167 
0.9147 0.7476 0.7321 0.8890 0.6863 0.8968 0.8058 3.1765 35.7759 78.6509 52.0127 6.5349 0.7302 0.8458 0.8915 0.9010 0.9620 0.6850 0.8023 
0.8674 0.7822 0.9356 0.8295 0.8761 0.9046 9.0955 25.1979 35.7868 0.7943 51.9145 10.5656 0.8962 0.7754 0.7006 0.7910 0.9324 0.8014 0.7730 
0.6915 0.8506 0.9244 0.6917 7.1316 9.0911 0.8551 0.8389 31.8317 0.9485 48.1038 0.8452 0.8097 0.8453 0.9224 0.8483 0.7454 0.8028 0.9306 
0.8009 0.7515 0.7222 4.6299 0.7509 5.0443 2.7395 0.8387 31.8403 0.8889 66.2172 0.9530 2.6298 0.7863 0.7605 0.8097 0.8801 0.6840 0.8446 
0.8759 0.7127 4.7101 4.8001 0.8607 0.9381 9.3493 9.3686 0.9321 42.5169 0.7399 48.7076 48.7477 0.8969 0.8374 0.9564 0.7602 0.9366 0.8042 
0.9497 0.9642 0.8684 4.7164 0.7863 7.4847 7.4910 0.8830 17.5664 24.4810 11.8202 0.7625 48.6223 2.5858 0.8684 0.8483 0.9286 0.9596 0.7632 
0.7454 0.9176 0.9431 4.7523 0.7591 0.9049 3.3319 0.8185 17.4734 0.6821 7.6033 0.7426 48.7548 0.8406 0.6955 0.8226 0.8113 0.7211 0.7026 
0.8834 0.9016 0.8318 4.8116 4.5969 4.5773 7.1678 0.9152 0.7247 24.3850 0.7108 0.8954 48.8799 4.9920 0.8256 0.7526 0.7187 0.7039 0.9215 
0.7648 0.8816 0.7707 0.7564 0.6969 0.7302 10.9949 7.3015 14.1283 31.2258 68.4413 48.8185 3.2202 0.8711 0.9174 0.7754 0.7034 0.8285 0.9283 
0.6893 0.7135 0.8214 0.7194 0.6939 8.5551 0.8537 0.9220 14.1522 0.9461 61.5518 0.9123 0.9530 0.7257 0.9356 0.7179 0.6969 0.9318 0.8971 
0.9316 0.7446 0.6980 0.8783 0.7497 8.6238 8.5886 0.7320 18.1138 0.7196 61.2834 0.7934 0.8518 0.9191 0.7810 0.7367 0.7931 0.7612 0.6891 
0.8041 0.8853 0.7903 0.8597 0.8615 0.9308 0.7972 8.5308 18.0055 0.6759 61.5357 7.2695 0.8726 0.6790 0.8339 0.9083 0.9052 0.9162 0.9060 
0.9639 0.8785 0.6861 0.8082 0.8904 0.7277 0.9400 0.8427 0.7812 78.4694 0.8843 0.8951 0.9176 0.7257 0.7208 0.9082 0.9428 0.7480 0.9430 
0.9217 0.8555 0.7391 0.8338 0.8460 0.8440 0.8736 0.7424 0.7827 78.5235 0.9480 0.9087 0.8313 0.7227 0.7304 0.9552 0.8872 0.7338 0.9474 
0.9655 0.7801 0.7404 0.9448 0.8596 0.8407 0.7283 0.7774 0.7802 3.2809 0.7919 0.6801 0.9076 0.7208 0.7432 0.8768 0.6817 0.8399 0.7069 
0.8044 0.9336 0.9150 0.6817 0.9378 0.8348 0.8043 0.6765 0.7006 0.8170 0.8929 0.9564 0.6911 0.8226 0.9461 0.7081 0.9400 0.7621 0.8319 
87
0
10
24 0 13 10 30 0 32 0 0 1
28 0 13 13 30 0 23 0 0 1
32 0 13 10 20 0 14 0 0 0
33 1 10 9 30 0 14 0 0 1
34 0 7 7 30 0 9 0 0 1
35 1 16 5 20 0 9 0 0 0
36 0 6 10 20 0 5 0 0 0
37 1 13 10 20 0 5 0 0 0
38 0 2 9 30 0 0 0 0 1
39 1 16 9 20 0 0 0 0 0
62 49
34 36 0 0 0 0
2
0 0 0 12
8 0 14 0
0
0.7095 0.7935 0.8961 0.8233 0.8610 0.7084 0.8461 0.7356 4.4044 0.7399 9.5263 0.7941 0.6820 0.8838 0.6672 0.8800 0.7550 0.9278 0.7808 
0.7464 0.8352 0.8056 0.8025 0.7373 0.8138 4.3248 4.4659 0.6959 13.3109 0.7174 0.8156 0.8566 0.9031 0.7213 0.6696 0.6702 0.9325 0.7406 
0.7645 0.7170 0.8413 0.8686 0.7650 4.3100 4.2708 0.7916 0.6791 70.2817 0.7671 0.9352 0.7882 0.8468 0.6642 0.7665 0.6794 0.6987 0.6707 
0.8227 0.7638 0.8638 0.9256 0.6970 0.7156 0.8362 4.3772 21.7866 66.8944 49.4480 9.2363 0.7560 0.7474 0.8039 0.8483 0.6620 0.7881 0.9282 
9.5559 9.7552 0.9156 0.7358 0.6665 0.7455 14.9800 25.2834 19.9861 0.7069 41.0341 9.0843 9.1636 0.7541 0.7742 0.7895 0.6653 0.9228 0.8242 
9.7899 9.7564 9.6816 0.6704 9.7267 14.9483 0.9332 0.7030 11.2096 0.6943 40.8462 0.8711 0.8640 9.1948 0.7982 0.6965 0.8768 0.6611 0.8432 
9.7342 0.7084 0.9123 9.5555 0.9331 6.2507 6.1289 0.9020 13.5128 0.6746 40.8663 0.6826 9.1020 9.0903 0.7809 0.7212 0.8913 0.8852 0.6705 
9.7227 0.7843 9.6881 9.7804 0.8894 0.7940 8.6138 3.3750 0.6991 40.9735 0.8452 7.3968 15.8868 0.7742 0.6595 0.8004 0.7905 0.7788 0.6760 
9.6380 9.6329 0.8281 9.5347 0.8581 6.0453 8.7390 0.8976 35.6761 38.4619 3.4676 0.6583 15.9181 11.7033 0.8710 0.6912 0.6980 0.7038 0.7861 
0.7145 0.8890 0.7989 9.6658 0.7838 0.6596 8.5632 0.8766 35.6973 0.9247 3.4719 0.8738 16.0563 0.8834 0.7801 0.6893 0.8874 0.7124 0.7590 
0.9256 0.7408 0.6735 9.6784 0.7877 2.4927 8.7024 0.7597 0.6586 38.4773 0.7500 0.9294 15.7885 0.6729 0.7631 0.7801 0.8302 0.6707 0.7856 
0.7068 0.7345 0.8372 9.6233 0.7650 0.7234 5.2893 11.3123 11.1886 43.9660 43.9275 0.7081 16.0542 0.8555 0.7988 0.8720 0.7920 0.7651 0.7034 
0.8298 0.6994 0.9106 9.5347 12.3526 3.4036 0.6893 0.7449 3.2120 0.9159 43.9114 0.6989 0.9335 16.0557 9.1268 0.8405 0.6716 0.7865 0.6927 
0.7794 0.8188 0.7462 0.7955 3.4417 9.5357 9.6987 0.8512 3.2747 0.6755 43.8789 0.7454 25.3289 25.2205 14.2510 0.7881 0.8896 0.9090 0.7585 
0.7973 0.7728 0.7069 0.8067 3.4176 0.7062 0.9138 12.0649 14.7483 0.6996 58.9992 41.9496 0.7650 0.6644 10.3416 0.7711 0.7094 0.7487 0.8927 
0.9129 0.8760 0.7555 3.6017 3.4502 0.7990 3.6353 3.4362 0.9330 70.3931 0.8444 12.2494 14.4873 0.6666 10.2137 3.4787 0.8369 0.6765 0.9067 
0.6699 0.6881 0.7608 0.6999 0.6999 3.4320 3.4550 0.8522 0.7301 70.3918 0.7924 0.8302 14.3876 10.1332 0.7809 0.6756 0.7544 0.8007 0.8571 
0.9045 0.9373 0.8794 0.8313 0.8108 0.6819 0.9360 0.7045 0.7512 11.7884 11.5631 11.5442 0.8264 0.8090 0.7471 0.8371 0.7124 0.6923 0.7295 
0.8392 0.8099 0.7125 0.7580 0.6729 0.7366 0.8688 0.6932 0.7021 0.6974 0.7607 0.8420 0.8648 0.7192 0.7434 0.8313 0.8485 0.7132 0.8591 
0.8421 0.7921 0.8079 0.7672 0.9199 0.9178 0.6714 0.9064 0.8557 0.8755 0.8068 0.8685 0.7561 0.6964 0.6765 0.8829 0.8199 0.7463 0.7319 
0.9224 0.7570 0.9241 0.9294 0.6817 0.7831 0.6853 0.7477 0.7292 0.9292 0.7568 0.8615 0.8651 0.7402 0.7645 0.7968 0.9100 0.8920 0.8288 
0.8973 0.6718 0.9390 0.8865 0.9148 0.8234 0.7179 0.6821 0.8039 76.2769 0.7809 0.6978 0.8039 0.7180 0.8387 0.9347 0.6973 0.8295 0.6982 
0.8903 0.7282 0.7131 0.8653 0.6687 0.8729 0.7846 3.0842 34.7056 76.2944 50.4553 6.3419 0.7113 0.8234 0.8678 0.8770 0.9361 0.6675 0.7812 
0.8444 0.7617 0.9105 0.8076 0.8528 0.8805 8.8256 24.4450 34.7162 0.7735 50.3601 10.2516 0.8723 0.7551 0.6826 0.7703 0.9074 0.7804 0.7528 
0.6738 0.8281 0.8997 0.6739 6.9207 8.8214 0.8324 0.8167 30.8797 0.9230 46.6637 0.8228 0.7884 0.8229 0.8977 0.8259 0.7260 0.7817 0.9057 
0.7799 0.7320 0.7035 4.4940 0.7314 4.8960 2.6603 0.8165 30.8881 0.8652 64.2337 0.9274 2.5539 0.7657 0.7407 0.7884 0.8567 0.6665 0.8223 
0.8526 0.6943 4.5718 4.6591 0.8379 0.9130 9.0718 9.0905 0.9071 41.2444 0.7207 47.2494 47.2883 0.8730 0.8153 0.9307 0.7404 0.9115 0.7831 
0.9242 0.9383 0.8453 4.5779 0.7657 7.2632 7.2693 0.8595 17.0424 23.7496 11.4686 0.7426 47.1666 2.5112 0.8453 0.8259 0.9037 0.9338 0.7433 
0.7260 0.8931 0.9178 4.6127 0.7393 0.8808 3.2349 0.7969 16.9522 0.6646 7.3782 0.7233 47.2952 0.8184 0.6776 0.8009 0.7900 0.7025 0.6845 
0.8599 0.8776 0.8098 4.6703 4.4620 4.4430 6.9558 0.8907 0.7060 23.6565 0.6925 0.8715 47.4165 4.8452 0.8038 0.7330 0.7001 0.6858 0.8969 
0.7449 0.8582 0.7506 0.7367 0.6790 0.7113 10.6681 7.0855 13.7075 30.2920 66.3911 47.3569 3.1266 0.8480 0.8929 0.7551 0.6853 0.8066 0.9035 
0.6716 0.6951 0.7998 0.7008 0.6761 8.3014 0.8311 0.8973 13.7306 0.9207 59.7082 0.8879 0.9274 0.7069 0.9105 0.6994 0.6790 0.9068 0.8732 
0.9067 0.7253 0.6801 0.8550 0.7302 8.3681 8.3339 0.7130 17.5734 0.7010 59.4479 0.7726 0.8292 0.8945 0.7606 0.7176 0.7723 0.7414 0.6714 
0.7830 0.8617 0.7696 0.8369 0.8387 0.9059 0.7763 8.2779 17.4683 0.6586 59.6926 7.0544 0.8494 0.6616 0.8119 0.8841 0.8810 0.8917 0.8818 
0.9380 0.8551 0.6685 0.7870 0.8667 0.7089 0.9148 0.8204 0.7608 76.1183 0.8608 0.8712 0.8931 0.7069 0.7022 0.8840 0.9175 0.7286 0.9177 
0.8970 0.8328 0.7199 0.8118 0.8236 0.8217 0.8504 0.7231 0.7622 76.1708 0.9226 0.8844 0.8094 0.7040 0.7115 0.9295 0.8636 0.7148 0.9220 
0.9395 0.7597 0.7212 0.9195 0.8368 0.8185 0.7095 0.7571 0.7598 3.1855 0.7711 0.6627 0.8834 0.7022 0.7239 0.8535 0.6642 0.8177 0.6887 
0.7833 0.9086 0.8906 0.6642 0.9127 0.8128 0.7832 0.6592 0.6826 0.7955 0.8691 0.9307 0.6734 0.8009 0.9207 0.6899 0.9148 0.7422 0.8099 
88
0
10
24 0 12 10 30 0 33 0 0 1
28 0 12 14 30 0 24 0 0 1
32 0 14 10 20 0 15 0 0 0
33 1 9 8 30 0 15 0 0 1
34 0 7 6 30 0 10 0 0 1
35 1 15 6 20 0 10 0 0 0
36 0 7 9 20 0 6 0 0 0
37 1 12 10 20 0 6 0 0 0
38 0 3 9 30 0 1 0 0 1
39 1 15 9 20 0 1 0 0 0
65 52
34 36 0 0 0 0
2
0 0 0 11
7 0 13 0
0
0.6912 0.7727 0.8722 0.8016 0.8382 0.6901 0.8237 0.7165 4.2753 0.7207 9.2435 0.7733 0.6645 0.8603 0.6502 0.8566 0.7354 0.9030 0.7604 
0.7270 0.8131 0.7844 0.7814 0.7182 0.7924 4.1981 4.3349 0.6780 12.9146 0.6989 0.7941 0.8339 0.8790 0.7027 0.6525 0.6531 0.9075 0.7214 
0.7446 0.6985 0.8191 0.8455 0.7451 4.1837 4.1457 0.7709 0.6617 68.1762 0.7471 0.9101 0.7676 0.8244 0.6473 0.7465 0.6620 0.6807 0.6536 
0.8010 0.7439 0.8409 0.9008 0.6791 0.6971 0.8141 4.2489 21.1360 64.8906 47.9676 8.9622 0.7363 0.7280 0.7828 0.8259 0.6451 0.7675 0.9034 
9.2722 9.4655 0.8911 0.7167 0.6495 0.7261 14.5336 24.5279 19.3895 0.6887 39.8061 8.8148 8.8917 0.7345 0.7540 0.7688 0.6483 0.8981 0.8025 
9.4992 9.4667 9.3942 0.6533 9.4379 14.5029 0.9082 0.6849 10.8763 0.6765 39.6238 0.8480 0.8411 8.9220 0.7773 0.6786 0.8535 0.6443 0.8209 
9.4452 0.6901 0.8879 9.2718 0.9081 6.0662 5.9480 0.8779 13.1104 0.6574 39.6433 0.6651 8.8319 8.8206 0.7605 0.7026 0.8676 0.8616 0.6534 
9.4340 0.7638 9.4005 9.4900 0.8657 0.7732 8.3584 3.2768 0.6811 39.7473 0.8228 7.1779 15.4132 0.7540 0.6427 0.7794 0.7698 0.7584 0.6587 
9.3519 9.3469 0.8063 9.2517 0.8354 5.8669 8.4798 0.8737 34.6088 37.3110 3.3666 0.6416 15.4436 11.3552 0.8479 0.6735 0.6801 0.6857 0.7655 
0.6961 0.8653 0.7779 9.3788 0.7633 0.6428 8.3093 0.8533 34.6294 0.9000 3.3707 0.8506 15.5776 0.8599 0.7597 0.6716 0.8638 0.6940 0.7392 
0.9008 0.7216 0.6563 9.3910 0.7671 2.4209 8.4443 0.7399 0.6418 37.3260 0.7305 0.9045 15.3178 0.6557 0.7432 0.7597 0.8083 0.6536 0.7650 
0.6886 0.7155 0.8151 9.3376 0.7451 0.7047 5.1336 10.9759 10.8559 42.6500 42.6127 0.6899 15.5756 0.8328 0.7778 0.8488 0.7712 0.7451 0.6853 
0.8079 0.6814 0.8863 9.2517 11.9850 3.3045 0.6716 0.7256 3.1186 0.8914 42.5971 0.6809 0.9085 15.5770 8.8560 0.8183 0.6545 0.7659 0.6749 
0.7590 0.7972 0.7268 0.7746 3.3414 9.2526 9.4107 0.8287 3.1795 0.6582 42.5655 0.7260 24.5720 24.4669 13.8265 0.7675 0.8659 0.8847 0.7387 
0.7764 0.7526 0.6887 0.7855 3.3181 0.6880 0.8894 11.7060 14.3089 0.6816 57.2322 40.6941 0.7451 0.6475 10.0344 0.7510 0.6911 0.7292 0.8689 
0.8885 0.8527 0.7358 3.4966 3.3497 0.7780 3.5292 3.3361 0.9080 68.2843 0.8221 11.8849 14.0557 0.6496 9.9103 3.3773 0.8148 0.6592 0.8825 
0.6528 0.6705 0.7410 0.6819 0.6819 3.3320 3.3544 0.8296 0.7112 68.2830 0.7716 0.8083 13.9590 9.8322 0.7605 0.6583 0.7348 0.7797 0.8344 
0.8804 0.9122 0.8560 0.8094 0.7895 0.6644 0.9109 0.6864 0.7317 11.4377 11.2192 11.2009 0.8046 0.7877 0.7277 0.8150 0.6940 0.6745 0.7106 
0.8170 0.7886 0.6941 0.7383 0.6557 0.7175 0.8457 0.6754 0.6840 0.6795 0.7409 0.8197 0.8419 0.7006 0.7241 0.8094 0.8260 0.6948 0.8363 
0.8198 0.7713 0.7867 0.7472 0.8953 0.8933 0.6543 0.8822 0.8330 0.8522 0.7856 0.8454 0.7364 0.6785 0.6592 0.8594 0.7983 0.7269 0.7129 
0.8977 0.7373 0.8994 0.9045 0.6642 0.7626 0.6677 0.7283 0.7103 0.9043 0.7371 0.8387 0.8421 0.7210 0.7446 0.7759 0.8857 0.8682 0.8069 
0.8734 0.6546 0.9138 0.8629 0.8904 0.8017 0.6994 0.6646 0.7828 73.9916 0.7605 0.6799 0.7828 0.6995 0.8165 0.9097 0.6794 0.8076 0.6803 
0.8666 0.7094 0.6947 0.8423 0.6516 0.8497 0.7641 2.9947 33.6674 74.0086 48.9446 6.1546 0.6930 0.8017 0.8448 0.8537 0.9110 0.6505 0.7608 
0.8221 0.7418 0.8862 0.7864 0.8302 0.8571 8.5638 23.7147 33.6777 0.7533 48.8523 9.9471 0.8491 0.7354 0.6651 0.7502 0.8832 0.7600 0.7332 
0.6566 0.8063 0.8757 0.6567 6.7161 8.5598 0.8104 0.7952 29.9563 0.8983 45.2668 0.8011 0.7677 0.8012 0.8738 0.8041 0.7072 0.7612 0.8815 
0.7595 0.7130 0.6854 4.3622 0.7125 4.7521 2.5835 0.7950 29.9645 0.8422 62.3097 0.9026 2.4803 0.7457 0.7215 0.7677 0.8340 0.6495 0.8006 
0.8300 0.6765 4.4376 4.5223 0.8158 0.8886 8.8026 8.8208 0.8829 40.0101 0.7021 45.8349 45.8727 0.8498 0.7938 0.9058 0.7212 0.8872 0.7626 
0.8995 0.9132 0.8229 4.4436 0.7457 7.0483 7.0542 0.8367 16.5341 23.0401 11.1275 0.7233 45.7546 2.4389 0.8229 0.8041 0.8796 0.9088 0.7240 
0.7072 0.8693 0.8933 4.4773 0.7201 0.8574 3.1409 0.7760 16.4466 0.6477 7.1599 0.7046 45.8793 0.7968 0.6603 0.7799 0.7693 0.6844 0.6670 
0.8371 0.8543 0.7885 4.5332 4.3311 4.3127 6.7501 0.8670 0.6878 22.9498 0.6747 0.8484 45.9970 4.7028 0.7827 0.7140 0.6821 0.6682 0.8730 
0.7256 0.8355 0.7311 0.7176 0.6616 0.6930 10.3511 6.8759 13.2993 29.3862 64.4024 45.9392 3.0358 0.8256 0.8691 0.7354 0.6677 0.7854 0.8794 
0.6545 0.6772 0.7788 0.6828 0.6588 8.0554 0.8092 0.8734 13.3217 0.8961 57.9200 0.8643 0.9026 0.6887 0.8862 0.6814 0.6616 0.8826 0.8500 
0.8825 0.7065 0.6627 0.8324 0.7113 8.1201 8.0869 0.6946 17.0492 0.6830 57.6675 0.7524 0.8073 0.8707 0.7408 0.6991 0.7521 0.7222 0.6543 
0.7625 0.8388 0.7495 0.8148 0.8165 0.8817 0.7560 8.0326 16.9473 0.6418 57.9048 6.8458 0.8269 0.6448 0.7905 0.8606 0.8576 0.8679 0.8583 
0.9129 0.8324 0.6514 0.7664 0.8437 0.6906 0.8904 0.7988 0.7410 73.8378 0.8380 0.8481 0.8693 0.6887 0.6841 0.8605 0.8930 0.7097 0.8932 
0.8731 0.8108 0.7013 0.7904 0.8019 0.8000 0.8279 0.7044 0.7423 73.8887 0.8979 0.8609 0.7881 0.6859 0.6932 0.9046 0.8407 0.6964 0.8973 
0.9143 0.7399 0.7026 0.8949 0.8147 0.7969 0.6912 0.7374 0.7400 3.0929 0.7510 0.6458 0.8599 0.6841 0.7052 0.8309 0.6473 0.7962 0.6710 
0.7628 0.8843 0.8669 0.6473 0.8883 0.7914 0.7627 0.6424 0.6651 0.7746 0.8460 0.9058 0.6562 0.7799 0.8961 0.6722 0.8904 0.7229 0.7886 
89
0
10
24 0 11 10 30 0 34 0 0 1
28 0 12 13 30 0 25 0 0 1
32 0 15 9 20 0 16 0 0 0
33 1 8 8 30 0 16 0 0 1
34 0 8 6 30 0 11 0 0 1
35 1 15 7 20 0 11 0 0 0
36 0 8 9 20 0 7 0 0 0
37 1 11 10 20 0 7 0 0 0
38 0 3 10 30 0 2 0 0 1
39 1 14 10 20 0 2 0 0 0
65 52
34 36 0 0 0 0
2
0 0 0 10
6 0 12 0
0
0.6735 0.7525 0.8490 0.7806 0.8161 0.6724 0.8020 0.6980 4.1500 0.7021 8.9692 0.7531 0.6476 0.8375 0.6337 0.8339 0.7163 0.8789 0.7406 
0.7082 0.7917 0.7639 0.7610 0.6997 0.7716 4.0752 4.2079 0.6607 12.5302 0.6809 0.7733 0.8119 0.8556 0.6846 0.6359 0.6365 0.8833 0.7028 
0.7253 0.6805 0.7975 0.8231 0.7257 4.0612 4.0243 0.7508 0.6448 66.1339 0.7277 0.8858 0.7476 0.8027 0.6309 0.7271 0.6451 0.6633 0.6370 
0.7800 0.7246 0.8187 0.8768 0.6617 0.6792 0.7927 4.1244 20.5049 62.9469 46.5316 8.6963 0.7172 0.7092 0.7623 0.8041 0.6287 0.7475 0.8793 
8.9970 9.1845 0.8674 0.6982 0.6330 0.7073 14.1006 23.7951 18.8108 0.6710 38.6149 8.5534 8.6279 0.7155 0.7344 0.7487 0.6319 0.8742 0.7814 
9.2172 9.1857 9.1154 0.6367 9.1578 14.0708 0.8840 0.6674 10.5530 0.6592 38.4381 0.8256 0.8189 8.6573 0.7570 0.6612 0.8309 0.6280 0.7993 
9.1648 0.6724 0.8643 8.9966 0.8839 5.8872 5.7726 0.8546 12.7201 0.6407 38.4570 0.6481 8.5699 8.5590 0.7407 0.6845 0.8446 0.8388 0.6368 
9.1540 0.7439 9.1215 9.2083 0.8427 0.7530 8.1106 3.1815 0.6637 38.5579 0.8011 6.9656 14.9538 0.7344 0.6264 0.7590 0.7497 0.7386 0.6419 
9.0743 9.0695 0.7851 8.9771 0.8133 5.6939 8.2284 0.8505 33.5735 36.1947 3.2686 0.6254 14.9833 11.0175 0.8255 0.6563 0.6627 0.6681 0.7455 
0.6782 0.8423 0.7576 9.1004 0.7434 0.6265 8.0630 0.8307 33.5935 0.8760 3.2726 0.8281 15.1133 0.8371 0.7399 0.6545 0.8409 0.6762 0.7200 
0.8768 0.7030 0.6396 9.1123 0.7471 2.3513 8.1940 0.7207 0.6255 36.2092 0.7116 0.8804 14.8613 0.6390 0.7239 0.7399 0.7871 0.6370 0.7451 
0.6709 0.6970 0.7936 9.0605 0.7257 0.6866 4.9826 10.6496 10.5332 41.3735 41.3373 0.6722 15.1113 0.8108 0.7575 0.8263 0.7511 0.7257 0.6677 
0.7867 0.6640 0.8627 8.9771 11.6285 3.2084 0.6545 0.7068 3.0280 0.8677 41.3222 0.6635 0.8842 15.1127 8.5933 0.7968 0.6379 0.7459 0.6577 
0.7392 0.7763 0.7080 0.7544 3.2442 8.9780 9.1314 0.8068 3.0871 0.6415 41.2915 0.7072 23.8378 23.7359 13.4147 0.7475 0.8429 0.8612 0.7195 
0.7561 0.7330 0.6710 0.7649 3.2216 0.6704 0.8657 11.3578 13.8826 0.6642 55.5182 39.4763 0.7257 0.6311 9.7364 0.7315 0.6734 0.7103 0.8458 
0.8648 0.8301 0.7167 3.3947 3.2522 0.7577 3.4263 3.2390 0.8838 66.2388 0.8004 11.5314 13.6370 0.6331 9.6160 3.2790 0.7934 0.6424 0.8590 
0.6362 0.6534 0.7218 0.6644 0.6644 3.2350 3.2568 0.8077 0.6929 66.2375 0.7515 0.7871 13.5432 9.5402 0.7407 0.6416 0.7158 0.7593 0.8124 
0.8570 0.8878 0.8333 0.7881 0.7688 0.6475 0.8866 0.6688 0.7127 11.0976 10.8856 10.8679 0.7835 0.7671 0.7089 0.7936 0.6762 0.6573 0.6923 
0.7955 0.7679 0.6763 0.7192 0.6390 0.6990 0.8233 0.6581 0.6665 0.6621 0.7217 0.7981 0.8196 0.6826 0.7054 0.7881 0.8042 0.6770 0.8142 
0.7982 0.7512 0.7661 0.7278 0.8714 0.8695 0.6377 0.8587 0.8110 0.8296 0.7650 0.8230 0.7173 0.6611 0.6424 0.8366 0.7774 0.7081 0.6945 
0.8738 0.7182 0.8754 0.8804 0.6473 0.7427 0.6507 0.7095 0.6920 0.8802 0.7180 0.8165 0.8198 0.7024 0.7253 0.7556 0.8621 0.8452 0.7857 
0.8502 0.6380 0.8894 0.8400 0.8667 0.7806 0.6814 0.6477 0.7623 71.7749 0.7407 0.6625 0.7623 0.6815 0.7950 0.8854 0.6620 0.7864 0.6629 
0.8436 0.6911 0.6769 0.8200 0.6351 0.8272 0.7442 2.9079 32.6604 71.7913 47.4793 5.9730 0.6752 0.7806 0.8225 0.8311 0.8867 0.6340 0.7410 
0.8004 0.7225 0.8626 0.7658 0.8083 0.8344 8.3099 23.0063 32.6704 0.7337 47.3897 9.6517 0.8266 0.7163 0.6481 0.7307 0.8597 0.7402 0.7142 
0.6399 0.7851 0.8524 0.6400 6.5176 8.3060 0.7891 0.7743 29.0606 0.8744 43.9118 0.7801 0.7477 0.7802 0.8506 0.7830 0.6890 0.7414 0.8581 
0.7397 0.6946 0.6678 4.2343 0.6941 4.6125 2.5090 0.7742 29.0686 0.8199 60.4434 0.8785 2.4089 0.7263 0.7029 0.7477 0.8120 0.6330 0.7796 
0.8081 0.6592 4.3075 4.3896 0.7943 0.8649 8.5415 8.5592 0.8594 38.8128 0.6840 44.4629 44.4995 0.8273 0.7730 0.8816 0.7026 0.8636 0.7427 
0.8755 0.8888 0.8012 4.3133 0.7263 6.8399 6.8456 0.8146 16.0411 22.3519 10.7967 0.7046 44.3850 2.3687 0.8012 0.7830 0.8562 0.8845 0.7053 
0.6890 0.8462 0.8695 4.3460 0.7015 0.8347 3.0497 0.7557 15.9562 0.6313 6.9481 0.6865 44.5059 0.7759 0.6435 0.7595 0.7492 0.6669 0.6500 
0.8150 0.8317 0.7678 4.4002 4.2042 4.1863 6.5506 0.8440 0.6702 22.2643 0.6575 0.8259 44.6201 4.5647 0.7622 0.6956 0.6646 0.6512 0.8498 
0.7068 0.8134 0.7122 0.6991 0.6448 0.6752 10.0436 6.6726 12.9033 28.5076 62.4733 44.5640 2.9477 0.8038 0.8460 0.7163 0.6507 0.7648 0.8560 
0.6379 0.6599 0.7584 0.6653 0.6420 7.8167 0.7879 0.8502 12.9250 0.8722 56.1854 0.8414 0.8785 0.6710 0.8626 0.6640 0.6448 0.8591 0.8275 
0.8590 0.6883 0.6458 0.8104 0.6930 7.8795 7.8473 0.6768 16.5407 0.6655 55.9405 0.7328 0.7861 0.8476 0.7216 0.6811 0.7325 0.7035 0.6377 
0.7426 0.8166 0.7300 0.7934 0.7950 0.8582 0.7363 7.7946 16.4419 0.6255 56.1707 6.6434 0.8051 0.6285 0.7698 0.8378 0.8349 0.8449 0.8356 
0.8885 0.8104 0.6349 0.7464 0.8214 0.6729 0.8667 0.7778 0.7218 71.6257 0.8159 0.8257 0.8462 0.6710 0.6666 0.8377 0.8692 0.6914 0.8694 
0.8499 0.7895 0.6833 0.7697 0.7808 0.7790 0.8061 0.6863 0.7230 71.6750 0.8740 0.8381 0.7675 0.6683 0.6754 0.8805 0.8185 0.6785 0.8734 
0.8899 0.7207 0.6845 0.8711 0.7933 0.7760 0.6735 0.7183 0.7208 3.0031 0.7315 0.6294 0.8371 0.6666 0.6870 0.8090 0.6309 0.7753 0.6539 
0.7429 0.8608 0.8439 0.6309 0.8647 0.7707 0.7428 0.6261 0.6481 0.7544 0.8236 0.8816 0.6395 0.7595 0.8722 0.6550 0.8667 0.7042 0.7679 
90
0
10
24 0 11 9 30 0 35 0 0 1
28 0 13 13 30 0 26 0 0 1
32 0 16 9 20 0 17 1 0 0
33 1 8 9 30 0 17 0 0 1
34 0 9 6 30 0 12 0 0 1
35 1 14 8 20 0 12 0 0 0
36 0 8 8 20 0 8 0 0 0
37 1 11 11 20 0 8 0 0 0
38 0 4 10 30 0 3 0 0 1
39 1 13 10 20 0 3 0 0 0
18 55
34 35 0 0 0 0
2
0 0 24 9
5 0 11 0
1
3 0 0 2 9
0.6563 0.7329 0.8265 0.7602 0.7946 0.6552 0.7809 0.6801 4.0285 0.6840 8.7031 0.7335 0.6312 0.8154 0.6177 0.8119 0.6978 0.8555 0.7214 
0.6900 0.7709 0.7440 0.7412 0.6817 0.7515 3.9559 4.0847 0.6439 12.1573 0.6635 0.7531 0.7905 0.8329 0.6671 0.6198 0.6204 0.8598 0.6847 
0.7065 0.6631 0.7766 0.8014 0.7069 3.9424 3.9066 0.7313 0.6285 74.1529 0.7089 0.8622 0.7282 0.7816 0.6150 0.7083 0.6287 0.6464 0.6209 
0.7596 0.7059 0.7971 0.8535 0.6448 0.6618 0.7719 4.0037 19.8928 71.0615 55.1387 8.4384 0.6987 0.6909 0.7424 0.7830 0.6128 0.7281 0.8559 
8.7301 8.9120 0.8444 0.6803 0.6170 0.6891 13.6806 23.0842 18.2495 0.6539 47.4595 8.2998 8.3721 0.6970 0.7154 0.7292 0.6159 0.8510 0.7610 
8.9437 8.9131 8.8449 0.6206 8.8861 13.6517 0.8605 0.6504 10.2394 0.6424 47.2880 0.8038 0.7973 8.4006 0.7373 0.6444 0.8090 0.6122 0.7783 
8.8929 0.6552 0.8414 8.7297 0.8604 5.7136 5.6024 0.8320 12.3415 0.6245 47.3063 0.6317 8.3158 8.3052 0.7215 0.6670 0.8223 0.8166 0.6207 
8.8824 0.7246 8.8509 8.9351 0.8204 0.7334 7.8703 3.0891 0.6468 47.4042 0.7801 6.7596 14.5082 0.7154 0.6106 0.7392 0.7302 0.7194 0.6256 
8.8051 8.8004 0.7645 8.7108 0.7919 5.5261 7.9845 0.8280 42.5693 45.1119 3.1735 0.6096 14.5368 10.6900 0.8037 0.6396 0.6458 0.6511 0.7261 
0.6609 0.8200 0.7379 8.8304 0.7241 0.6107 7.8241 0.8088 42.5887 0.8527 3.1774 0.8063 14.6629 0.8150 0.7207 0.6379 0.8187 0.6589 0.7014 
0.8535 0.6849 0.6234 8.8419 0.7277 2.2838 7.9512 0.7021 0.6097 45.1259 0.6933 0.8570 14.4185 0.6228 0.7052 0.7207 0.7665 0.6209 0.7257 
0.6538 0.6791 0.7728 8.7917 0.7069 0.6690 4.8361 10.3331 10.2202 50.1353 50.1002 0.6550 14.6610 0.7895 0.7378 0.8045 0.7316 0.7069 0.6507 
0.7661 0.6471 0.8398 8.7108 11.2826 3.1151 0.6379 0.6886 2.9402 0.8447 50.0855 0.6466 0.8607 14.6623 8.3385 0.7759 0.6218 0.7265 0.6410 
0.7200 0.7560 0.6898 0.7348 3.1499 8.7117 8.8605 0.7856 2.9975 0.6253 50.0558 0.6890 23.1257 23.0268 13.0153 0.7281 0.8206 0.8384 0.7009 
0.7364 0.7140 0.6539 0.7450 3.1280 0.6533 0.8427 11.0201 13.4691 0.6473 63.8557 38.2950 0.7069 0.6152 9.4473 0.7126 0.6562 0.6920 0.8234 
0.8419 0.8082 0.6982 3.2959 3.1576 0.7380 3.3265 3.1448 0.8603 74.2546 0.7794 11.1885 13.2309 0.6171 9.3305 3.1836 0.7726 0.6261 0.8362 
0.6201 0.6368 0.7031 0.6475 0.6475 3.1410 3.1621 0.7865 0.6751 74.2534 0.7320 0.7665 13.1399 9.2570 0.7215 0.6254 0.6973 0.7395 0.7910 
0.8343 0.8642 0.8113 0.7675 0.7487 0.6311 0.8630 0.6517 0.6943 10.7677 10.5620 10.5449 0.7630 0.7471 0.6906 0.7728 0.6589 0.6406 0.6745 
0.7746 0.7479 0.6590 0.7006 0.6228 0.6810 0.8016 0.6414 0.6495 0.6452 0.7030 0.7772 0.7980 0.6651 0.6872 0.7675 0.7831 0.6597 0.7928 
0.7773 0.7317 0.7461 0.7090 0.8483 0.8464 0.6216 0.8359 0.7897 0.8077 0.7451 0.8013 0.6988 0.6443 0.6261 0.8145 0.7571 0.6899 0.6767 
0.8506 0.6997 0.8521 0.8570 0.6309 0.7234 0.6342 0.6912 0.6742 0.8568 0.6995 0.7950 0.7982 0.6843 0.7065 0.7359 0.8392 0.8228 0.7651 
0.8277 0.6219 0.8657 0.8178 0.8437 0.7602 0.6640 0.6313 0.7424 69.6247 0.7215 0.6456 0.7424 0.6641 0.7742 0.8618 0.6451 0.7658 0.6460 
0.8213 0.6734 0.6596 0.7984 0.6190 0.8054 0.7249 2.8237 31.6836 69.6406 46.0579 5.7968 0.6579 0.7602 0.8008 0.8092 0.8631 0.6180 0.7218 
0.7794 0.7038 0.8397 0.7458 0.7871 0.8124 8.0636 22.3191 31.6933 0.7147 45.9710 9.3651 0.8048 0.6978 0.6317 0.7118 0.8369 0.7210 0.6958 
0.6237 0.7645 0.8298 0.6238 6.3251 8.0598 0.7684 0.7541 28.1918 0.8512 42.5974 0.7597 0.7283 0.7598 0.8281 0.7625 0.6713 0.7222 0.8354 
0.7205 0.6768 0.6508 4.1103 0.6763 4.4771 2.4367 0.7540 28.1995 0.7983 58.6331 0.8551 2.3396 0.7075 0.6848 0.7283 0.7906 0.6170 0.7592 
0.7869 0.6424 4.1813 4.2609 0.7735 0.8420 8.2883 8.3054 0.8366 37.6514 0.6665 43.1320 43.1675 0.8055 0.7528 0.8582 0.6845 0.8407 0.7234 
0.8522 0.8651 0.7802 4.1869 0.7075 6.6377 6.6432 0.7932 15.5629 21.6843 10.4758 0.6865 43.0565 2.3006 0.7802 0.7625 0.8335 0.8610 0.6871 
0.6713 0.8238 0.8464 4.2186 0.6835 0.8127 2.9612 0.7360 15.4805 0.6154 6.7427 0.6689 43.1737 0.7556 0.6272 0.7397 0.7297 0.6499 0.6335 
0.7936 0.8097 0.7478 4.2712 4.0811 4.0637 6.3571 0.8217 0.6531 21.5994 0.6408 0.8041 43.2845 4.4308 0.7423 0.6777 0.6477 0.6347 0.8273 
0.6886 0.7920 0.6938 0.6811 0.6285 0.6579 9.7453 6.4754 12.5192 27.6554 60.6021 43.2301 2.8623 0.7827 0.8236 0.6978 0.6342 0.7449 0.8333 
0.6218 0.6431 0.7386 0.6483 0.6257 7.5852 0.7673 0.8277 12.5403 0.8490 54.5028 0.8192 0.8551 0.6539 0.8397 0.6471 0.6285 0.8363 0.8057 
0.8362 0.6707 0.6294 0.7891 0.6752 7.6461 7.6149 0.6595 16.0475 0.6485 54.2653 0.7138 0.7655 0.8252 0.7030 0.6637 0.7135 0.6854 0.6216 
0.7233 0.7951 0.7111 0.7726 0.7742 0.8355 0.7172 7.5638 15.9516 0.6097 54.4886 6.4471 0.7839 0.6126 0.7497 0.8157 0.8129 0.8226 0.8135 
0.8648 0.7891 0.6189 0.7270 0.7998 0.6557 0.8437 0.7575 0.7031 69.4799 0.7944 0.8039 0.8238 0.6539 0.6496 0.8156 0.8461 0.6737 0.8463 
0.8274 0.7688 0.6658 0.7496 0.7604 0.7586 0.7849 0.6687 0.7043 69.5278 0.8508 0.8160 0.7475 0.6513 0.6581 0.8571 0.7969 0.6611 0.8502 
0.8662 0.7021 0.6670 0.8480 0.7725 0.7557 0.6563 0.6998 0.7022 2.9160 0.7126 0.6135 0.8150 0.6496 0.6694 0.7877 0.6150 0.7550 0.6373 
0.7236 0.8380 0.8216 0.6150 0.8418 0.7506 0.7235 0.6103 0.6317 0.7348 0.8019 0.8582 0.6233 0.7397 0.8490 0.6384 0.8437 0.6861 0.7479 
91
0
11
24 0 11 8 30 0 36 0 0 1
28 0 12 13 30 0 27 0 0 1
33 1 8 10 30 0 18 0 0 1
34 0 10 5 30 0 13 0 0 1
35 1 15 9 20 0 13 0 0 0
36 0 9 8 20 0 9 0 0 0
37 1 11 12 20 0 9 0 0 0
38 0 5 10 30 0 4 0 0 1
39 1 12 10 20 0 4 0 0 0
40 0 2 9 20 0 0 0 2 0
41 1 16 9 20 0 0 0 0 0
18 55
34 35 0 0 0 0
2
0 0 23 8
4 0 10 0
1
3 0 0 2 8
0.6396 0.7139 0.8047 0.7404 0.7738 0.6385 0.7605 0.6627 3.9106 0.6665 8.4450 0.7145 0.6153 0.7939 0.6022 0.7905 0.6799 0.8328 0.7028 
0.6723 0.7508 0.7247 0.7220 0.6642 0.7320 3.8402 3.9652 0.6276 11.7956 0.6466 0.7335 0.7698 0.8109 0.6501 0.6042 0.6048 0.8370 0.6672 
0.6883 0.6462 0.7563 0.7804 0.6887 3.8271 3.7924 0.7124 0.6126 71.9313 0.6906 0.8393 0.7094 0.7612 0.5996 0.6901 0.6128 0.6300 0.6053 
0.7398 0.6877 0.7762 0.8309 0.6285 0.6449 0.7517 3.8866 19.2990 68.9327 53.4875 8.1882 0.6807 0.6732 0.7231 0.7625 0.5974 0.7093 0.8332 
8.4712 8.6476 0.8221 0.6629 0.6015 0.6714 13.2732 22.3947 17.7050 0.6373 46.0387 8.0538 8.1239 0.6791 0.6969 0.7103 0.6004 0.8285 0.7412 
8.6784 8.6487 8.5826 0.6050 8.6225 13.2451 0.8377 0.6339 9.9352 0.6261 45.8724 0.7827 0.7764 8.1516 0.7182 0.6281 0.7877 0.5968 0.7580 
8.6291 0.6385 0.8192 8.4708 0.8376 5.5452 5.4373 0.8100 11.9743 0.6088 45.8901 0.6157 8.0693 8.0590 0.7029 0.6500 0.8006 0.7951 0.6051 
8.6189 0.7059 8.5884 8.6700 0.7988 0.7144 7.6372 2.9994 0.6304 45.9851 0.7597 6.5598 14.0760 0.6969 0.5953 0.7200 0.7113 0.7008 0.6098 
8.5439 8.5394 0.7446 8.4525 0.7711 5.3633 7.7480 0.8062 41.2952 43.7615 3.0813 0.5943 14.1037 10.3723 0.7826 0.6234 0.6294 0.6346 0.7073 
0.6441 0.7984 0.7188 8.5685 0.7054 0.5954 7.5924 0.7875 41.3140 0.8301 3.0851 0.7851 14.2260 0.7936 0.7021 0.6218 0.7971 0.6421 0.6834 
0.8309 0.6674 0.6077 8.5796 0.7089 2.2183 7.7157 0.6840 0.5944 43.7751 0.6755 0.8343 13.9889 0.6071 0.6870 0.7021 0.7465 0.6053 0.7069 
0.6372 0.6617 0.7526 8.5309 0.6887 0.6519 4.6940 10.0261 9.9166 48.6342 48.6002 0.6384 14.2242 0.7688 0.7187 0.7834 0.7127 0.6887 0.6342 
0.7461 0.6307 0.8176 8.4525 10.9471 3.0246 0.6218 0.6709 2.8550 0.8224 48.5859 0.6302 0.8379 14.2254 8.0913 0.7556 0.6061 0.7077 0.6248 
0.7014 0.7363 0.6721 0.7158 3.0584 8.4533 8.5977 0.7650 2.9106 0.6095 48.5571 0.6713 22.4349 22.3390 12.6278 0.7093 0.7990 0.8162 0.6829 
0.7173 0.6956 0.6373 0.7257 3.0372 0.6367 0.8204 10.6925 13.0680 0.6309 61.9430 37.1492 0.6887 0.5997 9.1669 0.6942 0.6395 0.6742 0.8017 
0.8196 0.7870 0.6803 3.2000 3.0659 0.7189 3.2297 3.0535 0.8375 72.0300 0.7590 10.8558 12.8370 0.6016 9.0536 3.0911 0.7524 0.6103 0.8141 
0.6045 0.6207 0.6850 0.6311 0.6311 3.0498 3.0702 0.7659 0.6578 72.0288 0.7130 0.7465 12.7487 8.9823 0.7029 0.6096 0.6794 0.7203 0.7703 
0.8123 0.8413 0.7900 0.7475 0.7292 0.6152 0.8401 0.6351 0.6765 10.4477 10.2481 10.2316 0.7431 0.7277 0.6729 0.7526 0.6421 0.6244 0.6573 
0.7544 0.7285 0.6422 0.6826 0.6071 0.6636 0.7806 0.6252 0.6330 0.6288 0.6849 0.7569 0.7771 0.6481 0.6696 0.7475 0.7626 0.6429 0.7720 
0.7570 0.7127 0.7267 0.6907 0.8259 0.8240 0.6060 0.8138 0.7690 0.7865 0.7257 0.7803 0.6808 0.6280 0.6103 0.7931 0.7374 0.6722 0.6594 
0.8281 0.6817 0.8295 0.8343 0.6150 0.7047 0.6182 0.6735 0.6570 0.8341 0.6815 0.7742 0.7773 0.6668 0.6883 0.7168 0.8170 0.8011 0.7451 
0.8059 0.6062 0.8427 0.7963 0.8214 0.7404 0.6471 0.6154 0.7231 67.5390 0.7029 0.6292 0.7231 0.6472 0.7540 0.8389 0.6287 0.7458 0.6296 
0.7997 0.6562 0.6428 0.7774 0.6034 0.7842 0.7062 2.7420 30.7361 67.5544 44.6792 5.6259 0.6412 0.7404 0.7798 0.7879 0.8402 0.6025 0.7031 
0.7590 0.6857 0.8175 0.7264 0.7665 0.7910 7.8247 21.6525 30.7455 0.6963 44.5949 9.0871 0.7837 0.6799 0.6157 0.6934 0.8148 0.7024 0.6779 
0.6080 0.7446 0.8079 0.6081 6.1383 7.8210 0.7483 0.7345 27.3490 0.8287 41.3225 0.7399 0.7095 0.7400 0.8063 0.7426 0.6542 0.7035 0.8133 
0.7019 0.6595 0.6343 3.9900 0.6590 4.3458 2.3666 0.7344 27.3565 0.7774 56.8771 0.8324 2.2724 0.6893 0.6673 0.7095 0.7699 0.6015 0.7394 
0.7663 0.6261 4.0589 4.1361 0.7533 0.8197 8.0427 8.0592 0.8145 36.5249 0.6495 41.8410 41.8755 0.7843 0.7332 0.8355 0.6670 0.8185 0.7047 
0.8296 0.8421 0.7598 4.0643 0.6893 6.4416 6.4469 0.7724 15.0990 21.0368 10.1645 0.6689 41.7678 2.2346 0.7598 0.7426 0.8115 0.8382 0.6695 
0.6542 0.8021 0.8240 4.0950 0.6660 0.7913 2.8754 0.7169 15.0191 0.5999 6.5434 0.6518 41.8815 0.7359 0.6114 0.7205 0.7108 0.6334 0.6175 
0.7728 0.7884 0.7284 4.1461 3.9617 3.9448 6.1694 0.8000 0.6365 20.9544 0.6246 0.7830 41.9890 4.3009 0.7230 0.6604 0.6313 0.6187 0.8055 
0.6709 0.7712 0.6760 0.6637 0.6126 0.6412 9.4559 6.2841 12.1466 26.8287 58.7870 41.9362 2.7794 0.7622 0.8019 0.6799 0.6182 0.7256 0.8113 
0.6061 0.6268 0.7194 0.6319 0.6099 7.3606 0.7473 0.8059 12.1671 0.8265 52.8707 0.7976 0.8324 0.6373 0.8175 0.6307 0.6126 0.8142 0.7845 
0.8141 0.6536 0.6135 0.7684 0.6579 7.4197 7.3895 0.6427 15.5691 0.6320 52.6403 0.6954 0.7455 0.8034 0.6849 0.6468 0.6951 0.6678 0.6060 
0.7046 0.7742 0.6928 0.7524 0.7540 0.8134 0.6987 7.3399 15.4761 0.5944 52.8569 6.2567 0.7634 0.5972 0.7302 0.7942 0.7915 0.8009 0.7921 
0.8419 0.7684 0.6033 0.7082 0.7788 0.6390 0.8214 0.7378 0.6850 67.3985 0.7736 0.7828 0.8021 0.6373 0.6331 0.7941 0.8237 0.6565 0.8239 
0.8056 0.7487 0.6488 0.7301 0.7406 0.7388 0.7644 0.6516 0.6862 67.4450 0.8283 0.7945 0.7281 0.6348 0.6414 0.8344 0.7760 0.6443 0.8277 
0.8432 0.6840 0.6500 0.8256 0.7523 0.7360 0.6396 0.6818 0.6841 2.8315 0.6942 0.5981 0.7936 0.6331 0.6523 0.7671 0.5996 0.7354 0.6212 
0.7049 0.8159 0.8000 0.5996 0.8195 0.7311 0.7048 0.5950 0.6157 0.7158 0.7808 0.8355 0.6076 0.7205 0.8265 0.6222 0.8214 0.6685 0.7285 
92
0
11
24 0 12 8 30 0 37 0 0 1
28 0 11 12 30 0 28 0 0 1
33 1 9 10 30 0 19 0 0 1
34 0 10 6 30 0 14 0 0 1
35 1 14 10 20 0 14 0 0 0
36 0 10 9 20 0 10 0 0 0
37 1 10 12 20 0 10 0 0 0
38 0 6 10 30 0 5 0 0 1
39 1 11 10 20 0 5 0 0 0
40 0 1 9 20 0 1 0 2 0
41 1 15 9 20 0 1 0 0 0
21 58
34 35 0 0 0 0
2
0 0 22 7
3 0 9 0
1
3 0 0 2 7
0.6234 0.6955 0.7836 0.7212 0.7536 0.6223 0.7407 0.6458 3.7963 0.6495 8.1947 0.6961 0.5998 0.7731 0.5871 0.7698 0.6625 0.8108 0.6847 
0.6551 0.7313 0.7060 0.7033 0.6473 0.7130 3.7280 3.8492 0.6118 11.4447 0.6302 0.7145 0.7497 0.7896 0.6336 0.5891 0.5897 0.8149 0.6502 
0.6707 0.6298 0.7366 0.7600 0.6710 3.7153 3.6816 0.6940 0.5972 69.7764 0.6729 0.8171 0.6911 0.7414 0.5846 0.6724 0.5974 0.6141 0.5901 
0.7206 0.6701 0.7559 0.8090 0.6126 0.6286 0.7321 3.7730 18.7230 66.8677 51.8859 7.9456 0.6633 0.6560 0.7044 0.7426 0.5825 0.6910 0.8112 
8.2201 8.3912 0.8004 0.6460 0.5865 0.6543 12.8780 21.7259 17.1769 0.6212 44.6605 7.8152 7.8832 0.6617 0.6790 0.6920 0.5854 0.8066 0.7220 
8.4210 8.3922 8.3281 0.5899 8.3668 12.8507 0.8156 0.6179 9.6401 0.6103 44.4992 0.7622 0.7561 7.9101 0.6997 0.6123 0.7671 0.5819 0.7383 
8.3732 0.6223 0.7976 8.2197 0.8155 5.3818 5.2772 0.7887 11.6181 0.5935 44.5164 0.6002 7.8302 7.8202 0.6848 0.6335 0.7796 0.7742 0.5899 
8.3633 0.6877 8.3337 8.4129 0.7778 0.6960 7.4111 2.9124 0.6145 44.6085 0.7399 6.3660 13.6567 0.6790 0.5804 0.7014 0.6930 0.6828 0.5945 
8.2906 8.2862 0.7253 8.2019 0.7510 5.2054 7.5186 0.7850 40.0593 42.4517 2.9919 0.5795 13.6836 10.0641 0.7621 0.6077 0.6135 0.6186 0.6891 
0.6278 0.7774 0.7002 8.3144 0.6872 0.5805 7.3676 0.7669 40.0776 0.8082 2.9955 0.7645 13.8022 0.7728 0.6840 0.6061 0.7762 0.6258 0.6659 
0.8090 0.6504 0.5925 8.3252 0.6906 2.1548 7.4872 0.6665 0.5796 42.4648 0.6582 0.8123 13.5722 0.5919 0.6694 0.6840 0.7271 0.5901 0.6887 
0.6211 0.6448 0.7330 8.2780 0.6710 0.6353 4.5562 9.7283 9.6221 47.1782 47.1452 0.6222 13.8005 0.7487 0.7001 0.7629 0.6943 0.6710 0.6182 
0.7267 0.6148 0.7961 8.2019 10.6217 2.9369 0.6061 0.6538 2.7724 0.8007 47.1313 0.6143 0.8158 13.8016 7.8516 0.7359 0.5909 0.6895 0.6091 
0.6834 0.7172 0.6549 0.6973 2.9696 8.2027 8.3428 0.7451 2.8263 0.5942 47.1034 0.6542 21.7649 21.6718 12.2520 0.6910 0.7780 0.7947 0.6654 
0.6988 0.6777 0.6212 0.7069 2.9491 0.6206 0.7988 10.3747 12.6790 0.6150 60.0877 36.0377 0.6710 0.5847 8.8949 0.6764 0.6233 0.6570 0.7806 
0.7980 0.7664 0.6629 3.1070 2.9769 0.7003 3.1358 2.9649 0.8154 69.8721 0.7392 10.5331 12.4549 0.5866 8.7850 3.0014 0.7328 0.5950 0.7927 
0.5894 0.6051 0.6675 0.6152 0.6152 2.9613 2.9811 0.7459 0.6411 69.8709 0.6946 0.7271 12.3692 8.7158 0.6848 0.5943 0.6620 0.7017 0.7502 
0.7909 0.8191 0.7693 0.7281 0.7103 0.5997 0.8179 0.6190 0.6592 10.1373 9.9437 9.9277 0.7238 0.7089 0.6557 0.7330 0.6258 0.6087 0.6406 
0.7348 0.7096 0.6259 0.6651 0.5919 0.6467 0.7602 0.6094 0.6170 0.6129 0.6674 0.7372 0.7568 0.6317 0.6525 0.7281 0.7427 0.6266 0.7518 
0.7373 0.6943 0.7079 0.6730 0.8041 0.8023 0.5908 0.7924 0.7489 0.7659 0.7069 0.7599 0.6634 0.6122 0.5950 0.7723 0.7183 0.6550 0.6426 
0.8063 0.6642 0.8076 0.8123 0.5996 0.6866 0.6027 0.6563 0.6403 0.8121 0.6641 0.7540 0.7570 0.6498 0.6707 0.6983 0.7955 0.7801 0.7257 
0.7847 0.5910 0.8204 0.7754 0.7998 0.7212 0.6307 0.5999 0.7044 65.5158 0.6848 0.6133 0.7044 0.6308 0.7344 0.8167 0.6128 0.7264 0.6137 
0.7787 0.6395 0.6265 0.7571 0.5883 0.7637 0.6880 2.6627 29.8170 65.5308 43.3418 5.4601 0.6250 0.7212 0.7594 0.7673 0.8180 0.5874 0.6850 
0.7392 0.6681 0.7960 0.7076 0.7465 0.7703 7.5930 21.0059 29.8261 0.6784 43.2601 8.8175 0.7632 0.6625 0.6002 0.6756 0.7934 0.6843 0.6606 
0.5928 0.7253 0.7867 0.5929 5.9572 7.5894 0.7289 0.7155 26.5315 0.8068 40.0858 0.7207 0.6912 0.7208 0.7851 0.7233 0.6376 0.6854 0.7919 
0.6838 0.6427 0.6183 3.8733 0.6422 4.2184 2.2986 0.7154 26.5388 0.7571 55.1738 0.8104 2.2072 0.6716 0.6503 0.6912 0.7498 0.5865 0.7202 
0.7463 0.6103 3.9401 4.0150 0.7337 0.7981 7.8044 7.8204 0.7931 35.4322 0.6330 40.5888 40.6222 0.7638 0.7142 0.8134 0.6500 0.7969 0.6866 
0.8077 0.8198 0.7400 3.9454 0.6716 6.2514 6.2565 0.7522 14.6490 20.4087 9.8626 0.6518 40.5178 2.1706 0.7400 0.7233 0.7902 0.8161 0.6524 
0.6376 0.7810 0.8023 3.9752 0.6490 0.7706 2.7921 0.6984 14.5715 0.5849 6.3501 0.6352 40.6281 0.7168 0.5961 0.7019 0.6925 0.6174 0.6020 
0.7526 0.7677 0.7095 4.0247 3.8458 3.8295 5.9873 0.7790 0.6204 20.3288 0.6089 0.7625 40.7323 4.1749 0.7043 0.6436 0.6154 0.6031 0.7843 
0.6538 0.7511 0.6587 0.6468 0.5972 0.6250 9.1752 6.0986 11.7852 26.0268 57.0264 40.6811 2.6990 0.7423 0.7808 0.6625 0.6027 0.7068 0.7900 
0.5909 0.6110 0.7008 0.6159 0.5946 7.1428 0.7279 0.7847 11.8051 0.8047 51.2876 0.7767 0.8104 0.6212 0.7960 0.6148 0.5972 0.7928 0.7640 
0.7927 0.6370 0.5981 0.7483 0.6412 7.2001 7.1708 0.6264 15.1050 0.6160 51.0641 0.6775 0.7261 0.7823 0.6674 0.6304 0.6772 0.6508 0.5908 
0.6865 0.7540 0.6750 0.7328 0.7344 0.7920 0.6807 7.1227 15.0148 0.5796 51.2742 6.0720 0.7435 0.5823 0.7113 0.7734 0.7708 0.7799 0.7713 
0.8196 0.7483 0.5882 0.6900 0.7584 0.6228 0.7998 0.7187 0.6675 65.3795 0.7534 0.7623 0.7810 0.6212 0.6171 0.7733 0.8020 0.6398 0.8022 
0.7844 0.7292 0.6323 0.7112 0.7214 0.7196 0.7445 0.6351 0.6686 65.4247 0.8065 0.7737 0.7093 0.6188 0.6252 0.8124 0.7557 0.6280 0.8059 
0.8209 0.6665 0.6335 0.8038 0.7327 0.7169 0.6234 0.6643 0.6666 2.7496 0.6764 0.5832 0.7728 0.6171 0.6357 0.7471 0.5846 0.7163 0.6056 
0.6868 0.7944 0.7790 0.5846 0.7979 0.7122 0.6867 0.5802 0.6002 0.6973 0.7604 0.8134 0.5924 0.7019 0.8047 0.6065 0.7998 0.6514 0.7096 
93
0
11
24 0 13 8 30 0 38 0 0 1
28 0 11 11 30 0 29 0 0 1
33 1 10 9 30 0 20 0 0 1
34 0 11 6 30 0 15 0 0 1
35 1 13 10 20 0 15 0 0 0
36 0 11 9 20 0 11 0 0 0
37 1 9 12 20 0 11 0 0 0
38 0 7 11 30 0 6 0 0 1
39 1 11 11 20 0 6 0 0 0
40 0 0 8 20 0 2 0 2 0
41 1 14 10 20 0 2 0 0 0
21 58
34 35 0 0 0 0
2
0 0 21 6
2 0 8 0
1
3 0 0 2 6
0.6077 0.6776 0.7631 0.7026 0.7340 0.6066 0.7215 0.6294 3.6854 0.6330 7.9519 0.6782 0.5848 0.7529 0.5725 0.7497 0.6456 0.7895 0.6672 
0.6384 0.7124 0.6878 0.6852 0.6309 0.6946 3.6192 3.7367 0.5964 11.1044 0.6143 0.6961 0.7302 0.7689 0.6176 0.5744 0.5750 0.7935 0.6337 
0.6536 0.6139 0.7175 0.7402 0.6539 3.6068 3.5742 0.6762 0.5823 67.6861 0.6557 0.7956 0.6734 0.7222 0.5701 0.6552 0.5825 0.5987 0.5754 
0.7020 0.6530 0.7362 0.7877 0.5972 0.6127 0.7131 3.6628 18.1643 64.8647 50.3323 7.7102 0.6464 0.6393 0.6863 0.7233 0.5680 0.6733 0.7899 
7.9765 8.1425 0.7794 0.6296 0.5719 0.6377 12.4947 21.0771 16.6646 0.6056 43.3237 7.5837 7.6497 0.6448 0.6616 0.6742 0.5708 0.7854 0.7033 
8.1714 8.1434 8.0813 0.5752 8.1188 12.4682 0.7941 0.6024 9.3539 0.5950 43.1672 0.7423 0.7364 7.6758 0.6817 0.5969 0.7471 0.5674 0.7192 
8.1250 0.6066 0.7767 7.9761 0.7940 5.2233 5.1219 0.7680 11.2726 0.5787 43.1839 0.5852 7.5983 7.5886 0.6673 0.6175 0.7592 0.7540 0.5752 
8.1154 0.6701 8.0867 8.1635 0.7575 0.6781 7.1918 2.8280 0.5991 43.2732 0.7207 6.1780 13.2500 0.6616 0.5660 0.6834 0.6752 0.6653 0.5797 
8.0449 8.0406 0.7065 7.9588 0.7315 5.0522 7.2960 0.7645 38.8605 41.1811 2.9051 0.5651 13.2761 9.7652 0.7422 0.5925 0.5981 0.6030 0.6714 
0.6120 0.7571 0.6822 8.0680 0.6696 0.5661 7.1496 0.7469 38.8783 0.7870 2.9086 0.7446 13.3911 0.7526 0.6665 0.5909 0.7559 0.6100 0.6489 
0.7877 0.6339 0.5777 8.0784 0.6729 2.0932 7.2656 0.6495 0.5652 41.1939 0.6415 0.7909 13.1680 0.5771 0.6523 0.6665 0.7083 0.5754 0.6710 
0.6055 0.6285 0.7140 8.0327 0.6539 0.6192 4.4225 9.4395 9.3364 45.7659 45.7338 0.6065 13.3895 0.7292 0.6821 0.7430 0.6765 0.6539 0.6027 
0.7079 0.5994 0.7752 7.9588 10.3060 2.8518 0.5909 0.6372 2.6922 0.7797 45.7204 0.5989 0.7943 13.3906 7.6191 0.7168 0.5762 0.6718 0.5938 
0.6659 0.6987 0.6383 0.6794 2.8835 7.9596 8.0955 0.7257 2.7445 0.5794 45.6933 0.6376 21.1150 21.0246 11.8874 0.6733 0.7577 0.7739 0.6484 
0.6808 0.6604 0.6056 0.6887 2.8636 0.6050 0.7778 10.0665 12.3016 0.5996 58.2881 34.9596 0.6539 0.5702 8.6311 0.6591 0.6076 0.6403 0.7602 
0.7771 0.7464 0.6460 3.0168 2.8906 0.6823 3.0447 2.8790 0.7939 67.7789 0.7200 10.2201 12.0843 0.5720 8.5245 2.9144 0.7138 0.5802 0.7719 
0.5747 0.5899 0.6505 0.5997 0.5997 2.8755 2.8947 0.7265 0.6249 67.7778 0.6768 0.7083 12.0011 8.4573 0.6673 0.5795 0.6451 0.6836 0.7307 
0.7702 0.7975 0.7492 0.7093 0.6920 0.5847 0.7964 0.6034 0.6424 9.8362 9.6484 9.6329 0.7051 0.6906 0.6390 0.7140 0.6100 0.5934 0.6244 
0.7158 0.6913 0.6101 0.6481 0.5771 0.6303 0.7404 0.5941 0.6015 0.5975 0.6504 0.7181 0.7371 0.6157 0.6359 0.7093 0.7234 0.6108 0.7322 
0.7182 0.6765 0.6897 0.6558 0.7830 0.7812 0.5761 0.7716 0.7294 0.7459 0.6887 0.7401 0.6465 0.5968 0.5802 0.7521 0.6998 0.6384 0.6263 
0.7851 0.6473 0.7864 0.7909 0.5846 0.6690 0.5876 0.6396 0.6241 0.7907 0.6472 0.7344 0.7373 0.6333 0.6536 0.6804 0.7746 0.7597 0.7069 
0.7642 0.5763 0.7988 0.7551 0.7788 0.7026 0.6148 0.5849 0.6863 63.5533 0.6673 0.5979 0.6863 0.6149 0.7154 0.7952 0.5974 0.7076 0.5983 
0.7583 0.6233 0.6107 0.7374 0.5737 0.7438 0.6704 2.5858 28.9255 63.5679 42.0445 5.2993 0.6093 0.7026 0.7396 0.7473 0.7965 0.5728 0.6675 
0.7200 0.6511 0.7751 0.6894 0.7271 0.7502 7.3682 20.3787 28.9343 0.6610 41.9653 8.5560 0.7433 0.6456 0.5852 0.6583 0.7726 0.6668 0.6438 
0.5780 0.7065 0.7661 0.5781 5.7815 7.3647 0.7100 0.6970 25.7386 0.7856 38.8862 0.7021 0.6735 0.7022 0.7645 0.7046 0.6215 0.6678 0.7711 
0.6663 0.6264 0.6028 3.7601 0.6259 4.0948 2.2326 0.6969 25.7456 0.7374 53.5216 0.7891 2.1440 0.6545 0.6338 0.6735 0.7303 0.5719 0.7016 
0.7269 0.5950 3.8249 3.8976 0.7147 0.7772 7.5733 7.5888 0.7723 34.3722 0.6170 39.3741 39.4065 0.7439 0.6958 0.7920 0.6335 0.7760 0.6690 
0.7865 0.7982 0.7208 3.8300 0.6545 6.0669 6.0718 0.7326 14.2125 19.7994 9.5697 0.6352 39.3053 2.1085 0.7208 0.7046 0.7695 0.7946 0.6358 
0.6215 0.7606 0.7812 3.8589 0.6325 0.7505 2.7113 0.6804 14.1374 0.5704 6.1626 0.6191 39.4123 0.6983 0.5812 0.6838 0.6747 0.6019 0.5869 
0.7330 0.7477 0.6912 3.9070 3.7334 3.7176 5.8107 0.7586 0.6048 19.7219 0.5936 0.7426 39.5133 4.0527 0.6862 0.6273 0.5999 0.5880 0.7638 
0.6372 0.7316 0.6419 0.6304 0.5823 0.6093 8.9029 5.9186 11.4346 25.2490 55.3186 39.4637 2.6210 0.7230 0.7604 0.6456 0.5876 0.6886 0.7693 
0.5762 0.5957 0.6828 0.6004 0.5798 6.9315 0.7091 0.7642 11.4539 0.7836 49.7520 0.7564 0.7891 0.6056 0.7751 0.5994 0.5823 0.7720 0.7441 
0.7719 0.6209 0.5832 0.7289 0.6250 6.9871 6.9587 0.6106 14.6549 0.6005 49.5352 0.6602 0.7073 0.7618 0.6504 0.6145 0.6599 0.6343 0.5761 
0.6689 0.7344 0.6578 0.7138 0.7154 0.7712 0.6633 6.9120 14.5674 0.5652 49.7390 5.8928 0.7242 0.5678 0.6930 0.7532 0.7507 0.7595 0.7512 
0.7980 0.7289 0.5736 0.6723 0.7386 0.6071 0.7788 0.7001 0.6505 63.4211 0.7338 0.7424 0.7606 0.6056 0.6016 0.7531 0.7809 0.6236 0.7811 
0.7639 0.7103 0.6163 0.6929 0.7028 0.7010 0.7252 0.6190 0.6515 63.4650 0.7853 0.7535 0.6910 0.6032 0.6094 0.7910 0.7360 0.6122 0.7847 
0.7993 0.6495 0.6175 0.7827 0.7137 0.6984 0.6077 0.6474 0.6496 2.6701 0.6591 0.5687 0.7526 0.6016 0.6196 0.7277 0.5701 0.6978 0.5904 
0.6692 0.7736 0.7586 0.5701 0.7770 0.6938 0.6691 0.5658 0.5852 0.6794 0.7406 0.7920 0.5776 0.6838 0.7836 0.5913 0.7788 0.6349 0.6913 
94
0
11
24 0 14 8 30 0 39 0 0 1
28 0 11 10 30 0 30 0 0 1
33 1 9 8 30 0 21 0 0 1
34 0 11 7 30 0 16 0 0 1
35 1 12 10 20 0 16 0 0 0
36 0 11 10 20 0 12 0 0 0
37 1 8 12 20 0 12 0 0 0
38 0 7 12 30 0 7 0 0 1
39 1 10 12 20 0 7 0 0 0
40 0 1 7 20 0 3 0 2 0
41 1 13 10 20 0 3 0 0 0
24 61
34 35 0 0 0 0
2
0 0 20 5
1 0 7 0
1
3 0 0 2 5
0.5925 0.6603 0.7432 0.6845 0.7150 0.5914 0.7029 0.6135 3.5778 0.6170 7.7163 0.6609 0.5703 0.7333 0.5583 0.7302 0.6292 0.7688 0.6502 
0.6222 0.6940 0.6702 0.6676 0.6150 0.6768 3.5136 3.6276 0.5815 10.7743 0.5989 0.6782 0.7113 0.7488 0.6021 0.5602 0.5608 0.7727 0.6177 
0.6370 0.5985 0.6990 0.7210 0.6373 3.5016 3.4700 0.6589 0.5678 65.6585 0.6390 0.7747 0.6562 0.7035 0.5560 0.6385 0.5680 0.5837 0.5611 
0.6839 0.6364 0.7171 0.7671 0.5823 0.5973 0.6947 3.5559 17.6224 62.9218 48.8253 7.4819 0.6300 0.6231 0.6687 0.7046 0.5540 0.6561 0.7692 
7.7402 7.9012 0.7590 0.6137 0.5577 0.6216 12.1229 20.4478 16.1677 0.5904 42.0270 7.3592 7.4232 0.6285 0.6448 0.6570 0.5567 0.7648 0.6852 
7.9293 7.9021 7.8419 0.5609 7.8782 12.0972 0.7733 0.5873 9.0763 0.5802 41.8752 0.7230 0.7173 7.4485 0.6642 0.5820 0.7277 0.5534 0.7006 
7.8843 0.5914 0.7564 7.7398 0.7732 5.0696 4.9712 0.7480 10.9374 0.5643 41.8914 0.5706 7.3734 7.3639 0.6503 0.6020 0.7394 0.7344 0.5609 
7.8749 0.6530 7.8471 7.9216 0.7378 0.6608 6.9790 2.7462 0.5841 41.9780 0.7021 5.9957 12.8555 0.6448 0.5520 0.6659 0.6579 0.6483 0.5653 
7.8066 7.8024 0.6883 7.7230 0.7126 4.9036 7.0801 0.7446 37.6977 39.9487 2.8209 0.5511 12.8808 9.4752 0.7229 0.5777 0.5832 0.5879 0.6543 
0.5966 0.7374 0.6647 7.8290 0.6525 0.5521 6.9381 0.7275 37.7150 0.7664 2.8243 0.7253 12.9924 0.7330 0.6495 0.5762 0.7362 0.5947 0.6324 
0.7671 0.6179 0.5634 7.8390 0.6557 2.0334 7.0506 0.6330 0.5512 39.9611 0.6253 0.7702 12.7760 0.5628 0.6357 0.6495 0.6901 0.5611 0.6539 
0.5903 0.6126 0.6956 7.7947 0.6373 0.6036 4.2928 9.1593 9.0593 44.3959 44.3648 0.5913 12.9908 0.7103 0.6646 0.7237 0.6592 0.6373 0.5876 
0.6897 0.5844 0.7549 7.7230 9.9998 2.7692 0.5762 0.6211 2.6144 0.7593 44.3518 0.5839 0.7735 12.9919 7.3935 0.6983 0.5619 0.6546 0.5790 
0.6489 0.6807 0.6222 0.6620 2.8000 7.7238 7.8556 0.7069 2.6652 0.5650 44.3255 0.6215 20.4846 20.3969 11.5338 0.6561 0.7380 0.7537 0.6319 
0.6634 0.6436 0.5904 0.6710 2.7807 0.5899 0.7575 9.7675 11.9356 0.5846 56.5425 33.9138 0.6373 0.5561 8.3752 0.6423 0.5924 0.6241 0.7404 
0.7568 0.7270 0.6296 2.9293 2.8069 0.6648 2.9564 2.7956 0.7731 65.7485 0.7014 9.9165 11.7248 0.5578 8.2718 2.8300 0.6954 0.5658 0.7517 
0.5605 0.5752 0.6340 0.5847 0.5847 2.7922 2.8109 0.7077 0.6092 65.7475 0.6595 0.6901 11.6441 8.2066 0.6503 0.5651 0.6287 0.6661 0.7118 
0.7501 0.7766 0.7297 0.6910 0.6742 0.5702 0.7755 0.5883 0.6261 9.5441 9.3619 9.3469 0.6869 0.6729 0.6228 0.6956 0.5947 0.5786 0.6087 
0.6973 0.6736 0.5948 0.6317 0.5628 0.6144 0.7212 0.5793 0.5865 0.5826 0.6339 0.6996 0.7180 0.6002 0.6198 0.6910 0.7047 0.5955 0.7132 
0.6997 0.6592 0.6720 0.6391 0.7625 0.7608 0.5618 0.7515 0.7105 0.7265 0.6710 0.7209 0.6301 0.5819 0.5658 0.7325 0.6818 0.6222 0.6105 
0.7645 0.6309 0.7658 0.7702 0.5701 0.6519 0.5730 0.6234 0.6084 0.7700 0.6308 0.7154 0.7182 0.6173 0.6370 0.6630 0.7544 0.7399 0.6887 
0.7443 0.5620 0.7778 0.7354 0.7584 0.6845 0.5994 0.5704 0.6687 61.6497 0.6503 0.5830 0.6687 0.5995 0.6969 0.7743 0.5825 0.6894 0.5834 
0.7386 0.6076 0.5954 0.7183 0.5595 0.7245 0.6533 2.5112 28.0607 61.6639 40.7862 5.1433 0.5940 0.6845 0.7204 0.7279 0.7756 0.5586 0.6505 
0.7014 0.6346 0.7548 0.6717 0.7083 0.7307 7.1502 19.7703 28.0693 0.6442 40.7093 8.3023 0.7240 0.6292 0.5706 0.6416 0.7524 0.6498 0.6275 
0.5637 0.6883 0.7461 0.5638 5.6111 7.1468 0.6917 0.6791 24.9694 0.7650 37.7226 0.6840 0.6563 0.6841 0.7446 0.6865 0.6059 0.6508 0.7510 
0.6493 0.6106 0.5877 3.6503 0.6101 3.9750 2.1686 0.6790 24.9762 0.7183 51.9190 0.7684 2.0827 0.6379 0.6178 0.6563 0.7114 0.5577 0.6836 
0.7081 0.5802 3.7132 3.7837 0.6963 0.7569 7.3491 7.3641 0.7521 33.3440 0.6015 38.1959 38.2273 0.7246 0.6779 0.7712 0.6175 0.7557 0.6519 
0.7659 0.7773 0.7022 3.7181 0.6379 5.8879 5.8926 0.7136 13.7891 19.2084 9.2856 0.6191 38.1291 2.0482 0.7022 0.6865 0.7494 0.7738 0.6197 
0.6059 0.7408 0.7608 3.7461 0.6165 0.7310 2.6330 0.6630 13.7163 0.5563 5.9807 0.6035 38.2329 0.6804 0.5668 0.6663 0.6575 0.5868 0.5723 
0.7140 0.7283 0.6735 3.7928 3.6244 3.6091 5.6394 0.7388 0.5897 19.1332 0.5788 0.7233 38.3309 3.9341 0.6686 0.6115 0.5849 0.5734 0.7439 
0.6211 0.7127 0.6256 0.6145 0.5678 0.5940 8.6388 5.7440 11.0946 24.4945 53.6620 38.2828 2.5454 0.7043 0.7406 0.6292 0.5730 0.6709 0.7492 
0.5619 0.5808 0.6653 0.5854 0.5654 6.7266 0.6908 0.7443 11.1133 0.7631 48.2624 0.7367 0.7684 0.5904 0.7548 0.5844 0.5678 0.7518 0.7248 
0.7517 0.6053 0.5687 0.7100 0.6093 6.7805 6.7529 0.5953 14.2183 0.5855 48.0521 0.6434 0.6891 0.7419 0.6339 0.5991 0.6431 0.6183 0.5618 
0.6518 0.7154 0.6411 0.6954 0.6969 0.7511 0.6464 6.7076 14.1334 0.5512 48.2498 5.7190 0.7055 0.5538 0.6752 0.7336 0.7312 0.7397 0.7317 
0.7771 0.7100 0.5594 0.6551 0.7194 0.5919 0.7584 0.6821 0.6340 61.5215 0.7148 0.7231 0.7408 0.5904 0.5866 0.7335 0.7605 0.6079 0.7607 
0.7440 0.6920 0.6008 0.6751 0.6847 0.6830 0.7064 0.6034 0.6350 61.5641 0.7647 0.7339 0.6733 0.5881 0.5941 0.7703 0.7169 0.5968 0.7642 
0.7783 0.6330 0.6020 0.7622 0.6953 0.6804 0.5925 0.6310 0.6331 2.5930 0.6423 0.5546 0.7330 0.5866 0.6040 0.7089 0.5560 0.6799 0.5757 
0.6521 0.7534 0.7388 0.5560 0.7567 0.6760 0.6520 0.5518 0.5706 0.6620 0.7214 0.7712 0.5633 0.6663 0.7631 0.5766 0.7584 0.6189 0.6736 
95
0
11
24 0 15 9 30 0 40 0 0 1
28 0 12 10 30 0 31 0 0 1
33 1 8 8 30 0 22 0 0 1
34 0 11 8 30 0 17 0 0 1
35 1 11 10 20 0 17 0 0 0
36 0 12 10 20 0 13 0 0 0
37 1 7 12 20 0 13 0 0 0
38 0 8 12 30 0 8 0 0 1
39 1 9 12 20 0 8 0 0 0
40 0 1 6 20 0 4 0 2 0
41 1 12 10 20 0 4 0 0 0
24 61
34 35 0 0 0 0
2
0 0 19 4
0 0 6 0
1
3 0 0 2 4
0.5777 0.6435 0.7239 0.6670 0.6966 0.5767 0.6848 0.5981 3.4735 0.6015 7.4878 0.6441 0.5562 0.7143 0.5446 0.7113 0.6133 0.7487 0.6337 
0.6065 0.6762 0.6531 0.6506 0.5996 0.6595 3.4112 3.5218 0.5671 10.4541 0.5839 0.6609 0.6930 0.7293 0.5870 0.5464 0.5470 0.7525 0.6022 
0.6209 0.5835 0.6810 0.7024 0.6212 3.3996 3.3689 0.6421 0.5538 63.6917 0.6228 0.7545 0.6395 0.6854 0.5423 0.6223 0.5540 0.5692 0.5473 
0.6664 0.6203 0.6986 0.7471 0.5678 0.5824 0.6769 3.4522 17.0967 61.0371 47.3635 7.2604 0.6141 0.6074 0.6516 0.6865 0.5404 0.6394 0.7491 
7.5110 7.6672 0.7392 0.5983 0.5440 0.6060 11.7622 19.8374 15.6857 0.5757 40.7692 7.1414 7.2035 0.6126 0.6285 0.6403 0.5430 0.7449 0.6676 
7.6944 7.6680 7.6096 0.5471 7.6449 11.7373 0.7531 0.5727 8.8070 0.5658 40.6219 0.7043 0.6988 7.2280 0.6473 0.5675 0.7089 0.5398 0.6826 
7.6508 0.5767 0.7367 7.5106 0.7530 4.9205 4.8251 0.7286 10.6123 0.5504 40.6377 0.5565 7.1552 7.1460 0.6338 0.5869 0.7202 0.7154 0.5471 
7.6417 0.6364 7.6147 7.6870 0.7187 0.6440 6.7726 2.6668 0.5696 40.7217 0.6840 5.8188 12.4728 0.6285 0.5384 0.6489 0.6412 0.6319 0.5513 
7.5754 7.5713 0.6707 7.4943 0.6942 4.7595 6.8707 0.7253 36.5698 38.7532 2.7393 0.5376 12.4974 9.1939 0.7042 0.5634 0.5687 0.5733 0.6377 
0.5817 0.7183 0.6478 7.5971 0.6359 0.5385 6.7330 0.7087 36.5866 0.7464 2.7426 0.7065 12.6056 0.7140 0.6330 0.5619 0.7171 0.5799 0.6164 
0.7471 0.6024 0.5495 7.6068 0.6390 1.9754 6.8421 0.6170 0.5377 38.7653 0.6095 0.7501 12.3957 0.5489 0.6196 0.6330 0.6724 0.5473 0.6373 
0.5756 0.5972 0.6777 7.5639 0.6212 0.5885 4.1670 8.8875 8.7905 43.0670 43.0369 0.5766 12.6041 0.6920 0.6477 0.7050 0.6424 0.6212 0.5730 
0.6720 0.5699 0.7353 7.4943 9.7028 2.6891 0.5619 0.6055 2.5390 0.7395 43.0242 0.5694 0.7533 12.6051 7.1747 0.6804 0.5480 0.6380 0.5646 
0.6324 0.6633 0.6065 0.6451 2.7190 7.4951 7.6229 0.6887 2.5882 0.5511 42.9987 0.6059 19.8731 19.7880 11.1908 0.6394 0.7189 0.7341 0.6159 
0.6465 0.6273 0.5757 0.6539 2.7003 0.5752 0.7378 9.4775 11.5805 0.5701 54.8492 32.8994 0.6212 0.5424 8.1269 0.6260 0.5776 0.6084 0.7212 
0.7371 0.7082 0.6137 2.8444 2.7257 0.6479 2.8707 2.7147 0.7529 63.7790 0.6834 9.6220 11.3761 0.5441 8.0266 2.7481 0.6775 0.5518 0.7321 
0.5467 0.5609 0.6180 0.5702 0.5702 2.7114 2.7296 0.6895 0.5939 63.7781 0.6427 0.6724 11.2978 7.9634 0.6338 0.5511 0.6128 0.6491 0.6934 
0.7306 0.7563 0.7108 0.6733 0.6570 0.5561 0.7552 0.5737 0.6103 9.2608 9.0840 9.0695 0.6693 0.6557 0.6071 0.6777 0.5799 0.5642 0.5934 
0.6794 0.6564 0.5800 0.6157 0.5489 0.5990 0.7026 0.5649 0.5719 0.5681 0.6179 0.6816 0.6995 0.5852 0.6042 0.6733 0.6866 0.5806 0.6948 
0.6817 0.6424 0.6548 0.6229 0.7426 0.7410 0.5479 0.7320 0.6922 0.7077 0.6539 0.7023 0.6142 0.5674 0.5518 0.7135 0.6643 0.6065 0.5952 
0.7446 0.6150 0.7458 0.7501 0.5560 0.6353 0.5588 0.6077 0.5931 0.7499 0.6149 0.6969 0.6997 0.6018 0.6209 0.6461 0.7348 0.7207 0.6710 
0.7250 0.5481 0.7575 0.7163 0.7386 0.6670 0.5844 0.5563 0.6516 59.8032 0.6338 0.5685 0.6516 0.5845 0.6790 0.7541 0.5680 0.6717 0.5689 
0.7194 0.5924 0.5805 0.6998 0.5457 0.7058 0.6367 2.4389 27.2219 59.8170 39.5656 4.9920 0.5792 0.6670 0.7018 0.7091 0.7553 0.5448 0.6340 
0.6834 0.6186 0.7352 0.6545 0.6901 0.7118 6.9387 19.1802 27.2302 0.6279 39.4910 8.0562 0.7053 0.6133 0.5565 0.6254 0.7328 0.6333 0.6117 
0.5498 0.6707 0.7267 0.5499 5.4458 6.9354 0.6739 0.6617 24.2233 0.7451 36.5939 0.6665 0.6396 0.6666 0.7253 0.6689 0.5907 0.6343 0.7315 
0.6328 0.5953 0.5731 3.5438 0.5948 3.8588 2.1065 0.6616 24.2299 0.6998 50.3644 0.7483 2.0232 0.6218 0.6023 0.6396 0.6931 0.5440 0.6661 
0.6899 0.5658 3.6048 3.6732 0.6784 0.7372 7.1316 7.1462 0.7325 32.3467 0.5865 37.0530 37.0835 0.7059 0.6606 0.7511 0.6020 0.7360 0.6353 
0.7459 0.7570 0.6841 3.6096 0.6218 5.7143 5.7188 0.6952 13.3784 18.6351 9.0100 0.6035 36.9882 1.9898 0.6841 0.6689 0.7299 0.7536 0.6041 
0.5907 0.7216 0.7410 3.6367 0.6010 0.7121 2.5570 0.6461 13.3078 0.5426 5.8043 0.5884 37.0889 0.6630 0.5528 0.6493 0.6408 0.5722 0.5581 
0.6956 0.7095 0.6563 3.6820 3.5187 3.5038 5.4732 0.7196 0.5750 18.5622 0.5644 0.7046 37.1840 3.8191 0.6515 0.5962 0.5704 0.5592 0.7246 
0.6055 0.6943 0.6098 0.5991 0.5538 0.5792 8.3826 5.5747 10.7648 23.7627 52.0551 37.1373 2.4720 0.6862 0.7214 0.6133 0.5588 0.6538 0.7297 
0.5480 0.5664 0.6483 0.5708 0.5514 6.5278 0.6731 0.7250 10.7829 0.7432 46.8175 0.7176 0.7483 0.5757 0.7352 0.5699 0.5538 0.7322 0.7061 
0.7321 0.5901 0.5546 0.6917 0.5940 6.5801 6.5533 0.5804 13.7948 0.5709 46.6135 0.6271 0.6714 0.7226 0.6179 0.5841 0.6268 0.6028 0.5479 
0.6352 0.6969 0.6249 0.6775 0.6790 0.7316 0.6300 6.5094 13.7124 0.5377 46.8053 5.5504 0.6873 0.5402 0.6579 0.7146 0.7123 0.7205 0.7127 
0.7568 0.6917 0.5456 0.6384 0.7008 0.5771 0.7386 0.6646 0.6180 59.6789 0.6964 0.7044 0.7216 0.5757 0.5720 0.7145 0.7407 0.5927 0.7409 
0.7247 0.6742 0.5858 0.6578 0.6672 0.6655 0.6882 0.5883 0.6190 59.7202 0.7448 0.7149 0.6561 0.5735 0.5793 0.7502 0.6984 0.5819 0.7443 
0.7580 0.6170 0.5869 0.7423 0.6774 0.6630 0.5777 0.6151 0.6171 2.5182 0.6260 0.5410 0.7140 0.5720 0.5889 0.6906 0.5423 0.6625 0.5614 
0.6355 0.7338 0.7196 0.5423 0.7370 0.6587 0.6354 0.5382 0.5565 0.6451 0.7028 0.7511 0.5494 0.6493 0.7432 0.5623 0.7386 0.6033 0.6564 
96
0
13
24 0 16 9 30 0 41 1 0 1
28 0 13 10 30 0 32 0 0 1
33 1 8 9 30 0 23 0 0 1
34 0 11 9 30 0 18 0 0 1
35 1 11 9 20 0 18 0 0 0
36 0 13 10 20 0 14 0 0 0
37 1 7 11 20 0 14 0 0 0
38 0 9 12 30 0 9 0 0 1
39 1 8 12 20 0 9 0 0 0
40 0 2 5 20 0 5 0 0 0
41 1 11 10 20 0 5 0 0 0
42 0 2 9 20 0 0 0 0 0
43 1 16 9 20 0 0 0 1 0
37 64
34 34 0 0 0 0
2
0 0 18 3
0 0 5 0
1
3 0 0 2 3
0.5634 0.6272 0.7052 0.6500 0.6787 0.5624 0.6673 0.5832 13.3723 0.5865 7.2662 0.6278 0.5425 0.6959 0.5313 0.6930 0.5979 0.7292 0.6177 
0.5913 0.6589 0.6365 0.6341 0.5846 0.6427 13.3119 13.4191 0.5531 20.1435 0.5694 0.6441 0.6752 0.7104 0.5724 0.5330 0.5336 0.7329 0.5871 
0.6053 0.5690 0.6636 0.6843 0.6056 13.3006 13.2708 0.6258 0.5402 71.7839 0.6071 0.7349 0.6233 0.6678 0.5290 0.6066 0.5404 0.5551 0.5339 
0.6494 0.6047 0.6806 0.7277 0.5538 0.5679 0.6596 3.3516 16.5868 69.2090 55.9456 7.0456 0.5987 0.5922 0.6351 0.6689 0.5272 0.6232 0.7296 
7.2887 7.4402 0.7200 0.5834 0.5307 0.5908 11.4123 19.2453 15.2181 0.5614 49.5491 6.9302 6.9904 0.5972 0.6126 0.6241 0.5297 0.7256 0.6506 
7.4666 7.4410 7.3843 0.5337 7.4186 11.3882 0.7335 0.5585 8.5458 0.5518 49.4062 0.6862 0.6808 7.0142 0.6309 0.5535 0.6906 0.5266 0.6651 
7.4243 0.5624 0.7176 7.2883 0.7334 4.7759 4.6833 0.7097 10.2969 0.5369 49.4216 0.5428 16.9435 6.9346 0.6178 0.5723 0.7016 0.6969 0.5337 
7.4154 0.6203 7.3893 7.4594 0.7001 0.6277 6.5724 2.5898 0.5555 39.5030 0.6665 15.6472 22.1016 0.6126 0.5252 0.6324 0.6250 0.6159 0.5378 
7.3511 7.3472 0.6536 7.2725 0.6764 4.6197 6.6676 0.7065 35.4757 37.5936 2.6601 0.5245 22.1255 18.9211 0.6861 0.5495 0.5546 0.5591 0.6216 
0.5672 0.6998 0.6314 7.3722 0.6198 0.5253 6.5340 0.6904 35.4920 0.7270 2.6633 0.6883 22.2304 0.6956 0.6170 0.5480 0.6986 0.5655 0.6009 
0.7277 0.5873 0.5360 7.3816 0.6228 1.9191 6.6398 0.6015 0.5246 37.6053 0.5942 0.7306 22.0268 0.5354 0.6040 0.6170 0.6552 0.5339 0.6212 
0.5613 0.5823 0.6604 7.3400 0.6056 0.5738 4.0450 8.6239 18.5298 51.7780 51.7488 0.5623 22.2290 0.6742 0.6313 0.6869 0.6261 0.6056 0.5588 
0.6548 0.5558 0.7162 7.2725 9.4147 2.6114 0.5480 0.5903 12.4658 0.7203 51.7365 0.5553 0.7337 22.2299 6.9625 0.6630 0.5346 0.6219 0.5507 
0.6164 0.6464 0.5913 0.6287 2.6404 7.2732 7.3972 0.6710 12.5136 0.5376 51.7117 0.5907 29.2799 29.1974 10.8581 0.6232 0.7003 0.7151 0.6004 
0.6301 0.6115 0.5614 0.6373 2.6223 0.5609 0.7187 9.1962 21.2361 0.5560 63.2067 41.9154 0.6056 0.5291 7.8861 0.6102 0.5633 0.5931 0.7026 
0.7180 0.6900 0.5983 2.7621 2.6469 0.6315 2.7876 2.6363 0.7333 71.8686 0.6659 9.3363 11.0378 0.5308 7.7888 2.6687 0.6602 0.5382 0.7131 
0.5333 0.5471 0.6025 0.5561 0.5561 2.6331 2.6507 0.6718 0.5791 71.8678 0.6264 0.6552 10.9619 7.7275 0.6178 0.5376 0.5974 0.6326 0.6756 
0.7117 0.7366 0.6925 0.6561 0.6403 0.5424 0.7355 0.5595 0.5950 8.9860 8.8145 8.8004 0.6522 0.6390 0.5919 0.6604 0.5655 0.5503 0.5786 
0.6620 0.6397 0.5656 0.6002 0.5354 0.5840 0.6845 0.5510 0.5577 0.5541 0.6024 0.6642 0.6815 0.5706 0.5891 0.6561 0.6690 0.5662 0.6770 
0.6642 0.6261 0.6382 0.6072 0.7233 0.7218 0.5345 0.7130 0.6744 0.6895 0.6373 0.6842 0.5988 0.5534 0.5382 0.6951 0.6474 0.5913 0.5803 
0.7253 0.5996 0.7264 0.7306 0.5423 0.6192 0.5450 0.5925 0.5783 0.7304 0.5995 0.6790 0.6817 0.5867 0.6053 0.6297 0.7158 0.7021 0.6539 
0.7063 0.5347 0.7378 0.6978 0.7194 0.6500 0.5699 0.5426 0.6351 58.0121 0.6178 0.5544 0.6351 0.5700 0.6616 0.7345 0.5540 0.6545 0.5548 
0.7008 0.5776 0.5661 0.6818 0.5323 0.6876 0.6206 2.3687 26.4082 58.0255 38.3816 4.8452 0.5648 0.6500 0.6837 0.6908 0.7356 0.5315 0.6180 
0.6659 0.6030 0.7161 0.6379 0.6724 0.6934 6.7335 18.6078 26.4163 0.6121 38.3093 7.8175 0.6871 0.5979 0.5428 0.6096 0.7138 0.6173 0.5963 
0.5363 0.6536 0.7079 0.5364 5.2854 6.7303 0.6567 0.6448 23.4996 0.7257 35.4991 0.6495 0.6234 0.6496 0.7065 0.6518 0.5760 0.6183 0.7126 
0.6168 0.5804 0.5589 3.4405 0.5800 3.7460 2.0463 0.6448 23.5060 0.6818 48.8565 0.7289 1.9655 0.6061 0.5872 0.6234 0.6753 0.5307 0.6491 
0.6722 0.5518 3.4997 3.5660 0.6610 0.7181 6.9207 6.9348 0.7135 31.3793 0.5719 35.9444 35.9740 0.6877 0.6438 0.7316 0.5869 0.7169 0.6192 
0.7265 0.7373 0.6666 3.5043 0.6061 5.5459 5.5502 0.6773 12.9800 18.0790 8.7427 0.5884 35.8816 1.9331 0.6666 0.6518 0.7110 0.7340 0.5890 
0.5760 0.7030 0.7218 3.5306 0.5860 0.6937 2.4833 0.6297 12.9116 0.5293 5.6332 0.5737 35.9792 0.6461 0.5392 0.6328 0.6246 0.5580 0.5444 
0.6777 0.6912 0.6396 3.5745 3.4161 3.4017 5.3120 0.7010 0.5608 18.0083 0.5505 0.6865 36.0715 3.7075 0.6350 0.5813 0.5563 0.5454 0.7059 
0.5903 0.6765 0.5945 0.5841 0.5402 0.5648 8.1341 5.4105 10.4449 23.0528 50.4964 36.0262 2.4008 0.6686 0.7028 0.5979 0.5450 0.6372 0.7108 
0.5346 0.5524 0.6319 0.5567 0.5379 6.3350 0.6559 0.7063 10.4624 0.7239 45.4160 0.6991 0.7289 0.5614 0.7161 0.5558 0.5402 0.7132 0.6879 
0.7131 0.5754 0.5410 0.6739 0.5792 6.3857 6.3597 0.5660 13.3840 0.5568 45.2181 0.6113 0.6543 0.7039 0.6024 0.5696 0.6110 0.5877 0.5345 
0.6191 0.6790 0.6092 0.6602 0.6616 0.7127 0.6141 6.3171 13.3040 0.5246 45.4041 5.3869 0.6697 0.5270 0.6412 0.6962 0.6939 0.7019 0.6943 
0.7371 0.6739 0.5322 0.6222 0.6828 0.5628 0.7194 0.6477 0.6025 57.8915 0.6785 0.6863 0.7030 0.5614 0.5578 0.6961 0.7215 0.5779 0.7217 
0.7060 0.6570 0.5712 0.6411 0.6502 0.6485 0.6706 0.5737 0.6034 57.9316 0.7255 0.6965 0.6394 0.5593 0.5649 0.7307 0.6804 0.5674 0.7250 
0.7383 0.6015 0.5723 0.7230 0.6601 0.6461 0.5634 0.5996 0.6016 2.4457 0.6102 0.5278 0.6956 0.5578 0.5742 0.6729 0.5290 0.6456 0.5476 
0.6194 0.7148 0.7010 0.5290 0.7179 0.6419 0.6193 0.5251 0.5428 0.6287 0.6847 0.7316 0.5359 0.6328 0.7239 0.5484 0.7194 0.5882 0.6397 
97
0
12
28 0 14 10 30 0 33 0 0 1
33 1 7 9 30 0 24 0 0 1
34 0 11 10 30 0 19 0 0 1
35 1 10 9 20 0 19 0 0 0
36 0 14 10 20 0 15 0 0 0
37 1 6 10 20 0 15 0 0 0
38 0 10 12 30 0 10 0 0 1
39 1 7 12 20 0 10 0 0 0
40 0 2 4 20 0 6 0 0 0
41 1 11 9 20 0 6 0 0 0
42 0 3 9 20 0 1 0 0 0
43 1 15 9 20 0 1 0 1 0
37 64
34 34 0 0 0 0
2
0 0 17 2
0 0 4 0
1
3 0 0 2 2
0.5495 0.6114 0.6870 0.6335 0.6613 0.5485 0.6503 0.5687 12.9741 0.5719 7.0512 0.6120 0.5292 0.6780 0.5184 0.6752 0.5830 0.7103 0.6022 
0.5766 0.6421 0.6204 0.6181 0.5701 0.6264 12.9155 13.0195 0.5395 19.5422 0.5553 0.6278 0.6579 0.6921 0.5582 0.5200 0.5206 0.7139 0.5725 
0.5901 0.5549 0.6467 0.6668 0.5904 12.9046 12.8757 0.6100 0.5270 69.6334 0.5919 0.7159 0.6076 0.6508 0.5161 0.5914 0.5272 0.5414 0.5209 
0.6329 0.5896 0.6632 0.7089 0.5402 0.5539 0.6428 3.2541 16.0922 67.1357 54.2702 6.8372 0.5837 0.5774 0.6190 0.6518 0.5144 0.6075 0.7107 
7.0730 7.2200 0.7014 0.5689 0.5178 0.5761 11.0729 18.6709 14.7646 0.5476 48.0656 6.7253 6.7837 0.5823 0.5972 0.6084 0.5168 0.7068 0.6341 
7.2456 7.2208 7.1658 0.5207 7.1990 11.0496 0.7145 0.5447 8.2924 0.5382 47.9270 0.6686 0.6634 6.8068 0.6150 0.5399 0.6729 0.5138 0.6481 
7.2046 0.5485 0.6991 7.0727 0.7144 4.6356 4.5458 0.6914 9.9910 0.5238 47.9420 0.5295 16.4382 6.7296 0.6023 0.5581 0.6836 0.6790 0.5207 
7.1959 0.6047 7.1706 7.2386 0.6821 0.6119 6.3782 2.5151 0.5418 38.3209 0.6495 15.1808 21.4416 0.5972 0.5124 0.6164 0.6093 0.6004 0.5247 
7.1336 7.1298 0.6370 7.0573 0.6591 4.4841 6.4706 0.6883 34.4144 36.4688 2.5833 0.5118 21.4647 18.3565 0.6685 0.5360 0.5410 0.5453 0.6060 
0.5532 0.6818 0.6155 7.1540 0.6042 0.5125 6.3410 0.6727 34.4302 0.7082 2.5864 0.6707 21.5665 0.6777 0.6015 0.5346 0.6806 0.5515 0.5859 
0.7089 0.5727 0.5229 7.1632 0.6071 1.8645 6.4436 0.5865 0.5119 36.4801 0.5794 0.7117 21.3690 0.5223 0.5889 0.6015 0.6385 0.5209 0.6056 
0.5475 0.5678 0.6436 7.1228 0.5904 0.5596 3.9267 8.3682 17.9769 50.2277 50.1993 0.5484 21.5651 0.6570 0.6154 0.6693 0.6103 0.5904 0.5450 
0.6382 0.5421 0.6977 7.0573 9.1353 2.5361 0.5346 0.5756 12.0948 0.7017 50.1874 0.5416 0.7147 21.5660 6.7566 0.6461 0.5216 0.6062 0.5372 
0.6009 0.6300 0.5766 0.6128 2.5642 7.0580 7.1783 0.6539 12.1412 0.5245 50.1633 0.5760 28.4045 28.3245 10.5354 0.6075 0.6823 0.6966 0.5854 
0.6142 0.5962 0.5476 0.6212 2.5466 0.5471 0.7001 8.9233 20.6020 0.5423 61.3135 40.6609 0.5904 0.5162 7.6525 0.5949 0.5494 0.5783 0.6845 
0.6995 0.6723 0.5834 2.6822 2.5705 0.6156 2.7070 2.5602 0.7143 69.7155 0.6489 9.0592 10.7097 0.5179 7.5581 2.5916 0.6434 0.5251 0.6947 
0.5203 0.5337 0.5874 0.5424 0.5424 2.5571 2.5742 0.6546 0.5647 69.7148 0.6106 0.6385 10.6360 7.4987 0.6023 0.5245 0.5825 0.6166 0.6583 
0.6933 0.7175 0.6747 0.6394 0.6241 0.5291 0.7164 0.5457 0.5802 8.7194 8.5531 8.5394 0.6356 0.6228 0.5771 0.6436 0.5515 0.5368 0.5642 
0.6451 0.6235 0.5516 0.5852 0.5223 0.5695 0.6670 0.5375 0.5440 0.5405 0.5873 0.6473 0.6641 0.5565 0.5744 0.6394 0.6519 0.5522 0.6597 
0.6473 0.6103 0.6221 0.5920 0.7046 0.7031 0.5215 0.6946 0.6572 0.6718 0.6212 0.6667 0.5838 0.5398 0.5251 0.6772 0.6310 0.5766 0.5659 
0.7065 0.5846 0.7076 0.7117 0.5290 0.6036 0.5317 0.5777 0.5640 0.7115 0.5845 0.6616 0.6642 0.5721 0.5901 0.6138 0.6973 0.6840 0.6373 
0.6881 0.5217 0.7187 0.6799 0.7008 0.6335 0.5558 0.5293 0.6190 56.2747 0.6023 0.5408 0.6190 0.5559 0.6448 0.7155 0.5404 0.6379 0.5412 
0.6828 0.5633 0.5521 0.6643 0.5193 0.6700 0.6050 2.3006 25.6190 56.2877 37.2332 4.7028 0.5509 0.6335 0.6662 0.6731 0.7165 0.5186 0.6025 
0.6489 0.5879 0.6976 0.6218 0.6552 0.6756 6.5345 18.0526 25.6268 0.5967 37.1630 7.5860 0.6695 0.5830 0.5295 0.5943 0.6954 0.6018 0.5814 
0.5232 0.6370 0.6897 0.5233 5.1298 6.5314 0.6400 0.6285 22.7976 0.7069 34.4371 0.6330 0.6077 0.6331 0.6883 0.6352 0.5617 0.6028 0.6942 
0.6013 0.5660 0.5451 3.3403 0.5656 3.6366 1.9879 0.6285 22.8038 0.6643 47.3938 0.7100 1.9095 0.5909 0.5726 0.6077 0.6580 0.5178 0.6326 
0.6550 0.5382 3.3977 3.4620 0.6442 0.6996 6.7161 6.7298 0.6951 30.4409 0.5577 34.8691 34.8978 0.6701 0.6275 0.7127 0.5723 0.6984 0.6036 
0.7077 0.7182 0.6496 3.4022 0.5909 5.3825 5.3867 0.6600 12.5936 17.5396 8.4834 0.5737 34.8082 1.8781 0.6496 0.6352 0.6927 0.7150 0.5743 
0.5617 0.6849 0.7031 3.4277 0.5714 0.6759 2.4118 0.6138 12.5273 0.5164 5.4672 0.5595 34.9028 0.6297 0.5260 0.6168 0.6089 0.5443 0.5311 
0.6604 0.6735 0.6234 3.4703 3.3166 3.3026 5.1556 0.6830 0.5470 17.4711 0.5370 0.6689 34.9924 3.5993 0.6190 0.5669 0.5426 0.5320 0.6877 
0.5756 0.6592 0.5797 0.5696 0.5270 0.5509 7.8931 5.2512 10.1346 22.3642 48.9845 34.9484 2.3318 0.6515 0.6847 0.5830 0.5317 0.6211 0.6925 
0.5216 0.5388 0.6159 0.5430 0.5248 6.1480 0.6392 0.6881 10.1515 0.7052 44.0565 0.6811 0.7100 0.5476 0.6976 0.5421 0.5270 0.6948 0.6703 
0.6947 0.5611 0.5278 0.6567 0.5648 6.1971 6.1719 0.5520 12.9855 0.5431 43.8646 0.5960 0.6377 0.6858 0.5873 0.5555 0.5957 0.5731 0.5215 
0.6035 0.6616 0.5939 0.6434 0.6448 0.6943 0.5987 6.1306 12.9079 0.5119 44.0450 5.2283 0.6526 0.5142 0.6250 0.6783 0.6761 0.6838 0.6765 
0.7180 0.6567 0.5192 0.6065 0.6653 0.5489 0.7008 0.6313 0.5874 56.1578 0.6611 0.6687 0.6849 0.5476 0.5441 0.6782 0.7029 0.5636 0.7030 
0.6878 0.6403 0.5571 0.6249 0.6337 0.6320 0.6535 0.5595 0.5883 56.1967 0.7067 0.6786 0.6232 0.5455 0.5510 0.7118 0.6630 0.5534 0.7063 
0.7192 0.5865 0.5581 0.7043 0.6433 0.6297 0.5495 0.5846 0.5866 2.3753 0.5949 0.5150 0.6777 0.5441 0.5600 0.6557 0.5161 0.6292 0.5342 
0.6038 0.6964 0.6830 0.5161 0.6994 0.6256 0.6037 0.5123 0.5295 0.6128 0.6672 0.7127 0.5228 0.6168 0.7052 0.5349 0.7008 0.5736 0.6235 
98
0
12
28 0 15 9 30 0 34 0 0 1
33 1 6 10 30 0 25 0 0 1
34 0 12 10 30 0 20 0 0 1
35 1 9 8 20 0 20 0 0 0
36 0 15 9 20 0 16 0 0 0
37 1 5 10 20 0 16 0 0 0
38 0 11 11 30 0 11 0 0 1
39 1 6 12 20 0 11 0 0 0
40 0 3 3 20 0 7 0 0 0
41 1 10 9 20 0 7 0 0 0
42 0 3 10 20 0 2 0 0 0
43 1 14 10 20 0 2 0 1 0
40 67
34 34 0 0 0 0
2
0 0 16 1
0 0 3 0
1
3 0 0 2 1
0.5360 0.5961 0.6694 0.6175 0.6445 0.5350 0.6338 0.5546 12.5879 0.5577 6.8427 0.5966 0.5163 0.6607 0.5058 0.6579 0.5685 0.6920 0.5871 
0.5623 0.6258 0.6048 0.6026 0.5560 0.6106 12.5310 12.6319 0.5263 18.9589 0.5416 0.6120 0.6412 0.6743 0.5445 0.5074 0.5080 0.6955 0.5583 
0.5754 0.5413 0.6303 0.6498 0.5757 12.5205 12.4924 0.5947 0.5142 67.5474 0.5771 0.6974 0.5924 0.6343 0.5036 0.5767 0.5144 0.5282 0.5083 
0.6169 0.5749 0.6463 0.6906 0.5270 0.5403 0.6265 3.1595 15.6124 65.1246 52.6451 6.6351 0.5692 0.5631 0.6034 0.6352 0.5020 0.5923 0.6924 
6.8638 7.0064 0.6834 0.5548 0.5053 0.5618 10.7437 18.1138 14.3247 0.5342 46.6266 6.5265 6.5832 0.5678 0.5823 0.5931 0.5043 0.6886 0.6181 
7.0312 7.0072 6.9538 0.5081 6.9860 10.7211 0.6961 0.5314 8.0466 0.5251 46.4922 0.6515 0.6465 6.6056 0.5996 0.5267 0.6557 0.5014 0.6317 
6.9915 0.5350 0.6811 6.8635 0.6960 4.4995 4.4124 0.6737 9.6943 0.5111 46.5067 0.5166 15.9481 6.5307 0.5872 0.5444 0.6661 0.6616 0.5081 
6.9830 0.5896 6.9585 7.0244 0.6646 0.5965 6.1899 2.4426 0.5285 37.1743 0.6330 14.7284 20.8014 0.5823 0.5000 0.6009 0.5940 0.5854 0.5120 
6.9226 6.9189 0.6209 6.8486 0.6423 4.3526 6.2795 0.6707 33.3850 35.3777 2.5088 0.4994 20.8238 17.8088 0.6514 0.5229 0.5278 0.5319 0.5908 
0.5396 0.6643 0.6000 6.9424 0.5891 0.5001 6.1538 0.6555 33.4003 0.6900 2.5118 0.6536 20.9225 0.6604 0.5865 0.5216 0.6632 0.5380 0.5713 
0.6906 0.5585 0.5102 6.9513 0.5919 1.8116 6.2533 0.5719 0.4995 35.3887 0.5650 0.6933 20.7309 0.5096 0.5742 0.5865 0.6223 0.5083 0.5904 
0.5341 0.5538 0.6273 6.9121 0.5757 0.5458 3.8119 8.1202 17.4406 48.7239 48.6963 0.5349 20.9211 0.6403 0.5999 0.6522 0.5950 0.5757 0.5317 
0.6221 0.5288 0.6798 6.8486 8.8642 2.4630 0.5216 0.5613 11.7350 0.6836 48.6848 0.5284 0.6963 20.9220 6.5569 0.6297 0.5090 0.5910 0.5241 
0.5859 0.6141 0.5623 0.5974 2.4903 6.8493 6.9660 0.6373 11.7800 0.5118 48.6614 0.5617 27.5554 27.4778 10.2223 0.5923 0.6648 0.6787 0.5708 
0.5988 0.5813 0.5342 0.6056 2.4732 0.5337 0.6821 8.6586 19.9869 0.5290 59.4771 39.4441 0.5757 0.5037 7.4259 0.5801 0.5359 0.5640 0.6670 
0.6815 0.6551 0.5689 2.6047 2.4964 0.6001 2.6288 2.4864 0.6959 67.6270 0.6324 8.7904 10.3914 0.5054 7.3344 2.5169 0.6271 0.5123 0.6769 
0.5077 0.5207 0.5728 0.5291 0.5291 2.4834 2.5000 0.6380 0.5508 67.6264 0.5953 0.6223 10.3199 7.2767 0.5872 0.5118 0.5680 0.6011 0.6416 
0.6755 0.6990 0.6575 0.6232 0.6084 0.5162 0.6979 0.5323 0.5658 8.4608 8.2995 8.2862 0.6195 0.6071 0.5628 0.6273 0.5380 0.5237 0.5503 
0.6287 0.6078 0.5381 0.5706 0.5096 0.5554 0.6500 0.5244 0.5307 0.5273 0.5727 0.6309 0.6472 0.5428 0.5602 0.6232 0.6353 0.5386 0.6429 
0.6309 0.5950 0.6064 0.5772 0.6865 0.6850 0.5089 0.6768 0.6405 0.6546 0.6056 0.6497 0.5693 0.5266 0.5123 0.6599 0.6151 0.5623 0.5519 
0.6883 0.5701 0.6894 0.6933 0.5161 0.5885 0.5187 0.5634 0.5501 0.6932 0.5700 0.6448 0.6473 0.5579 0.5754 0.5984 0.6794 0.6665 0.6212 
0.6705 0.5090 0.7001 0.6625 0.6828 0.6175 0.5421 0.5164 0.6034 54.5895 0.5872 0.5276 0.6034 0.5422 0.6285 0.6970 0.5272 0.6218 0.5280 
0.6653 0.5494 0.5385 0.6474 0.5067 0.6529 0.5899 2.2346 24.8534 54.6021 36.1192 4.5647 0.5374 0.6175 0.6492 0.6559 0.6980 0.5060 0.5874 
0.6324 0.5733 0.6797 0.6061 0.6385 0.6583 6.3415 17.5140 24.8610 0.5818 36.0511 7.3614 0.6524 0.5685 0.5166 0.5795 0.6775 0.5867 0.5670 
0.5105 0.6209 0.6720 0.5106 4.9789 6.3385 0.6238 0.6126 22.1167 0.6887 33.4070 0.6170 0.5925 0.6171 0.6707 0.6191 0.5478 0.5877 0.6764 
0.5863 0.5520 0.5317 3.2431 0.5516 3.5305 1.9313 0.6126 22.1227 0.6474 45.9750 0.6917 1.8552 0.5762 0.5584 0.5925 0.6413 0.5053 0.6166 
0.6384 0.5251 3.2988 3.3611 0.6279 0.6816 6.5176 6.5309 0.6772 29.5307 0.5440 33.8260 33.8539 0.6530 0.6117 0.6943 0.5581 0.6804 0.5885 
0.6895 0.6997 0.6331 3.3031 0.5762 5.2240 5.2281 0.6432 12.2188 17.0164 8.2319 0.5595 33.7670 1.8248 0.6331 0.6191 0.6749 0.6966 0.5601 
0.5478 0.6674 0.6850 3.3279 0.5573 0.6586 2.3424 0.5984 12.1545 0.5039 5.3062 0.5457 33.8587 0.6138 0.5132 0.6013 0.5936 0.5310 0.5182 
0.6436 0.6563 0.6077 3.3692 3.2201 3.2065 5.0039 0.6655 0.5336 16.9500 0.5239 0.6518 33.9456 3.4943 0.6034 0.5529 0.5293 0.5190 0.6701 
0.5613 0.6424 0.5653 0.5555 0.5142 0.5374 7.6593 5.0967 9.8336 21.6963 47.5180 33.9029 2.2648 0.6350 0.6672 0.5685 0.5187 0.6055 0.6747 
0.5090 0.5256 0.6004 0.5297 0.5121 5.9666 0.6230 0.6705 9.8500 0.6870 42.7378 0.6637 0.6917 0.5342 0.6797 0.5288 0.5142 0.6770 0.6532 
0.6769 0.5473 0.5150 0.6400 0.5509 6.0142 5.9897 0.5384 12.5989 0.5298 42.5517 0.5811 0.6216 0.6682 0.5727 0.5418 0.5808 0.5589 0.5089 
0.5884 0.6448 0.5791 0.6271 0.6285 0.6765 0.5837 5.9497 12.5237 0.4995 42.7267 5.0745 0.6360 0.5018 0.6093 0.6610 0.6588 0.6663 0.6592 
0.6995 0.6400 0.5066 0.5913 0.6483 0.5354 0.6828 0.6154 0.5728 54.4761 0.6443 0.6516 0.6674 0.5342 0.5308 0.6609 0.6848 0.5497 0.6849 
0.6702 0.6241 0.5434 0.6092 0.6177 0.6160 0.6369 0.5457 0.5737 54.5138 0.6885 0.6612 0.6075 0.5321 0.5375 0.6934 0.6461 0.5398 0.6881 
0.7006 0.5719 0.5444 0.6862 0.6270 0.6138 0.5360 0.5701 0.5720 2.3070 0.5801 0.5026 0.6604 0.5308 0.5462 0.6390 0.5036 0.6133 0.5212 
0.5887 0.6785 0.6655 0.5036 0.6814 0.6098 0.5886 0.4999 0.5166 0.5974 0.6502 0.6943 0.5101 0.6013 0.6870 0.5219 0.6828 0.5594 0.6078 
99
0
12
28 0 16 9 30 0 35 1 0 1
33 1 7 11 30 0 26 0 0 1
34 0 13 10 30 0 21 0 0 1
35 1 8 8 20 0 21 0 0 0
36 0 16 9 20 0 17 1 0 0
37 1 4 10 20 0 17 0 0 0
38 0 11 10 30 0 12 0 0 1
39 1 6 13 20 0 12 0 0 0
40 0 3 2 20 0 8 0 0 0
41 1 9 10 20 0 8 0 0 0
42 0 4 10 20 0 3 0 0 0
43 1 13 10 20 0 3 0 1 0
60 67
34 32 0 0 0 0
2
0 0 15 0
0 0 2 0
0
0.5229 0.5812 0.6523 0.6020 0.6282 0.5220 0.6178 0.5410 12.2133 0.5440 6.6404 0.5817 0.5038 0.6439 0.4936 0.6412 0.5544 0.6742 0.5725 
0.5484 0.6100 0.5897 0.5875 0.5423 0.5953 12.1581 12.2559 0.5135 18.3931 0.5284 0.5966 0.6250 0.6571 0.5312 0.4952 0.4958 0.6776 0.5446 
0.5611 0.5281 0.6144 0.6333 0.5614 12.1479 12.1206 0.5799 0.5018 85.5240 0.5628 0.6795 0.5776 0.6183 0.4915 0.5624 0.5020 0.5154 0.4961 
0.6014 0.5607 0.6299 0.6729 0.5142 0.5271 0.6107 3.0677 25.1470 83.1739 61.0687 6.4390 0.5551 0.5492 0.5883 0.6191 0.4899 0.5775 0.6746 
6.6609 6.7992 0.6659 0.5412 0.4931 0.5479 10.4244 17.5734 23.8980 0.5212 55.2308 6.3337 6.3887 0.5538 0.5678 0.5783 0.4922 0.6709 0.6026 
6.8233 6.8000 6.7482 0.4959 6.7794 10.4025 0.6782 0.5185 17.8082 0.5123 55.1004 0.6350 0.6301 6.4104 0.5846 0.5139 0.6390 0.4894 0.6157 
6.7848 0.5220 0.6637 6.6606 0.6781 4.3675 4.2830 0.6565 19.4065 0.4988 55.1145 0.5041 15.4727 6.3378 0.5726 0.5311 0.6491 0.6448 0.4959 
6.7765 0.5749 6.7527 6.8167 0.6477 0.5816 6.0072 2.3723 0.5156 56.0621 0.6170 14.2895 20.1804 0.5678 0.4880 0.5859 0.5792 0.5708 0.4996 
6.7179 6.7143 0.6053 6.6461 0.6260 4.2250 6.0941 0.6536 52.3865 54.3194 2.4365 0.4874 20.2021 17.2775 0.6349 0.5102 0.5150 0.5189 0.5761 
0.5264 0.6474 0.5850 6.7371 0.5744 0.4881 5.9722 0.6388 52.4013 0.6723 2.4394 0.6370 20.2978 0.6436 0.5719 0.5090 0.6463 0.5249 0.5572 
0.6729 0.5447 0.4979 6.7458 0.5771 1.7603 6.0687 0.5577 0.4875 54.3300 0.5511 0.6755 20.1120 0.4973 0.5600 0.5719 0.6066 0.4961 0.5757 
0.5211 0.5402 0.6115 6.7077 0.5614 0.5324 3.7005 7.8796 26.9204 67.2652 67.2384 10.5219 30.2965 0.6241 0.5849 0.6356 0.5802 0.5614 0.5187 
0.6064 0.5159 0.6624 6.6461 8.6013 2.3921 0.5090 0.5475 21.3860 0.6661 67.2273 0.5155 0.6784 30.2973 16.3632 0.6138 0.4967 0.5763 0.5114 
0.5713 0.5987 0.5484 0.5825 2.4186 6.6468 6.7600 0.6212 21.4296 0.4994 67.2046 0.5478 36.7317 36.6565 19.9186 0.5775 0.6479 0.6613 0.5567 
0.5838 0.5669 0.5212 0.5904 2.4020 0.5207 0.6646 18.4018 29.3903 0.5161 77.6958 48.2638 0.5614 0.4916 7.2061 0.5657 0.5228 0.5501 0.6500 
0.6641 0.6384 0.5548 2.5296 2.4245 0.5851 2.5529 2.4148 0.6780 85.6012 0.6164 8.5297 10.0827 0.4932 7.1174 2.4444 0.6113 0.4999 0.6596 
0.4955 0.5081 0.5586 0.5162 0.5162 2.4119 2.4280 0.6219 0.5373 85.6006 0.5804 0.6066 10.0133 7.0614 0.5726 0.4994 0.5540 0.5861 0.6254 
0.6582 0.6810 0.6408 0.6075 0.5931 0.5037 0.6800 0.5193 0.5518 8.2100 8.0535 8.0406 0.6039 0.5919 0.5489 0.6115 0.5249 0.5110 0.5368 
0.6128 0.5926 0.5250 0.5565 0.4973 0.5417 0.6335 0.5117 0.5178 0.5145 0.5585 0.6150 0.6308 0.5295 0.5464 0.6075 0.6192 0.5254 0.6266 
0.6150 0.5802 0.5912 0.5629 0.6689 0.6675 0.4966 0.6595 0.6243 0.6380 0.5904 0.6332 0.5552 0.5138 0.4999 0.6431 0.5996 0.5484 0.5383 
0.6707 0.5560 0.6717 0.6755 0.5036 0.5738 0.5061 0.5495 0.5366 0.6754 0.5559 0.6285 0.6309 0.5442 0.5611 0.5834 0.6620 0.6495 0.6056 
0.6534 0.4967 0.6821 0.6456 0.6653 0.6020 0.5288 0.5039 0.5883 52.9548 0.5726 0.5148 0.5883 0.5289 0.6126 0.6791 0.5144 0.6061 0.5152 
0.6483 0.5359 0.5253 0.6310 0.4945 0.6363 0.5752 2.1706 24.1108 52.9670 35.0386 4.4308 0.5243 0.6020 0.6327 0.6392 0.6801 0.4938 0.5728 
0.6164 0.5591 0.6623 0.5909 0.6223 0.6416 6.1543 16.9916 24.1182 0.5673 34.9726 7.1436 0.6358 0.5544 0.5041 0.5651 0.6602 0.5721 0.5530 
0.4982 0.6053 0.6548 0.4983 4.8325 6.1513 0.6081 0.5972 21.4562 0.6710 32.4078 0.6015 0.5777 0.6016 0.6536 0.6035 0.5344 0.5731 0.6591 
0.5717 0.5384 0.5187 3.1488 0.5381 3.4276 1.8764 0.5972 21.4620 0.6310 44.5988 0.6739 1.8025 0.5619 0.5446 0.5777 0.6251 0.4931 0.6011 
0.6222 0.5123 3.2028 3.2633 0.6121 0.6642 6.3251 6.3380 0.6599 28.6478 0.5307 32.8142 32.8413 0.6364 0.5963 0.6765 0.5444 0.6630 0.5738 
0.6718 0.6817 0.6171 3.2070 0.5619 5.0703 5.0743 0.6269 11.8552 16.5089 7.9879 0.5457 32.7570 1.7731 0.6171 0.6035 0.6577 0.6787 0.5463 
0.5344 0.6504 0.6675 3.2311 0.5436 0.6418 2.2751 0.5834 11.7929 0.4918 5.1500 0.5323 32.8459 0.5984 0.5008 0.5863 0.5788 0.5181 0.5057 
0.6273 0.6396 0.5925 3.2711 3.1265 3.1133 4.8568 0.6485 0.5206 16.4445 0.5112 0.6352 32.9302 3.3925 0.5883 0.5393 0.5164 0.5064 0.6530 
0.5475 0.6261 0.5513 0.5418 0.5018 0.5243 7.4325 4.9468 9.5416 21.0484 46.0955 32.8888 2.1999 0.6190 0.6502 0.5544 0.5061 0.5903 0.6575 
0.4967 0.5128 0.5854 0.5168 0.4997 5.7906 0.6073 0.6534 9.5575 0.6694 41.4587 0.6468 0.6739 0.5212 0.6623 0.5159 0.5018 0.6597 0.6366 
0.6596 0.5339 0.5026 0.6238 0.5374 5.8368 5.8130 0.5252 12.2239 0.5169 41.2781 0.5667 0.6060 0.6512 0.5585 0.5285 0.5664 0.5451 0.4966 
0.5737 0.6285 0.5647 0.6113 0.6126 0.6592 0.5692 5.7742 12.1510 0.4875 41.4479 4.9253 0.6199 0.4897 0.5940 0.6442 0.6420 0.6493 0.6424 
0.6815 0.6238 0.4944 0.5766 0.6319 0.5223 0.6653 0.5999 0.5586 52.8448 0.6280 0.6351 0.6504 0.5212 0.5179 0.6441 0.6673 0.5362 0.6674 
0.6531 0.6084 0.5301 0.5939 0.6022 0.6005 0.6208 0.5323 0.5595 52.8814 0.6708 0.6444 0.5923 0.5191 0.5244 0.6756 0.6297 0.5266 0.6705 
0.6826 0.5577 0.5311 0.6686 0.6112 0.5984 0.5229 0.5560 0.5578 2.2408 0.5657 0.4905 0.6436 0.5179 0.5328 0.6228 0.4915 0.5979 0.5086 
0.5740 0.6611 0.6485 0.4915 0.6640 0.5945 0.5739 0.4879 0.5041 0.5825 0.6337 0.6765 0.4978 0.5863 0.6694 0.5092 0.6653 0.5456 0.5926 
100
0
12
33 1 6 12 30 0 27 0 0 1
34 0 17 9 30 0 22 0 0 1
35 1 8 9 20 0 22 0 0 0
37 1 3 10 20 0 18 0 0 0
38 0 12 10 30 0 13 0 0 1
39 1 5 14 20 0 13 0 0 0
40 0 4 1 20 0 9 0 4 0
41 1 8 10 20 0 9 0 0 0
42 0 5 10 20 0 4 0 0 0
43 1 12 10 20 0 4 0 1 0
44 0 2 9 20 0 0 0 0 0
45 1 16 9 20 0 0 0 1 0
63 10
34 32 0 0 0 0
2
0 0 14 0
0 0 1 24
0
0.5102 0.5668 0.6357 0.5869 0.6124 0.5093 0.6023 0.5278 11.8499 0.5307 6.4442 0.5672 0.4917 0.6276 0.4818 0.6250 0.5408 0.6570 0.5583 
0.5349 0.5947 0.5750 0.5729 0.5290 0.5804 11.7964 11.8912 0.5011 17.8443 0.5155 0.5817 0.6093 0.6404 0.5183 0.4833 0.4839 0.6603 0.5313 
0.5473 0.5153 0.5990 0.6173 0.5476 11.7865 11.7600 0.5655 0.4897 82.9613 0.5489 0.6621 0.5633 0.6028 0.4798 0.5485 0.4899 0.5029 0.4842 
0.5864 0.5469 0.6140 0.6557 0.5018 0.5143 0.5954 2.9787 24.3956 80.6817 59.2396 6.2488 0.5414 0.5357 0.5737 0.6035 0.4782 0.5632 0.6574 
6.4641 6.5982 0.6489 0.5280 0.4813 0.5345 10.1147 17.0492 23.1841 0.5086 53.5769 6.1467 6.2000 0.5402 0.5538 0.5640 0.4804 0.6538 0.5875 
6.6216 6.5990 6.5488 0.4840 6.5790 10.0934 0.6609 0.5059 17.2770 0.4999 53.4504 0.6190 0.6142 6.2211 0.5701 0.5015 0.6228 0.4777 0.6002 
6.5843 0.5093 0.6468 6.4638 0.6608 4.2395 4.1575 0.6398 18.8273 0.4868 53.4641 0.4920 15.0115 6.1507 0.5584 0.5182 0.6326 0.6285 0.4840 
6.5762 0.5607 6.5531 6.6152 0.6313 0.5672 5.8300 2.3041 0.5031 54.3832 0.6015 13.8638 19.5780 0.5538 0.4764 0.5713 0.5648 0.5567 0.4876 
6.5194 6.5159 0.5901 6.4497 0.6102 4.1013 5.9143 0.6370 50.8179 52.6928 2.3664 0.4758 19.5990 16.7622 0.6189 0.4979 0.5026 0.5063 0.5618 
0.5136 0.6310 0.5705 6.5380 0.5602 0.4765 5.7960 0.6226 50.8323 0.6551 2.3692 0.6209 19.6919 0.6273 0.5577 0.4967 0.6299 0.5122 0.5435 
0.6557 0.5314 0.4860 6.5464 0.5628 1.7105 5.8896 0.5440 0.4759 52.7031 0.5376 0.6582 19.5116 0.4854 0.5462 0.5577 0.5914 0.4842 0.5614 
0.5085 0.5270 0.5962 6.5095 0.5476 0.5194 3.5925 7.6462 26.1158 65.2502 65.2242 10.2092 29.3906 0.6084 0.5704 0.6195 0.5658 0.5476 0.5061 
0.5912 0.5034 0.6455 6.4497 8.3463 2.3233 0.4967 0.5341 20.7474 0.6491 65.2135 0.5030 0.6610 29.3914 15.8753 0.5984 0.4848 0.5620 0.4991 
0.5572 0.5837 0.5349 0.5680 2.3490 6.4504 6.5602 0.6056 20.7897 0.4874 65.1915 0.5344 35.6327 35.5598 19.3240 0.5632 0.6315 0.6445 0.5430 
0.5693 0.5529 0.5086 0.5757 2.3329 0.5081 0.6477 17.8527 28.5116 0.5036 75.3679 46.8189 0.5476 0.4799 6.9929 0.5517 0.5101 0.5366 0.6335 
0.6472 0.6222 0.5412 2.4567 2.3548 0.5705 2.4793 2.3454 0.6607 83.0362 0.6009 8.2768 9.7832 0.4814 6.9069 2.3741 0.5960 0.4879 0.6428 
0.4836 0.4959 0.5448 0.5037 0.5037 2.3425 2.3582 0.6062 0.5242 83.0356 0.5660 0.5914 9.7159 6.8526 0.5584 0.4874 0.5404 0.5715 0.6096 
0.6415 0.6636 0.6246 0.5923 0.5783 0.4916 0.6626 0.5067 0.5382 7.9667 7.8149 7.8024 0.5888 0.5771 0.5354 0.5962 0.5122 0.4987 0.5237 
0.5974 0.5778 0.5123 0.5428 0.4854 0.5284 0.6175 0.4993 0.5053 0.5021 0.5447 0.5996 0.6149 0.5166 0.5330 0.5923 0.6036 0.5126 0.6108 
0.5996 0.5658 0.5765 0.5490 0.6518 0.6505 0.4847 0.6427 0.6086 0.6219 0.5757 0.6172 0.5415 0.5014 0.4879 0.6268 0.5846 0.5349 0.5252 
0.6536 0.5423 0.6545 0.6582 0.4915 0.5596 0.4939 0.5360 0.5235 0.6581 0.5422 0.6126 0.6150 0.5309 0.5473 0.5689 0.6451 0.6330 0.5904 
0.6368 0.4848 0.6646 0.6292 0.6483 0.5869 0.5159 0.4918 0.5737 51.3692 0.5584 0.5024 0.5737 0.5160 0.5972 0.6617 0.5020 0.5909 0.5027 
0.6319 0.5228 0.5125 0.6151 0.4827 0.6202 0.5609 2.1085 23.3905 51.3810 33.9904 4.3009 0.5116 0.5869 0.6167 0.6230 0.6627 0.4820 0.5586 
0.6009 0.5453 0.6454 0.5762 0.6066 0.6254 5.9727 16.4849 23.3977 0.5533 33.9264 6.9323 0.6197 0.5408 0.4920 0.5511 0.6434 0.5579 0.5394 
0.4863 0.5901 0.6382 0.4864 4.6905 5.9698 0.5929 0.5823 20.8155 0.6539 31.4386 0.5865 0.5634 0.5866 0.6370 0.5884 0.5214 0.5589 0.6423 
0.5575 0.5252 0.5061 3.0573 0.5250 3.3278 1.8231 0.5823 20.8211 0.6151 43.2638 0.6567 1.7514 0.5480 0.5313 0.5634 0.6093 0.4813 0.5861 
0.6065 0.4999 3.1097 3.1684 0.5967 0.6473 6.1383 6.1509 0.6431 27.7914 0.5178 31.8328 31.8591 0.6203 0.5814 0.6592 0.5311 0.6461 0.5596 
0.6546 0.6642 0.6016 3.1138 0.5480 4.9212 4.9251 0.6111 11.5025 16.0166 7.7513 0.5323 31.7773 1.7229 0.6016 0.5884 0.6410 0.6613 0.5329 
0.5214 0.6339 0.6505 3.1372 0.5303 0.6255 2.2098 0.5689 11.4421 0.4800 4.9985 0.5193 31.8635 0.5834 0.4888 0.5717 0.5644 0.5056 0.4935 
0.6115 0.6234 0.5777 3.1760 3.0357 3.0229 4.7141 0.6320 0.5080 15.9542 0.4989 0.6191 31.9453 3.2937 0.5737 0.5261 0.5039 0.4942 0.6364 
0.5341 0.6103 0.5378 0.5285 0.4897 0.5116 7.2125 4.8014 9.2584 20.4199 44.7156 31.9051 2.1369 0.6034 0.6337 0.5408 0.4939 0.5756 0.6408 
0.4848 0.5004 0.5708 0.5043 0.4877 5.6199 0.5921 0.6368 9.2738 0.6523 40.2179 0.6304 0.6567 0.5086 0.6454 0.5034 0.4897 0.6429 0.6205 
0.6428 0.5209 0.4905 0.6081 0.5243 5.6647 5.6416 0.5124 11.8602 0.5044 40.0428 0.5527 0.5908 0.6347 0.5447 0.5156 0.5524 0.5317 0.4847 
0.5595 0.6126 0.5508 0.5960 0.5972 0.6424 0.5551 5.6040 11.7895 0.4759 40.2075 4.7805 0.6043 0.4780 0.5792 0.6279 0.6257 0.6328 0.6261 
0.6641 0.6081 0.4826 0.5623 0.6159 0.5096 0.6483 0.5849 0.5448 51.2625 0.6122 0.6190 0.6339 0.5086 0.5054 0.6278 0.6503 0.5231 0.6504 
0.6365 0.5931 0.5172 0.5791 0.5871 0.5855 0.6052 0.5193 0.5457 51.2980 0.6537 0.6281 0.5775 0.5065 0.5117 0.6583 0.6138 0.5138 0.6534 
0.6651 0.5440 0.5182 0.6515 0.5959 0.5834 0.5102 0.5423 0.5441 2.1766 0.5517 0.4788 0.6273 0.5054 0.5198 0.6071 0.4798 0.5830 0.4963 
0.5598 0.6443 0.6320 0.4798 0.6471 0.5797 0.5597 0.4763 0.4920 0.5680 0.6177 0.6592 0.4859 0.5717 0.6523 0.4969 0.6483 0.5322 0.5778 
100
0
0
63 10
34 32 0 0 0 0
2
0 0 14 0
0 0 1 24
0
0.5102 0.5668 0.6357 0.5869 0.6124 0.5093 0.6023 0.5278 11.8499 0.5307 6.4442 0.5672 0.4917 0.6276 0.4818 0.6250 0.5408 0.6570 0.5583 
0.5349 0.5947 0.5750 0.5729 0.5290 0.5804 11.7964 11.8912 0.5011 17.8443 0.5155 0.5817 0.6093 0.6404 0.5183 0.4833 0.4839 0.6603 0.5313 
0.5473 0.5153 0.5990 0.6173 0.5476 11.7865 11.7600 0.5655 0.4897 82.9613 0.5489 0.6621 0.5633 0.6028 0.4798 0.5485 0.4899 0.5029 0.4842 
0.5864 0.5469 0.6140 0.6557 0.5018 0.5143 0.5954 2.9787 24.3956 80.6817 59.2396 6.2488 0.5414 0.5357 0.5737 0.6035 0.4782 0.5632 0.6574 
6.4641 6.5982 0.6489 0.5280 0.4813 0.5345 10.1147 17.0492 23.1841 0.5086 53.5769 6.1467 6.2000 0.5402 0.5538 0.5640 0.4804 0.6538 0.5875 
6.6216 6.5990 6.5488 0.4840 6.5790 10.0934 0.6609 0.5059 17.2770 0.4999 53.4504 0.6190 0.6142 6.2211 0.5701 0.5015 0.6228 0.4777 0.6002 
6.5843 0.5093 0.6468 6.4638 0.6608 4.2395 4.1575 0.6398 18.8273 0.4868 53.4641 0.4920 15.0115 6.1507 0.5584 0.5182 0.6326 0.6285 0.4840 
6.5762 0.5607 6.5531 6.6152 0.6313 0.5672 5.8300 2.3041 0.5031 54.3832 0.6015 13.8638 19.5780 0.5538 0.4764 0.5713 0.5648 0.5567 0.4876 
6.5194 6.5159 0.5901 6.4497 0.6102 4.1013 5.9143 0.6370 50.8179 52.6928 2.3664 0.4758 19.5990 16.7622 0.6189 0.4979 0.5026 0.5063 0.5618 
0.5136 0.6310 0.5705 6.5380 0.5602 0.4765 5.7960 0.6226 50.8323 0.6551 2.3692 0.6209 19.6919 0.6273 0.5577 0.4967 0.6299 0.5122 0.5435 
0.6557 0.5314 0.4860 6.5464 0.5628 1.7105 5.8896 0.5440 0.4759 52.7031 0.5376 0.6582 19.5116 0.4854 0.5462 0.5577 0.5914 0.4842 0.5614 
0.5085 0.5270 0.5962 6.5095 0.5476 0.5194 3.5925 7.6462 26.1158 65.2502 65.2242 10.2092 29.3906 0.6084 0.5704 0.6195 0.5658 0.5476 0.5061 
0.5912 0.5034 0.6455 6.4497 8.3463 2.3233 0.4967 0.5341 20.7474 0.6491 65.2135 0.5030 0.6610 29.3914 15.8753 0.5984 0.4848 0.5620 0.4991 
0.5572 0.5837 0.5349 0.5680 2.3490 6.4504 6.5602 0.6056 20.7897 0.4874 65.1915 0.5344 35.6327 35.5598 19.3240 0.5632 0.6315 0.6445 0.5430 
0.5693 0.5529 0.5086 0.5757 2.3329 0.5081 0.6477 17.8527 28.5116 0.5036 75.3679 46.8189 0.5476 0.4799 6.9929 0.5517 0.5101 0.5366 0.6335 
0.6472 0.6222 0.5412 2.4567 2.3548 0.5705 2.4793 2.3454 0.6607 83.0362 0.6009 8.2768 9.7832 0.4814 6.9069 2.3741 0.5960 0.4879 0.6428 
0.4836 0.4959 0.5448 0.5037 0.5037 2.3425 2.3582 0.6062 0.5242 83.0356 0.5660 0.5914 9.7159 6.8526 0.5584 0.4874 0.5404 0.5715 0.6096 
0.6415 0.6636 0.6246 0.5923 0.5783 0.4916 0.6626 0.5067 0.5382 7.9667 7.8149 7.8024 0.5888 0.5771 0.5354 0.5962 0.5122 0.4987 0.5237 
0.5974 0.5778 0.5123 0.5428 0.4854 0.5284 0.6175 0.4993 0.5053 0.5021 0.5447 0.5996 0.6149 0.5166 0.5330 0.5923 0.6036 0.5126 0.6108 
0.5996 0.5658 0.5765 0.5490 0.6518 0.6505 0.4847 0.6427 0.6086 0.6219 0.5757 0.6172 0.5415 0.5014 0.4879 0.6268 0.5846 0.5349 0.5252 
0.6536 0.5423 0.6545 0.6582 0.4915 0.5596 0.4939 0.5360 0.5235 0.6581 0.5422 0.6126 0.6150 0.5309 0.5473 0.5689 0.6451 0.6330 0.5904 
0.6368 0.4848 0.6646 0.6292 0.6483 0.5869 0.5159 0.4918 0.5737 51.3692 0.5584 0.5024 0.5737 0.5160 0.5972 0.6617 0.5020 0.5909 0.5027 
0.6319 0.5228 0.5125 0.6151 0.4827 0.6202 0.5609 2.1085 23.3905 51.3810 33.9904 4.3009 0.5116 0.5869 0.6167 0.6230 0.6627 0.4820 0.5586 
0.6009 0.5453 0.6454 0.5762 0.6066 0.6254 5.9727 16.4849 23.3977 0.5533 33.9264 6.9323 0.6197 0.5408 0.4920 0.5511 0.6434 0.5579 0.5394 
0.4863 0.5901 0.6382 0.4864 4.6905 5.9698 0.5929 0.5823 20.8155 0.6539 31.4386 0.5865 0.5634 0.5866 0.6370 0.5884 0.5214 0.5589 0.6423 
0.5575 0.5252 0.5061 3.0573 0.5250 3.3278 1.8231 0.5823 20.8211 0.6151 43.2638 0.6567 1.7514 0.5480 0.5313 0.5634 0.6093 0.4813 0.5861 
0.6065 0.4999 3.1097 3.1684 0.5967 0.6473 6.1383 6.1509 0.6431 27.7914 0.5178 31.8328 31.8591 0.6203 0.5814 0.6592 0.5311 0.6461 0.5596 
0.6546 0.6642 0.6016 3.1138 0.5480 4.9212 4.9251 0.6111 11.5025 16.0166 7.7513 0.5323 31.7773 1.7229 0.6016 0.5884 0.6410 0.6613 0.5329 
0.5214 0.6339 0.6505 3.1372 0.5303 0.6255 2.2098 0.5689 11.4421 0.4800 4.9985 0.5193 31.8635 0.5834 0.4888 0.5717 0.5644 0.5056 0.4935 
0.6115 0.6234 0.5777 3.1760 3.0357 3.0229 4.7141 0.6320 0.5080 15.9542 0.4989 0.6191 31.9453 3.2937 0.5737 0.5261 0.5039 0.4942 0.6364 
0.5341 0.6103 0.5378 0.5285 0.4897 0.5116 7.2125 4.8014 9.2584 20.4199 44.7156 31.9051 2.1369 0.6034 0.6337 0.5408 0.4939 0.5756 0.6408 
0.4848 0.5004 0.5708 0.5043 0.4877 5.6199 0.5921 0.6368 9.2738 0.6523 40.2179 0.6304 0.6567 0.5086 0.6454 0.5034 0.4897 0.6429 0.6205 
0.6428 0.5209 0.4905 0.6081 0.5243 5.6647 5.6416 0.5124 11.8602 0.5044 40.0428 0.5527 0.5908 0.6347 0.5447 0.5156 0.5524 0.5317 0.4847 
0.5595 0.6126 0.5508 0.5960 0.5972 0.6424 0.5551 5.6040 11.7895 0.4759 40.2075 4.7805 0.6043 0.4780 0.5792 0.6279 0.6257 0.6328 0.6261 
0.6641 0.6081 0.4826 0.5623 0.6159 0.5096 0.6483 0.5849 0.5448 51.2625 0.6122 0.6190 0.6339 0.5086 0.5054 0.6278 0.6503 0.5231 0.6504 
0.6365 0.5931 0.5172 0.5791 0.5871 0.5855 0.6052 0.5193 0.5457 51.2980 0.6537 0.6281 0.5775 0.5065 0.5117 0.6583 0.6138 0.5138 0.6534 
0.6651 0.5440 0.5182 0.6515 0.5959 0.5834 0.5102 0.5423 0.5441 2.1766 0.5517 0.4788 0.6273 0.5054 0.5198 0.6071 0.4798 0.5830 0.4963 
0.5598 0.6443 0.6320 0.4798 0.6471 0.5797 0.5597 0.4763 0.4920 0.5680 0.6177 0.6592 0.4859 0.5717 0.6523 0.4969 0.6483 0.5322 0.5778 
